state,instance,split,generation,group,fraction,policy,n,gain_per_budget
Mk01-101-0,Mk01,explore,0,R,0.25,conditional,5,0.0022117833143046454
Mk01-101-0,Mk01,explore,0,R,0.25,fixed,3,0.00048208278589935346
Mk01-101-0,Mk01,explore,0,R,0.25,shuffled,5,0.0022117833143046454
Mk01-101-0,Mk01,explore,0,R,0.5,conditional,3,0.0013319596554665905
Mk01-101-0,Mk01,explore,0,R,0.5,fixed,3,0.0013319596554665905
Mk01-101-0,Mk01,explore,0,R,0.5,shuffled,3,0.0013319596554665905
Mk01-101-0,Mk01,explore,0,S,0.25,conditional,5,0.0021999758106928226
Mk01-101-0,Mk01,explore,0,S,0.25,fixed,3,0.000971984645033585
Mk01-101-0,Mk01,explore,0,S,0.25,shuffled,3,0.000971984645033585
Mk01-101-0,Mk01,explore,0,S,0.5,conditional,5,0.0012901964675749097
Mk01-101-0,Mk01,explore,0,S,0.5,fixed,3,0.0014839563999165025
Mk01-101-0,Mk01,explore,0,S,0.5,shuffled,3,0.0014839563999165025
Mk01-101-0,Mk01,explore,0,A,0.25,conditional,3,0.0013662137917952114
Mk01-101-0,Mk01,explore,0,A,0.25,fixed,3,0.0013662137917952114
Mk01-101-0,Mk01,explore,0,A,0.25,shuffled,3,0.0013662137917952114
Mk01-101-0,Mk01,explore,0,A,0.5,conditional,3,0.0013542736573566912
Mk01-101-0,Mk01,explore,0,A,0.5,fixed,3,0.0013542736573566912
Mk01-101-0,Mk01,explore,0,A,0.5,shuffled,3,0.0013542736573566912
Mk01-101-0,Mk01,explore,0,C,0.25,conditional,3,0.0013662137917952114
Mk01-101-0,Mk01,explore,0,C,0.25,fixed,3,0.0013662137917952114
Mk01-101-0,Mk01,explore,0,C,0.25,shuffled,3,0.0013662137917952114
Mk01-101-0,Mk01,explore,0,C,0.5,conditional,3,0.0014839563999165025
Mk01-101-0,Mk01,explore,0,C,0.5,fixed,3,0.0014839563999165025
Mk01-101-0,Mk01,explore,0,C,0.5,shuffled,3,0.0014839563999165025
Mk01-101-0,Mk01,explore,0,W,0.25,conditional,5,0.0019504849889334507
Mk01-101-0,Mk01,explore,0,W,0.25,fixed,3,0.001905457769836585
Mk01-101-0,Mk01,explore,0,W,0.25,shuffled,3,0.001905457769836585
Mk01-101-0,Mk01,explore,0,W,0.5,conditional,3,0.001456111047010417
Mk01-101-0,Mk01,explore,0,W,0.5,fixed,3,0.001456111047010417
Mk01-101-0,Mk01,explore,0,W,0.5,shuffled,3,0.001456111047010417
Mk01-101-0,Mk01,explore,0,L,0.25,conditional,3,0.002268465237131481
Mk01-101-0,Mk01,explore,0,L,0.25,fixed,3,0.002268465237131481
Mk01-101-0,Mk01,explore,0,L,0.25,shuffled,5,0.0022152946694081284
Mk01-101-0,Mk01,explore,0,L,0.5,conditional,3,0.0014670244781211175
Mk01-101-0,Mk01,explore,0,L,0.5,fixed,3,0.0014670244781211175
Mk01-101-0,Mk01,explore,0,L,0.5,shuffled,3,0.0014670244781211175
Mk01-101-19,Mk01,explore,19,R,0.25,conditional,5,6.068768903002613e-05
Mk01-101-19,Mk01,explore,19,R,0.25,fixed,3,0.00021287167058028312
Mk01-101-19,Mk01,explore,19,R,0.25,shuffled,5,6.068768903002613e-05
Mk01-101-19,Mk01,explore,19,R,0.5,conditional,3,0.00020191748588022353
Mk01-101-19,Mk01,explore,19,R,0.5,fixed,3,0.00020191748588022353
Mk01-101-19,Mk01,explore,19,R,0.5,shuffled,3,0.00020191748588022353
Mk01-101-19,Mk01,explore,19,S,0.25,conditional,5,9.10315335450392e-05
Mk01-101-19,Mk01,explore,19,S,0.25,fixed,3,6.21164311838187e-05
Mk01-101-19,Mk01,explore,19,S,0.25,shuffled,3,6.21164311838187e-05
Mk01-101-19,Mk01,explore,19,S,0.5,conditional,5,0.00020211606037165856
Mk01-101-19,Mk01,explore,19,S,0.5,fixed,3,0.0003564555119753336
Mk01-101-19,Mk01,explore,19,S,0.5,shuffled,3,0.0003564555119753336
Mk01-101-19,Mk01,explore,19,A,0.25,conditional,3,0.0014743361378753946
Mk01-101-19,Mk01,explore,19,A,0.25,fixed,3,0.0014743361378753946
Mk01-101-19,Mk01,explore,19,A,0.25,shuffled,3,0.0014743361378753946
Mk01-101-19,Mk01,explore,19,A,0.5,conditional,3,0.0010613319523728934
Mk01-101-19,Mk01,explore,19,A,0.5,fixed,3,0.0010613319523728934
Mk01-101-19,Mk01,explore,19,A,0.5,shuffled,3,0.0010613319523728934
Mk01-101-19,Mk01,explore,19,C,0.25,conditional,3,0.0001683731779061553
Mk01-101-19,Mk01,explore,19,C,0.25,fixed,3,0.0001683731779061553
Mk01-101-19,Mk01,explore,19,C,0.25,shuffled,3,0.0001683731779061553
Mk01-101-19,Mk01,explore,19,C,0.5,conditional,3,0.001087400204846597
Mk01-101-19,Mk01,explore,19,C,0.5,fixed,3,0.001087400204846597
Mk01-101-19,Mk01,explore,19,C,0.5,shuffled,3,0.001087400204846597
Mk01-101-19,Mk01,explore,19,W,0.25,conditional,5,0.00033758388869459087
Mk01-101-19,Mk01,explore,19,W,0.25,fixed,3,0.00017152837284474545
Mk01-101-19,Mk01,explore,19,W,0.25,shuffled,3,0.00017152837284474545
Mk01-101-19,Mk01,explore,19,W,0.5,conditional,3,0.0010581003455673455
Mk01-101-19,Mk01,explore,19,W,0.5,fixed,3,0.0010581003455673455
Mk01-101-19,Mk01,explore,19,W,0.5,shuffled,3,0.0010581003455673455
Mk01-101-19,Mk01,explore,19,L,0.25,conditional,3,0.00021581963583137617
Mk01-101-19,Mk01,explore,19,L,0.25,fixed,3,0.00021581963583137617
Mk01-101-19,Mk01,explore,19,L,0.25,shuffled,5,0.0
Mk01-101-19,Mk01,explore,19,L,0.5,conditional,3,0.001087400204846597
Mk01-101-19,Mk01,explore,19,L,0.5,fixed,3,0.001087400204846597
Mk01-101-19,Mk01,explore,19,L,0.5,shuffled,3,0.001087400204846597
Mk01-101-9,Mk01,explore,9,R,0.25,conditional,5,0.0005369743954622188
Mk01-101-9,Mk01,explore,9,R,0.25,fixed,3,0.0018351822054290545
Mk01-101-9,Mk01,explore,9,R,0.25,shuffled,5,0.0005369743954622188
Mk01-101-9,Mk01,explore,9,R,0.5,conditional,3,0.0008746264185170963
Mk01-101-9,Mk01,explore,9,R,0.5,fixed,3,0.0008746264185170963
Mk01-101-9,Mk01,explore,9,R,0.5,shuffled,3,0.0008746264185170963
Mk01-101-9,Mk01,explore,9,S,0.25,conditional,5,0.0006703059594702891
Mk01-101-9,Mk01,explore,9,S,0.25,fixed,3,0.00036355425362936044
Mk01-101-9,Mk01,explore,9,S,0.25,shuffled,3,0.00036355425362936044
Mk01-101-9,Mk01,explore,9,S,0.5,conditional,5,0.0003730072310918549
Mk01-101-9,Mk01,explore,9,S,0.5,fixed,3,0.0014734517131930107
Mk01-101-9,Mk01,explore,9,S,0.5,shuffled,3,0.0014734517131930107
Mk01-101-9,Mk01,explore,9,A,0.25,conditional,3,0.0018647152253190658
Mk01-101-9,Mk01,explore,9,A,0.25,fixed,3,0.0018647152253190658
Mk01-101-9,Mk01,explore,9,A,0.25,shuffled,3,0.0018647152253190658
Mk01-101-9,Mk01,explore,9,A,0.5,conditional,3,0.002062401928190321
Mk01-101-9,Mk01,explore,9,A,0.5,fixed,3,0.002062401928190321
Mk01-101-9,Mk01,explore,9,A,0.5,shuffled,3,0.002062401928190321
Mk01-101-9,Mk01,explore,9,C,0.25,conditional,3,0.0011161630064155425
Mk01-101-9,Mk01,explore,9,C,0.25,fixed,3,0.0011161630064155425
Mk01-101-9,Mk01,explore,9,C,0.25,shuffled,3,0.0011161630064155425
Mk01-101-9,Mk01,explore,9,C,0.5,conditional,3,0.0022383575594617177
Mk01-101-9,Mk01,explore,9,C,0.5,fixed,3,0.0022383575594617177
Mk01-101-9,Mk01,explore,9,C,0.5,shuffled,3,0.0022383575594617177
Mk01-101-9,Mk01,explore,9,W,0.25,conditional,5,0.0009872070051805263
Mk01-101-9,Mk01,explore,9,W,0.25,fixed,3,0.0016660368797864207
Mk01-101-9,Mk01,explore,9,W,0.25,shuffled,3,0.0016660368797864207
Mk01-101-9,Mk01,explore,9,W,0.5,conditional,3,0.0007100021875149649
Mk01-101-9,Mk01,explore,9,W,0.5,fixed,3,0.0007100021875149649
Mk01-101-9,Mk01,explore,9,W,0.5,shuffled,3,0.0007100021875149649
Mk01-101-9,Mk01,explore,9,L,0.25,conditional,3,0.0016350965821487525
Mk01-101-9,Mk01,explore,9,L,0.25,fixed,3,0.0016350965821487525
Mk01-101-9,Mk01,explore,9,L,0.25,shuffled,5,0.00040365113444184426
Mk01-101-9,Mk01,explore,9,L,0.5,conditional,3,0.0018110666310326795
Mk01-101-9,Mk01,explore,9,L,0.5,fixed,3,0.0018110666310326795
Mk01-101-9,Mk01,explore,9,L,0.5,shuffled,3,0.0018110666310326795
Mk01-202-0,Mk01,explore,0,R,0.25,conditional,5,0.0015655321212247678
Mk01-202-0,Mk01,explore,0,R,0.25,fixed,3,0.0009411021851246732
Mk01-202-0,Mk01,explore,0,R,0.25,shuffled,5,0.0015655321212247678
Mk01-202-0,Mk01,explore,0,R,0.5,conditional,3,0.0015109106183121895
Mk01-202-0,Mk01,explore,0,R,0.5,fixed,3,0.0015109106183121895
Mk01-202-0,Mk01,explore,0,R,0.5,shuffled,3,0.0015109106183121895
Mk01-202-0,Mk01,explore,0,S,0.25,conditional,5,0.0007726578213037325
Mk01-202-0,Mk01,explore,0,S,0.25,fixed,3,0.0006803795103278125
Mk01-202-0,Mk01,explore,0,S,0.25,shuffled,3,0.0006803795103278125
Mk01-202-0,Mk01,explore,0,S,0.5,conditional,5,0.0016089341281924794
Mk01-202-0,Mk01,explore,0,S,0.5,fixed,3,0.0009070578562610643
Mk01-202-0,Mk01,explore,0,S,0.5,shuffled,3,0.0009070578562610643
Mk01-202-0,Mk01,explore,0,A,0.25,conditional,3,0.0009080599176499319
Mk01-202-0,Mk01,explore,0,A,0.25,fixed,3,0.0009080599176499319
Mk01-202-0,Mk01,explore,0,A,0.25,shuffled,3,0.0009080599176499319
Mk01-202-0,Mk01,explore,0,A,0.5,conditional,3,0.0013254065656753934
Mk01-202-0,Mk01,explore,0,A,0.5,fixed,3,0.0013254065656753934
Mk01-202-0,Mk01,explore,0,A,0.5,shuffled,3,0.0013254065656753934
Mk01-202-0,Mk01,explore,0,C,0.25,conditional,3,0.00180897839542583
Mk01-202-0,Mk01,explore,0,C,0.25,fixed,3,0.00180897839542583
Mk01-202-0,Mk01,explore,0,C,0.25,shuffled,3,0.00180897839542583
Mk01-202-0,Mk01,explore,0,C,0.5,conditional,3,0.001178036226678702
Mk01-202-0,Mk01,explore,0,C,0.5,fixed,3,0.001178036226678702
Mk01-202-0,Mk01,explore,0,C,0.5,shuffled,3,0.001178036226678702
Mk01-202-0,Mk01,explore,0,W,0.25,conditional,5,0.0021514810716061795
Mk01-202-0,Mk01,explore,0,W,0.25,fixed,3,0.001989016504238123
Mk01-202-0,Mk01,explore,0,W,0.25,shuffled,3,0.001989016504238123
Mk01-202-0,Mk01,explore,0,W,0.5,conditional,3,0.0010667389368854586
Mk01-202-0,Mk01,explore,0,W,0.5,fixed,3,0.0010667389368854586
Mk01-202-0,Mk01,explore,0,W,0.5,shuffled,3,0.0010667389368854586
Mk01-202-0,Mk01,explore,0,L,0.25,conditional,3,0.00173337854134096
Mk01-202-0,Mk01,explore,0,L,0.25,fixed,3,0.00173337854134096
Mk01-202-0,Mk01,explore,0,L,0.25,shuffled,5,0.0019738766873385275
Mk01-202-0,Mk01,explore,0,L,0.5,conditional,3,0.0017600618646099236
Mk01-202-0,Mk01,explore,0,L,0.5,fixed,3,0.0017600618646099236
Mk01-202-0,Mk01,explore,0,L,0.5,shuffled,3,0.0017600618646099236
Mk01-202-19,Mk01,explore,19,R,0.25,conditional,5,0.0
Mk01-202-19,Mk01,explore,19,R,0.25,fixed,3,0.0001306020112438602
Mk01-202-19,Mk01,explore,19,R,0.25,shuffled,5,0.0
Mk01-202-19,Mk01,explore,19,R,0.5,conditional,3,0.0008942881322819766
Mk01-202-19,Mk01,explore,19,R,0.5,fixed,3,0.0008942881322819766
Mk01-202-19,Mk01,explore,19,R,0.5,shuffled,3,0.0008942881322819766
Mk01-202-19,Mk01,explore,19,S,0.25,conditional,5,2.811982295748347e-06
Mk01-202-19,Mk01,explore,19,S,0.25,fixed,3,0.0
Mk01-202-19,Mk01,explore,19,S,0.25,shuffled,3,0.0
Mk01-202-19,Mk01,explore,19,S,0.5,conditional,5,9.045473604128609e-05
Mk01-202-19,Mk01,explore,19,S,0.5,fixed,3,3.371389596467083e-05
Mk01-202-19,Mk01,explore,19,S,0.5,shuffled,3,3.371389596467083e-05
Mk01-202-19,Mk01,explore,19,A,0.25,conditional,3,0.0017544109351027935
Mk01-202-19,Mk01,explore,19,A,0.25,fixed,3,0.0017544109351027935
Mk01-202-19,Mk01,explore,19,A,0.25,shuffled,3,0.0017544109351027935
Mk01-202-19,Mk01,explore,19,A,0.5,conditional,3,0.0009865366309840635
Mk01-202-19,Mk01,explore,19,A,0.5,fixed,3,0.0009865366309840635
Mk01-202-19,Mk01,explore,19,A,0.5,shuffled,3,0.0009865366309840635
Mk01-202-19,Mk01,explore,19,C,0.25,conditional,3,7.321787687683545e-06
Mk01-202-19,Mk01,explore,19,C,0.25,fixed,3,7.321787687683545e-06
Mk01-202-19,Mk01,explore,19,C,0.25,shuffled,3,7.321787687683545e-06
Mk01-202-19,Mk01,explore,19,C,0.5,conditional,3,0.0008942881322819766
Mk01-202-19,Mk01,explore,19,C,0.5,fixed,3,0.0008942881322819766
Mk01-202-19,Mk01,explore,19,C,0.5,shuffled,3,0.0008942881322819766
Mk01-202-19,Mk01,explore,19,W,0.25,conditional,5,5.623964591496694e-06
Mk01-202-19,Mk01,explore,19,W,0.25,fixed,3,0.000276745496106261
Mk01-202-19,Mk01,explore,19,W,0.25,shuffled,3,0.000276745496106261
Mk01-202-19,Mk01,explore,19,W,0.5,conditional,3,0.0008942881322819766
Mk01-202-19,Mk01,explore,19,W,0.5,fixed,3,0.0008942881322819766
Mk01-202-19,Mk01,explore,19,W,0.5,shuffled,3,0.0008942881322819766
Mk01-202-19,Mk01,explore,19,L,0.25,conditional,3,6.742779192934166e-05
Mk01-202-19,Mk01,explore,19,L,0.25,fixed,3,6.742779192934166e-05
Mk01-202-19,Mk01,explore,19,L,0.25,shuffled,5,5.623964591496694e-06
Mk01-202-19,Mk01,explore,19,L,0.5,conditional,3,0.0001340953442503371
Mk01-202-19,Mk01,explore,19,L,0.5,fixed,3,0.0001340953442503371
Mk01-202-19,Mk01,explore,19,L,0.5,shuffled,3,0.0001340953442503371
Mk01-202-9,Mk01,explore,9,R,0.25,conditional,5,2.0623084982121596e-06
Mk01-202-9,Mk01,explore,9,R,0.25,fixed,3,0.0001556176573139588
Mk01-202-9,Mk01,explore,9,R,0.25,shuffled,5,2.0623084982121596e-06
Mk01-202-9,Mk01,explore,9,R,0.5,conditional,3,0.0006068363944176349
Mk01-202-9,Mk01,explore,9,R,0.5,fixed,3,0.0006068363944176349
Mk01-202-9,Mk01,explore,9,R,0.5,shuffled,3,0.0006068363944176349
Mk01-202-9,Mk01,explore,9,S,0.25,conditional,5,0.0
Mk01-202-9,Mk01,explore,9,S,0.25,fixed,3,2.4255512048678134e-05
Mk01-202-9,Mk01,explore,9,S,0.25,shuffled,3,2.4255512048678134e-05
Mk01-202-9,Mk01,explore,9,S,0.5,conditional,5,0.0001550595091245418
Mk01-202-9,Mk01,explore,9,S,0.5,fixed,3,0.0003740125687670736
Mk01-202-9,Mk01,explore,9,S,0.5,shuffled,3,0.0003740125687670736
Mk01-202-9,Mk01,explore,9,A,0.25,conditional,3,0.0011377806227100943
Mk01-202-9,Mk01,explore,9,A,0.25,fixed,3,0.0011377806227100943
Mk01-202-9,Mk01,explore,9,A,0.25,shuffled,3,0.0011377806227100943
Mk01-202-9,Mk01,explore,9,A,0.5,conditional,3,0.002105010264167399
Mk01-202-9,Mk01,explore,9,A,0.5,fixed,3,0.002105010264167399
Mk01-202-9,Mk01,explore,9,A,0.5,shuffled,3,0.002105010264167399
Mk01-202-9,Mk01,explore,9,C,0.25,conditional,3,4.2814772483267925e-05
Mk01-202-9,Mk01,explore,9,C,0.25,fixed,3,4.2814772483267925e-05
Mk01-202-9,Mk01,explore,9,C,0.25,shuffled,3,4.2814772483267925e-05
Mk01-202-9,Mk01,explore,9,C,0.5,conditional,3,0.0016930929229306698
Mk01-202-9,Mk01,explore,9,C,0.5,fixed,3,0.0016930929229306698
Mk01-202-9,Mk01,explore,9,C,0.5,shuffled,3,0.0016930929229306698
Mk01-202-9,Mk01,explore,9,W,0.25,conditional,5,0.000266466564226783
Mk01-202-9,Mk01,explore,9,W,0.25,fixed,3,4.7921391909675825e-05
Mk01-202-9,Mk01,explore,9,W,0.25,shuffled,3,4.7921391909675825e-05
Mk01-202-9,Mk01,explore,9,W,0.5,conditional,3,0.002121902045868474
Mk01-202-9,Mk01,explore,9,W,0.5,fixed,3,0.002121902045868474
Mk01-202-9,Mk01,explore,9,W,0.5,shuffled,3,0.002121902045868474
Mk01-202-9,Mk01,explore,9,L,0.25,conditional,3,5.639278361773922e-05
Mk01-202-9,Mk01,explore,9,L,0.25,fixed,3,5.639278361773922e-05
Mk01-202-9,Mk01,explore,9,L,0.25,shuffled,5,0.000266466564226783
Mk01-202-9,Mk01,explore,9,L,0.5,conditional,3,0.0005182939042962332
Mk01-202-9,Mk01,explore,9,L,0.5,fixed,3,0.0005182939042962332
Mk01-202-9,Mk01,explore,9,L,0.5,shuffled,3,0.0005182939042962332
Mk01-303-0,Mk01,explore,0,R,0.25,conditional,5,0.001234227240871623
Mk01-303-0,Mk01,explore,0,R,0.25,fixed,3,0.0008890231945672772
Mk01-303-0,Mk01,explore,0,R,0.25,shuffled,5,0.001234227240871623
Mk01-303-0,Mk01,explore,0,R,0.5,conditional,3,0.0014811127151248603
Mk01-303-0,Mk01,explore,0,R,0.5,fixed,3,0.0014811127151248603
Mk01-303-0,Mk01,explore,0,R,0.5,shuffled,3,0.0014811127151248603
Mk01-303-0,Mk01,explore,0,S,0.25,conditional,5,0.0008198495146535885
Mk01-303-0,Mk01,explore,0,S,0.25,fixed,3,0.0014625306863477224
Mk01-303-0,Mk01,explore,0,S,0.25,shuffled,3,0.0014625306863477224
Mk01-303-0,Mk01,explore,0,S,0.5,conditional,5,0.0011074445837525651
Mk01-303-0,Mk01,explore,0,S,0.5,fixed,3,0.001719898624418276
Mk01-303-0,Mk01,explore,0,S,0.5,shuffled,3,0.001719898624418276
Mk01-303-0,Mk01,explore,0,A,0.25,conditional,3,0.00412205740789963
Mk01-303-0,Mk01,explore,0,A,0.25,fixed,3,0.00412205740789963
Mk01-303-0,Mk01,explore,0,A,0.25,shuffled,3,0.00412205740789963
Mk01-303-0,Mk01,explore,0,A,0.5,conditional,3,0.0018116088223319538
Mk01-303-0,Mk01,explore,0,A,0.5,fixed,3,0.0018116088223319538
Mk01-303-0,Mk01,explore,0,A,0.5,shuffled,3,0.0018116088223319538
Mk01-303-0,Mk01,explore,0,C,0.25,conditional,3,0.0023181690832388083
Mk01-303-0,Mk01,explore,0,C,0.25,fixed,3,0.0023181690832388083
Mk01-303-0,Mk01,explore,0,C,0.25,shuffled,3,0.0023181690832388083
Mk01-303-0,Mk01,explore,0,C,0.5,conditional,3,0.0017679165780669288
Mk01-303-0,Mk01,explore,0,C,0.5,fixed,3,0.0017679165780669288
Mk01-303-0,Mk01,explore,0,C,0.5,shuffled,3,0.0017679165780669288
Mk01-303-0,Mk01,explore,0,W,0.25,conditional,5,0.0019439509618094323
Mk01-303-0,Mk01,explore,0,W,0.25,fixed,3,0.00412205740789963
Mk01-303-0,Mk01,explore,0,W,0.25,shuffled,3,0.00412205740789963
Mk01-303-0,Mk01,explore,0,W,0.5,conditional,3,0.0015309349908655913
Mk01-303-0,Mk01,explore,0,W,0.5,fixed,3,0.0015309349908655913
Mk01-303-0,Mk01,explore,0,W,0.5,shuffled,3,0.0015309349908655913
Mk01-303-0,Mk01,explore,0,L,0.25,conditional,3,0.0012840221210500297
Mk01-303-0,Mk01,explore,0,L,0.25,fixed,3,0.0012840221210500297
Mk01-303-0,Mk01,explore,0,L,0.25,shuffled,5,0.0014023219794053845
Mk01-303-0,Mk01,explore,0,L,0.5,conditional,3,0.0017193256552621588
Mk01-303-0,Mk01,explore,0,L,0.5,fixed,3,0.0017193256552621588
Mk01-303-0,Mk01,explore,0,L,0.5,shuffled,3,0.0017193256552621588
Mk01-303-19,Mk01,explore,19,R,0.25,conditional,5,0.00011240121356873507
Mk01-303-19,Mk01,explore,19,R,0.25,fixed,3,0.000708654126731898
Mk01-303-19,Mk01,explore,19,R,0.25,shuffled,5,0.00011240121356873507
Mk01-303-19,Mk01,explore,19,R,0.5,conditional,3,0.00013486068029370247
Mk01-303-19,Mk01,explore,19,R,0.5,fixed,3,0.00013486068029370247
Mk01-303-19,Mk01,explore,19,R,0.5,shuffled,3,0.00013486068029370247
Mk01-303-19,Mk01,explore,19,S,0.25,conditional,5,0.000433518189120887
Mk01-303-19,Mk01,explore,19,S,0.25,fixed,3,0.0
Mk01-303-19,Mk01,explore,19,S,0.25,shuffled,3,0.0
Mk01-303-19,Mk01,explore,19,S,0.5,conditional,5,6.37758965417468e-05
Mk01-303-19,Mk01,explore,19,S,0.5,fixed,3,0.00031232897040775514
Mk01-303-19,Mk01,explore,19,S,0.5,shuffled,3,0.00031232897040775514
Mk01-303-19,Mk01,explore,19,A,0.25,conditional,3,0.00031733573806763454
Mk01-303-19,Mk01,explore,19,A,0.25,fixed,3,0.00031733573806763454
Mk01-303-19,Mk01,explore,19,A,0.25,shuffled,3,0.00031733573806763454
Mk01-303-19,Mk01,explore,19,A,0.5,conditional,3,0.0004995875496253018
Mk01-303-19,Mk01,explore,19,A,0.5,fixed,3,0.0004995875496253018
Mk01-303-19,Mk01,explore,19,A,0.5,shuffled,3,0.0004995875496253018
Mk01-303-19,Mk01,explore,19,C,0.25,conditional,3,0.0005723627178226841
Mk01-303-19,Mk01,explore,19,C,0.25,fixed,3,0.0005723627178226841
Mk01-303-19,Mk01,explore,19,C,0.25,shuffled,3,0.0005723627178226841
Mk01-303-19,Mk01,explore,19,C,0.5,conditional,3,0.0004998264433318641
Mk01-303-19,Mk01,explore,19,C,0.5,fixed,3,0.0004998264433318641
Mk01-303-19,Mk01,explore,19,C,0.5,shuffled,3,0.0004998264433318641
Mk01-303-19,Mk01,explore,19,W,0.25,conditional,5,2.792438213314933e-05
Mk01-303-19,Mk01,explore,19,W,0.25,fixed,3,0.0006114502349073524
Mk01-303-19,Mk01,explore,19,W,0.25,shuffled,3,0.0006114502349073524
Mk01-303-19,Mk01,explore,19,W,0.5,conditional,3,0.0003096456882324026
Mk01-303-19,Mk01,explore,19,W,0.5,fixed,3,0.0003096456882324026
Mk01-303-19,Mk01,explore,19,W,0.5,shuffled,3,0.0003096456882324026
Mk01-303-19,Mk01,explore,19,L,0.25,conditional,3,0.00010417346105701167
Mk01-303-19,Mk01,explore,19,L,0.25,fixed,3,0.00010417346105701167
Mk01-303-19,Mk01,explore,19,L,0.25,shuffled,5,0.0
Mk01-303-19,Mk01,explore,19,L,0.5,conditional,3,0.00012272976727838321
Mk01-303-19,Mk01,explore,19,L,0.5,fixed,3,0.00012272976727838321
Mk01-303-19,Mk01,explore,19,L,0.5,shuffled,3,0.00012272976727838321
Mk01-303-9,Mk01,explore,9,R,0.25,conditional,5,0.0009817271468250365
Mk01-303-9,Mk01,explore,9,R,0.25,fixed,3,0.0008290930628727755
Mk01-303-9,Mk01,explore,9,R,0.25,shuffled,5,0.0009817271468250365
Mk01-303-9,Mk01,explore,9,R,0.5,conditional,3,0.0007814177161242804
Mk01-303-9,Mk01,explore,9,R,0.5,fixed,3,0.0007814177161242804
Mk01-303-9,Mk01,explore,9,R,0.5,shuffled,3,0.0007814177161242804
Mk01-303-9,Mk01,explore,9,S,0.25,conditional,5,0.000863155412639114
Mk01-303-9,Mk01,explore,9,S,0.25,fixed,3,4.74975763475781e-06
Mk01-303-9,Mk01,explore,9,S,0.25,shuffled,3,4.74975763475781e-06
Mk01-303-9,Mk01,explore,9,S,0.5,conditional,5,0.0009218506080532811
Mk01-303-9,Mk01,explore,9,S,0.5,fixed,3,0.0007814177161242804
Mk01-303-9,Mk01,explore,9,S,0.5,shuffled,3,0.0007814177161242804
Mk01-303-9,Mk01,explore,9,A,0.25,conditional,3,0.0013843579770579548
Mk01-303-9,Mk01,explore,9,A,0.25,fixed,3,0.0013843579770579548
Mk01-303-9,Mk01,explore,9,A,0.25,shuffled,3,0.0013843579770579548
Mk01-303-9,Mk01,explore,9,A,0.5,conditional,3,0.0006253078692005882
Mk01-303-9,Mk01,explore,9,A,0.5,fixed,3,0.0006253078692005882
Mk01-303-9,Mk01,explore,9,A,0.5,shuffled,3,0.0006253078692005882
Mk01-303-9,Mk01,explore,9,C,0.25,conditional,3,0.000934399485574814
Mk01-303-9,Mk01,explore,9,C,0.25,fixed,3,0.000934399485574814
Mk01-303-9,Mk01,explore,9,C,0.25,shuffled,3,0.000934399485574814
Mk01-303-9,Mk01,explore,9,C,0.5,conditional,3,0.0009476282816978126
Mk01-303-9,Mk01,explore,9,C,0.5,fixed,3,0.0009476282816978126
Mk01-303-9,Mk01,explore,9,C,0.5,shuffled,3,0.0009476282816978126
Mk01-303-9,Mk01,explore,9,W,0.25,conditional,5,0.0013655096874966481
Mk01-303-9,Mk01,explore,9,W,0.25,fixed,3,0.0006444236645929444
Mk01-303-9,Mk01,explore,9,W,0.25,shuffled,3,0.0006444236645929444
Mk01-303-9,Mk01,explore,9,W,0.5,conditional,3,0.0006253078692005882
Mk01-303-9,Mk01,explore,9,W,0.5,fixed,3,0.0006253078692005882
Mk01-303-9,Mk01,explore,9,W,0.5,shuffled,3,0.0006253078692005882
Mk01-303-9,Mk01,explore,9,L,0.25,conditional,3,0.0010720098402574596
Mk01-303-9,Mk01,explore,9,L,0.25,fixed,3,0.0010720098402574596
Mk01-303-9,Mk01,explore,9,L,0.25,shuffled,5,0.0011438289473189658
Mk01-303-9,Mk01,explore,9,L,0.5,conditional,3,0.0009072286376920526
Mk01-303-9,Mk01,explore,9,L,0.5,fixed,3,0.0009072286376920526
Mk01-303-9,Mk01,explore,9,L,0.5,shuffled,3,0.0009072286376920526
Mk02-101-0,Mk02,explore,0,R,0.25,conditional,5,0.0019774247806060154
Mk02-101-0,Mk02,explore,0,R,0.25,fixed,3,0.0005676702581442001
Mk02-101-0,Mk02,explore,0,R,0.25,shuffled,5,0.0019774247806060154
Mk02-101-0,Mk02,explore,0,R,0.5,conditional,3,0.00228150231912732
Mk02-101-0,Mk02,explore,0,R,0.5,fixed,3,0.00228150231912732
Mk02-101-0,Mk02,explore,0,R,0.5,shuffled,3,0.00228150231912732
Mk02-101-0,Mk02,explore,0,S,0.25,conditional,5,0.0024228536687465408
Mk02-101-0,Mk02,explore,0,S,0.25,fixed,3,0.0011148951734161279
Mk02-101-0,Mk02,explore,0,S,0.25,shuffled,3,0.0011148951734161279
Mk02-101-0,Mk02,explore,0,S,0.5,conditional,5,0.0017146391245570329
Mk02-101-0,Mk02,explore,0,S,0.5,fixed,3,0.001983413565830763
Mk02-101-0,Mk02,explore,0,S,0.5,shuffled,3,0.001983413565830763
Mk02-101-0,Mk02,explore,0,A,0.25,conditional,3,0.0012469010170535445
Mk02-101-0,Mk02,explore,0,A,0.25,fixed,3,0.0012469010170535445
Mk02-101-0,Mk02,explore,0,A,0.25,shuffled,3,0.0012469010170535445
Mk02-101-0,Mk02,explore,0,A,0.5,conditional,3,0.0027051219467527764
Mk02-101-0,Mk02,explore,0,A,0.5,fixed,3,0.0027051219467527764
Mk02-101-0,Mk02,explore,0,A,0.5,shuffled,3,0.0027051219467527764
Mk02-101-0,Mk02,explore,0,C,0.25,conditional,3,0.0007466196146205421
Mk02-101-0,Mk02,explore,0,C,0.25,fixed,3,0.0007466196146205421
Mk02-101-0,Mk02,explore,0,C,0.25,shuffled,3,0.0007466196146205421
Mk02-101-0,Mk02,explore,0,C,0.5,conditional,3,0.0028754815495314772
Mk02-101-0,Mk02,explore,0,C,0.5,fixed,3,0.0028754815495314772
Mk02-101-0,Mk02,explore,0,C,0.5,shuffled,3,0.0028754815495314772
Mk02-101-0,Mk02,explore,0,W,0.25,conditional,5,0.0024276432432767023
Mk02-101-0,Mk02,explore,0,W,0.25,fixed,3,0.00122943416930857
Mk02-101-0,Mk02,explore,0,W,0.25,shuffled,3,0.00122943416930857
Mk02-101-0,Mk02,explore,0,W,0.5,conditional,3,0.0006912253381219923
Mk02-101-0,Mk02,explore,0,W,0.5,fixed,3,0.0006912253381219923
Mk02-101-0,Mk02,explore,0,W,0.5,shuffled,3,0.0006912253381219923
Mk02-101-0,Mk02,explore,0,L,0.25,conditional,3,0.0005151630272198119
Mk02-101-0,Mk02,explore,0,L,0.25,fixed,3,0.0005151630272198119
Mk02-101-0,Mk02,explore,0,L,0.25,shuffled,5,0.0016645252868000733
Mk02-101-0,Mk02,explore,0,L,0.5,conditional,3,0.0022221511859912067
Mk02-101-0,Mk02,explore,0,L,0.5,fixed,3,0.0022221511859912067
Mk02-101-0,Mk02,explore,0,L,0.5,shuffled,3,0.0022221511859912067
Mk02-101-19,Mk02,explore,19,R,0.25,conditional,5,0.000515115899674918
Mk02-101-19,Mk02,explore,19,R,0.25,fixed,3,0.0010408543591334102
Mk02-101-19,Mk02,explore,19,R,0.25,shuffled,5,0.000515115899674918
Mk02-101-19,Mk02,explore,19,R,0.5,conditional,3,1.8598356334494053e-06
Mk02-101-19,Mk02,explore,19,R,0.5,fixed,3,1.8598356334494053e-06
Mk02-101-19,Mk02,explore,19,R,0.5,shuffled,3,1.8598356334494053e-06
Mk02-101-19,Mk02,explore,19,S,0.25,conditional,5,0.0001691984736743302
Mk02-101-19,Mk02,explore,19,S,0.25,fixed,3,7.625616686019062e-05
Mk02-101-19,Mk02,explore,19,S,0.25,shuffled,3,7.625616686019062e-05
Mk02-101-19,Mk02,explore,19,S,0.5,conditional,5,0.00023892394239832674
Mk02-101-19,Mk02,explore,19,S,0.5,fixed,3,3.3375787305779075e-05
Mk02-101-19,Mk02,explore,19,S,0.5,shuffled,3,3.3375787305779075e-05
Mk02-101-19,Mk02,explore,19,A,0.25,conditional,3,0.0006256931904003351
Mk02-101-19,Mk02,explore,19,A,0.25,fixed,3,0.0006256931904003351
Mk02-101-19,Mk02,explore,19,A,0.25,shuffled,3,0.0006256931904003351
Mk02-101-19,Mk02,explore,19,A,0.5,conditional,3,8.644957139134174e-05
Mk02-101-19,Mk02,explore,19,A,0.5,fixed,3,8.644957139134174e-05
Mk02-101-19,Mk02,explore,19,A,0.5,shuffled,3,8.644957139134174e-05
Mk02-101-19,Mk02,explore,19,C,0.25,conditional,3,0.0001287221592478465
Mk02-101-19,Mk02,explore,19,C,0.25,fixed,3,0.0001287221592478465
Mk02-101-19,Mk02,explore,19,C,0.25,shuffled,3,0.0001287221592478465
Mk02-101-19,Mk02,explore,19,C,0.5,conditional,3,3.537868721872468e-05
Mk02-101-19,Mk02,explore,19,C,0.5,fixed,3,3.537868721872468e-05
Mk02-101-19,Mk02,explore,19,C,0.5,shuffled,3,3.537868721872468e-05
Mk02-101-19,Mk02,explore,19,W,0.25,conditional,5,0.00019633537258078533
Mk02-101-19,Mk02,explore,19,W,0.25,fixed,3,8.110981341161714e-05
Mk02-101-19,Mk02,explore,19,W,0.25,shuffled,3,8.110981341161714e-05
Mk02-101-19,Mk02,explore,19,W,0.5,conditional,3,9.01006910243146e-05
Mk02-101-19,Mk02,explore,19,W,0.5,fixed,3,9.01006910243146e-05
Mk02-101-19,Mk02,explore,19,W,0.5,shuffled,3,9.01006910243146e-05
Mk02-101-19,Mk02,explore,19,L,0.25,conditional,3,0.0002038646235864807
Mk02-101-19,Mk02,explore,19,L,0.25,fixed,3,0.0002038646235864807
Mk02-101-19,Mk02,explore,19,L,0.25,shuffled,5,6.34504993724317e-05
Mk02-101-19,Mk02,explore,19,L,0.5,conditional,3,3.117609090685838e-05
Mk02-101-19,Mk02,explore,19,L,0.5,fixed,3,3.117609090685838e-05
Mk02-101-19,Mk02,explore,19,L,0.5,shuffled,3,3.117609090685838e-05
Mk02-101-9,Mk02,explore,9,R,0.25,conditional,5,1.134321535859969e-05
Mk02-101-9,Mk02,explore,9,R,0.25,fixed,3,0.0003945858952154223
Mk02-101-9,Mk02,explore,9,R,0.25,shuffled,5,1.134321535859969e-05
Mk02-101-9,Mk02,explore,9,R,0.5,conditional,3,0.0008737761594060003
Mk02-101-9,Mk02,explore,9,R,0.5,fixed,3,0.0008737761594060003
Mk02-101-9,Mk02,explore,9,R,0.5,shuffled,3,0.0008737761594060003
Mk02-101-9,Mk02,explore,9,S,0.25,conditional,5,1.7337809174652207e-05
Mk02-101-9,Mk02,explore,9,S,0.25,fixed,3,0.00042588911986760677
Mk02-101-9,Mk02,explore,9,S,0.25,shuffled,3,0.00042588911986760677
Mk02-101-9,Mk02,explore,9,S,0.5,conditional,5,2.6768521123024438e-05
Mk02-101-9,Mk02,explore,9,S,0.5,fixed,3,0.0009002423022658666
Mk02-101-9,Mk02,explore,9,S,0.5,shuffled,3,0.0009002423022658666
Mk02-101-9,Mk02,explore,9,A,0.25,conditional,3,0.001303285104954697
Mk02-101-9,Mk02,explore,9,A,0.25,fixed,3,0.001303285104954697
Mk02-101-9,Mk02,explore,9,A,0.25,shuffled,3,0.001303285104954697
Mk02-101-9,Mk02,explore,9,A,0.5,conditional,3,0.0008865799647922471
Mk02-101-9,Mk02,explore,9,A,0.5,fixed,3,0.0008865799647922471
Mk02-101-9,Mk02,explore,9,A,0.5,shuffled,3,0.0008865799647922471
Mk02-101-9,Mk02,explore,9,C,0.25,conditional,3,0.00012324348443774392
Mk02-101-9,Mk02,explore,9,C,0.25,fixed,3,0.00012324348443774392
Mk02-101-9,Mk02,explore,9,C,0.25,shuffled,3,0.00012324348443774392
Mk02-101-9,Mk02,explore,9,C,0.5,conditional,3,0.0009112606476481431
Mk02-101-9,Mk02,explore,9,C,0.5,fixed,3,0.0009112606476481431
Mk02-101-9,Mk02,explore,9,C,0.5,shuffled,3,0.0009112606476481431
Mk02-101-9,Mk02,explore,9,W,0.25,conditional,5,1.134321535859969e-05
Mk02-101-9,Mk02,explore,9,W,0.25,fixed,3,7.97708933479581e-05
Mk02-101-9,Mk02,explore,9,W,0.25,shuffled,3,7.97708933479581e-05
Mk02-101-9,Mk02,explore,9,W,0.5,conditional,3,0.0004228074749640059
Mk02-101-9,Mk02,explore,9,W,0.5,fixed,3,0.0004228074749640059
Mk02-101-9,Mk02,explore,9,W,0.5,shuffled,3,0.0004228074749640059
Mk02-101-9,Mk02,explore,9,L,0.25,conditional,3,0.0006868381588275059
Mk02-101-9,Mk02,explore,9,L,0.25,fixed,3,0.0006868381588275059
Mk02-101-9,Mk02,explore,9,L,0.25,shuffled,5,1.3384260561512219e-05
Mk02-101-9,Mk02,explore,9,L,0.5,conditional,3,0.0010905346405986384
Mk02-101-9,Mk02,explore,9,L,0.5,fixed,3,0.0010905346405986384
Mk02-101-9,Mk02,explore,9,L,0.5,shuffled,3,0.0010905346405986384
Mk02-202-0,Mk02,explore,0,R,0.25,conditional,5,0.0016305968465716268
Mk02-202-0,Mk02,explore,0,R,0.25,fixed,3,0.001832865378552798
Mk02-202-0,Mk02,explore,0,R,0.25,shuffled,5,0.0016305968465716268
Mk02-202-0,Mk02,explore,0,R,0.5,conditional,3,0.0018586222960971465
Mk02-202-0,Mk02,explore,0,R,0.5,fixed,3,0.0018586222960971465
Mk02-202-0,Mk02,explore,0,R,0.5,shuffled,3,0.0018586222960971465
Mk02-202-0,Mk02,explore,0,S,0.25,conditional,5,0.0018227960603071378
Mk02-202-0,Mk02,explore,0,S,0.25,fixed,3,1.2766935845137705e-05
Mk02-202-0,Mk02,explore,0,S,0.25,shuffled,3,1.2766935845137705e-05
Mk02-202-0,Mk02,explore,0,S,0.5,conditional,5,0.0014007460381308976
Mk02-202-0,Mk02,explore,0,S,0.5,fixed,3,0.001875690494847754
Mk02-202-0,Mk02,explore,0,S,0.5,shuffled,3,0.001875690494847754
Mk02-202-0,Mk02,explore,0,A,0.25,conditional,3,0.003299423934756664
Mk02-202-0,Mk02,explore,0,A,0.25,fixed,3,0.003299423934756664
Mk02-202-0,Mk02,explore,0,A,0.25,shuffled,3,0.003299423934756664
Mk02-202-0,Mk02,explore,0,A,0.5,conditional,3,0.001832134694553773
Mk02-202-0,Mk02,explore,0,A,0.5,fixed,3,0.001832134694553773
Mk02-202-0,Mk02,explore,0,A,0.5,shuffled,3,0.001832134694553773
Mk02-202-0,Mk02,explore,0,C,0.25,conditional,3,0.0022172843082910176
Mk02-202-0,Mk02,explore,0,C,0.25,fixed,3,0.0022172843082910176
Mk02-202-0,Mk02,explore,0,C,0.25,shuffled,3,0.0022172843082910176
Mk02-202-0,Mk02,explore,0,C,0.5,conditional,3,0.001875690494847754
Mk02-202-0,Mk02,explore,0,C,0.5,fixed,3,0.001875690494847754
Mk02-202-0,Mk02,explore,0,C,0.5,shuffled,3,0.001875690494847754
Mk02-202-0,Mk02,explore,0,W,0.25,conditional,5,0.0018227960603071378
Mk02-202-0,Mk02,explore,0,W,0.25,fixed,3,0.0010494168914898284
Mk02-202-0,Mk02,explore,0,W,0.25,shuffled,3,0.0010494168914898284
Mk02-202-0,Mk02,explore,0,W,0.5,conditional,3,0.001832134694553773
Mk02-202-0,Mk02,explore,0,W,0.5,fixed,3,0.001832134694553773
Mk02-202-0,Mk02,explore,0,W,0.5,shuffled,3,0.001832134694553773
Mk02-202-0,Mk02,explore,0,L,0.25,conditional,3,0.0008294055413569154
Mk02-202-0,Mk02,explore,0,L,0.25,fixed,3,0.0008294055413569154
Mk02-202-0,Mk02,explore,0,L,0.25,shuffled,5,0.002252407160649315
Mk02-202-0,Mk02,explore,0,L,0.5,conditional,3,0.0010926906056688134
Mk02-202-0,Mk02,explore,0,L,0.5,fixed,3,0.0010926906056688134
Mk02-202-0,Mk02,explore,0,L,0.5,shuffled,3,0.0010926906056688134
Mk02-202-19,Mk02,explore,19,R,0.25,conditional,5,0.00042204833294484065
Mk02-202-19,Mk02,explore,19,R,0.25,fixed,3,0.0007102277467330474
Mk02-202-19,Mk02,explore,19,R,0.25,shuffled,5,0.00042204833294484065
Mk02-202-19,Mk02,explore,19,R,0.5,conditional,3,0.0008751733666091695
Mk02-202-19,Mk02,explore,19,R,0.5,fixed,3,0.0008751733666091695
Mk02-202-19,Mk02,explore,19,R,0.5,shuffled,3,0.0008751733666091695
Mk02-202-19,Mk02,explore,19,S,0.25,conditional,5,0.00037254520990871205
Mk02-202-19,Mk02,explore,19,S,0.25,fixed,3,0.0005598429558963338
Mk02-202-19,Mk02,explore,19,S,0.25,shuffled,3,0.0005598429558963338
Mk02-202-19,Mk02,explore,19,S,0.5,conditional,5,0.0010501455584025973
Mk02-202-19,Mk02,explore,19,S,0.5,fixed,3,0.0008345489895160502
Mk02-202-19,Mk02,explore,19,S,0.5,shuffled,3,0.0008345489895160502
Mk02-202-19,Mk02,explore,19,A,0.25,conditional,3,0.0006168845872745054
Mk02-202-19,Mk02,explore,19,A,0.25,fixed,3,0.0006168845872745054
Mk02-202-19,Mk02,explore,19,A,0.25,shuffled,3,0.0006168845872745054
Mk02-202-19,Mk02,explore,19,A,0.5,conditional,3,0.0008635260324582894
Mk02-202-19,Mk02,explore,19,A,0.5,fixed,3,0.0008635260324582894
Mk02-202-19,Mk02,explore,19,A,0.5,shuffled,3,0.0008635260324582894
Mk02-202-19,Mk02,explore,19,C,0.25,conditional,3,0.00016276967348967177
Mk02-202-19,Mk02,explore,19,C,0.25,fixed,3,0.00016276967348967177
Mk02-202-19,Mk02,explore,19,C,0.25,shuffled,3,0.00016276967348967177
Mk02-202-19,Mk02,explore,19,C,0.5,conditional,3,0.0008635260324582894
Mk02-202-19,Mk02,explore,19,C,0.5,fixed,3,0.0008635260324582894
Mk02-202-19,Mk02,explore,19,C,0.5,shuffled,3,0.0008635260324582894
Mk02-202-19,Mk02,explore,19,W,0.25,conditional,5,0.0007015924726732986
Mk02-202-19,Mk02,explore,19,W,0.25,fixed,3,0.0012024052612121855
Mk02-202-19,Mk02,explore,19,W,0.25,shuffled,3,0.0012024052612121855
Mk02-202-19,Mk02,explore,19,W,0.5,conditional,3,0.0009742307519883842
Mk02-202-19,Mk02,explore,19,W,0.5,fixed,3,0.0009742307519883842
Mk02-202-19,Mk02,explore,19,W,0.5,shuffled,3,0.0009742307519883842
Mk02-202-19,Mk02,explore,19,L,0.25,conditional,3,0.0008233060530359448
Mk02-202-19,Mk02,explore,19,L,0.25,fixed,3,0.0008233060530359448
Mk02-202-19,Mk02,explore,19,L,0.25,shuffled,5,0.0009978539497499722
Mk02-202-19,Mk02,explore,19,L,0.5,conditional,3,0.0008606667018934152
Mk02-202-19,Mk02,explore,19,L,0.5,fixed,3,0.0008606667018934152
Mk02-202-19,Mk02,explore,19,L,0.5,shuffled,3,0.0008606667018934152
Mk02-202-9,Mk02,explore,9,R,0.25,conditional,5,0.0010401368038195382
Mk02-202-9,Mk02,explore,9,R,0.25,fixed,3,0.0007549427491564976
Mk02-202-9,Mk02,explore,9,R,0.25,shuffled,5,0.0010401368038195382
Mk02-202-9,Mk02,explore,9,R,0.5,conditional,3,0.0015802329840442161
Mk02-202-9,Mk02,explore,9,R,0.5,fixed,3,0.0015802329840442161
Mk02-202-9,Mk02,explore,9,R,0.5,shuffled,3,0.0015802329840442161
Mk02-202-9,Mk02,explore,9,S,0.25,conditional,5,0.0007480196852250941
Mk02-202-9,Mk02,explore,9,S,0.25,fixed,3,0.0010109521120184083
Mk02-202-9,Mk02,explore,9,S,0.25,shuffled,3,0.0010109521120184083
Mk02-202-9,Mk02,explore,9,S,0.5,conditional,5,0.00013574112678249725
Mk02-202-9,Mk02,explore,9,S,0.5,fixed,3,0.0009873645204780722
Mk02-202-9,Mk02,explore,9,S,0.5,shuffled,3,0.0009873645204780722
Mk02-202-9,Mk02,explore,9,A,0.25,conditional,3,0.002320383773776227
Mk02-202-9,Mk02,explore,9,A,0.25,fixed,3,0.002320383773776227
Mk02-202-9,Mk02,explore,9,A,0.25,shuffled,3,0.002320383773776227
Mk02-202-9,Mk02,explore,9,A,0.5,conditional,3,0.0015081643050147873
Mk02-202-9,Mk02,explore,9,A,0.5,fixed,3,0.0015081643050147873
Mk02-202-9,Mk02,explore,9,A,0.5,shuffled,3,0.0015081643050147873
Mk02-202-9,Mk02,explore,9,C,0.25,conditional,3,0.0016521639943905871
Mk02-202-9,Mk02,explore,9,C,0.25,fixed,3,0.0016521639943905871
Mk02-202-9,Mk02,explore,9,C,0.25,shuffled,3,0.0016521639943905871
Mk02-202-9,Mk02,explore,9,C,0.5,conditional,3,0.001970942940760068
Mk02-202-9,Mk02,explore,9,C,0.5,fixed,3,0.001970942940760068
Mk02-202-9,Mk02,explore,9,C,0.5,shuffled,3,0.001970942940760068
Mk02-202-9,Mk02,explore,9,W,0.25,conditional,5,0.000909363057128592
Mk02-202-9,Mk02,explore,9,W,0.25,fixed,3,0.0010535590140347006
Mk02-202-9,Mk02,explore,9,W,0.25,shuffled,3,0.0010535590140347006
Mk02-202-9,Mk02,explore,9,W,0.5,conditional,3,0.001108357698061433
Mk02-202-9,Mk02,explore,9,W,0.5,fixed,3,0.001108357698061433
Mk02-202-9,Mk02,explore,9,W,0.5,shuffled,3,0.001108357698061433
Mk02-202-9,Mk02,explore,9,L,0.25,conditional,3,0.0018913591971871637
Mk02-202-9,Mk02,explore,9,L,0.25,fixed,3,0.0018913591971871637
Mk02-202-9,Mk02,explore,9,L,0.25,shuffled,5,0.0008600992781221721
Mk02-202-9,Mk02,explore,9,L,0.5,conditional,3,0.0015562200845230679
Mk02-202-9,Mk02,explore,9,L,0.5,fixed,3,0.0015562200845230679
Mk02-202-9,Mk02,explore,9,L,0.5,shuffled,3,0.0015562200845230679
Mk02-303-0,Mk02,explore,0,R,0.25,conditional,5,0.0006515484600979346
Mk02-303-0,Mk02,explore,0,R,0.25,fixed,3,0.0022284485179176043
Mk02-303-0,Mk02,explore,0,R,0.25,shuffled,5,0.0006515484600979346
Mk02-303-0,Mk02,explore,0,R,0.5,conditional,3,0.0009127785058640472
Mk02-303-0,Mk02,explore,0,R,0.5,fixed,3,0.0009127785058640472
Mk02-303-0,Mk02,explore,0,R,0.5,shuffled,3,0.0009127785058640472
Mk02-303-0,Mk02,explore,0,S,0.25,conditional,5,0.0006942134486034812
Mk02-303-0,Mk02,explore,0,S,0.25,fixed,3,0.00019040906294685153
Mk02-303-0,Mk02,explore,0,S,0.25,shuffled,3,0.00019040906294685153
Mk02-303-0,Mk02,explore,0,S,0.5,conditional,5,0.001238599402469118
Mk02-303-0,Mk02,explore,0,S,0.5,fixed,3,0.0005188928448091041
Mk02-303-0,Mk02,explore,0,S,0.5,shuffled,3,0.0005188928448091041
Mk02-303-0,Mk02,explore,0,A,0.25,conditional,3,0.0017143474691797358
Mk02-303-0,Mk02,explore,0,A,0.25,fixed,3,0.0017143474691797358
Mk02-303-0,Mk02,explore,0,A,0.25,shuffled,3,0.0017143474691797358
Mk02-303-0,Mk02,explore,0,A,0.5,conditional,3,0.0021911181098314895
Mk02-303-0,Mk02,explore,0,A,0.5,fixed,3,0.0021911181098314895
Mk02-303-0,Mk02,explore,0,A,0.5,shuffled,3,0.0021911181098314895
Mk02-303-0,Mk02,explore,0,C,0.25,conditional,3,0.0006565691642540292
Mk02-303-0,Mk02,explore,0,C,0.25,fixed,3,0.0006565691642540292
Mk02-303-0,Mk02,explore,0,C,0.25,shuffled,3,0.0006565691642540292
Mk02-303-0,Mk02,explore,0,C,0.5,conditional,3,0.0014560948978113383
Mk02-303-0,Mk02,explore,0,C,0.5,fixed,3,0.0014560948978113383
Mk02-303-0,Mk02,explore,0,C,0.5,shuffled,3,0.0014560948978113383
Mk02-303-0,Mk02,explore,0,W,0.25,conditional,5,0.0013077008077711954
Mk02-303-0,Mk02,explore,0,W,0.25,fixed,3,0.0015808607163196962
Mk02-303-0,Mk02,explore,0,W,0.25,shuffled,3,0.0015808607163196962
Mk02-303-0,Mk02,explore,0,W,0.5,conditional,3,0.0020053374820650956
Mk02-303-0,Mk02,explore,0,W,0.5,fixed,3,0.0020053374820650956
Mk02-303-0,Mk02,explore,0,W,0.5,shuffled,3,0.0020053374820650956
Mk02-303-0,Mk02,explore,0,L,0.25,conditional,3,0.0008557773161018953
Mk02-303-0,Mk02,explore,0,L,0.25,fixed,3,0.0008557773161018953
Mk02-303-0,Mk02,explore,0,L,0.25,shuffled,5,0.0014823234141371738
Mk02-303-0,Mk02,explore,0,L,0.5,conditional,3,0.0008826056158024439
Mk02-303-0,Mk02,explore,0,L,0.5,fixed,3,0.0008826056158024439
Mk02-303-0,Mk02,explore,0,L,0.5,shuffled,3,0.0008826056158024439
Mk02-303-19,Mk02,explore,19,R,0.25,conditional,5,0.0005697571263868008
Mk02-303-19,Mk02,explore,19,R,0.25,fixed,3,0.0001932105855131369
Mk02-303-19,Mk02,explore,19,R,0.25,shuffled,5,0.0005697571263868008
Mk02-303-19,Mk02,explore,19,R,0.5,conditional,3,0.0005637627016713287
Mk02-303-19,Mk02,explore,19,R,0.5,fixed,3,0.0005637627016713287
Mk02-303-19,Mk02,explore,19,R,0.5,shuffled,3,0.0005637627016713287
Mk02-303-19,Mk02,explore,19,S,0.25,conditional,5,0.00022594782094036552
Mk02-303-19,Mk02,explore,19,S,0.25,fixed,3,0.00010635678172610668
Mk02-303-19,Mk02,explore,19,S,0.25,shuffled,3,0.00010635678172610668
Mk02-303-19,Mk02,explore,19,S,0.5,conditional,5,0.0006480589899619263
Mk02-303-19,Mk02,explore,19,S,0.5,fixed,3,0.0006748132672571476
Mk02-303-19,Mk02,explore,19,S,0.5,shuffled,3,0.0006748132672571476
Mk02-303-19,Mk02,explore,19,A,0.25,conditional,3,0.0003938306154344144
Mk02-303-19,Mk02,explore,19,A,0.25,fixed,3,0.0003938306154344144
Mk02-303-19,Mk02,explore,19,A,0.25,shuffled,3,0.0003938306154344144
Mk02-303-19,Mk02,explore,19,A,0.5,conditional,3,0.0005908957008102801
Mk02-303-19,Mk02,explore,19,A,0.5,fixed,3,0.0005908957008102801
Mk02-303-19,Mk02,explore,19,A,0.5,shuffled,3,0.0005908957008102801
Mk02-303-19,Mk02,explore,19,C,0.25,conditional,3,0.0002381543292291679
Mk02-303-19,Mk02,explore,19,C,0.25,fixed,3,0.0002381543292291679
Mk02-303-19,Mk02,explore,19,C,0.25,shuffled,3,0.0002381543292291679
Mk02-303-19,Mk02,explore,19,C,0.5,conditional,3,0.00047703476746941055
Mk02-303-19,Mk02,explore,19,C,0.5,fixed,3,0.00047703476746941055
Mk02-303-19,Mk02,explore,19,C,0.5,shuffled,3,0.00047703476746941055
Mk02-303-19,Mk02,explore,19,W,0.25,conditional,5,0.00048028537145810126
Mk02-303-19,Mk02,explore,19,W,0.25,fixed,3,0.0006227771938173775
Mk02-303-19,Mk02,explore,19,W,0.25,shuffled,3,0.0006227771938173775
Mk02-303-19,Mk02,explore,19,W,0.5,conditional,3,0.0002916088681337012
Mk02-303-19,Mk02,explore,19,W,0.5,fixed,3,0.0002916088681337012
Mk02-303-19,Mk02,explore,19,W,0.5,shuffled,3,0.0002916088681337012
Mk02-303-19,Mk02,explore,19,L,0.25,conditional,3,0.0006942212974180109
Mk02-303-19,Mk02,explore,19,L,0.25,fixed,3,0.0006942212974180109
Mk02-303-19,Mk02,explore,19,L,0.25,shuffled,5,0.000456783215916618
Mk02-303-19,Mk02,explore,19,L,0.5,conditional,3,0.0005109941273568112
Mk02-303-19,Mk02,explore,19,L,0.5,fixed,3,0.0005109941273568112
Mk02-303-19,Mk02,explore,19,L,0.5,shuffled,3,0.0005109941273568112
Mk02-303-9,Mk02,explore,9,R,0.25,conditional,5,0.0006038784177393801
Mk02-303-9,Mk02,explore,9,R,0.25,fixed,3,0.00015624279582634486
Mk02-303-9,Mk02,explore,9,R,0.25,shuffled,5,0.0006038784177393801
Mk02-303-9,Mk02,explore,9,R,0.5,conditional,3,0.000765101569467985
Mk02-303-9,Mk02,explore,9,R,0.5,fixed,3,0.000765101569467985
Mk02-303-9,Mk02,explore,9,R,0.5,shuffled,3,0.000765101569467985
Mk02-303-9,Mk02,explore,9,S,0.25,conditional,5,0.0006099235911179126
Mk02-303-9,Mk02,explore,9,S,0.25,fixed,3,0.0007579992863159554
Mk02-303-9,Mk02,explore,9,S,0.25,shuffled,3,0.0007579992863159554
Mk02-303-9,Mk02,explore,9,S,0.5,conditional,5,0.0006038784177393801
Mk02-303-9,Mk02,explore,9,S,0.5,fixed,3,0.000765101569467985
Mk02-303-9,Mk02,explore,9,S,0.5,shuffled,3,0.000765101569467985
Mk02-303-9,Mk02,explore,9,A,0.25,conditional,3,0.0008587301167432173
Mk02-303-9,Mk02,explore,9,A,0.25,fixed,3,0.0008587301167432173
Mk02-303-9,Mk02,explore,9,A,0.25,shuffled,3,0.0008587301167432173
Mk02-303-9,Mk02,explore,9,A,0.5,conditional,3,0.001060461558059165
Mk02-303-9,Mk02,explore,9,A,0.5,fixed,3,0.001060461558059165
Mk02-303-9,Mk02,explore,9,A,0.5,shuffled,3,0.001060461558059165
Mk02-303-9,Mk02,explore,9,C,0.25,conditional,3,0.0007950213798490179
Mk02-303-9,Mk02,explore,9,C,0.25,fixed,3,0.0007950213798490179
Mk02-303-9,Mk02,explore,9,C,0.25,shuffled,3,0.0007950213798490179
Mk02-303-9,Mk02,explore,9,C,0.5,conditional,3,0.0008399839386073055
Mk02-303-9,Mk02,explore,9,C,0.5,fixed,3,0.0008399839386073055
Mk02-303-9,Mk02,explore,9,C,0.5,shuffled,3,0.0008399839386073055
Mk02-303-9,Mk02,explore,9,W,0.25,conditional,5,0.0011184864485494811
Mk02-303-9,Mk02,explore,9,W,0.25,fixed,3,0.0003850604987738811
Mk02-303-9,Mk02,explore,9,W,0.25,shuffled,3,0.0003850604987738811
Mk02-303-9,Mk02,explore,9,W,0.5,conditional,3,0.001060461558059165
Mk02-303-9,Mk02,explore,9,W,0.5,fixed,3,0.001060461558059165
Mk02-303-9,Mk02,explore,9,W,0.5,shuffled,3,0.001060461558059165
Mk02-303-9,Mk02,explore,9,L,0.25,conditional,3,8.997840744115789e-05
Mk02-303-9,Mk02,explore,9,L,0.25,fixed,3,8.997840744115789e-05
Mk02-303-9,Mk02,explore,9,L,0.25,shuffled,5,0.000587550819027724
Mk02-303-9,Mk02,explore,9,L,0.5,conditional,3,0.0008324960412957296
Mk02-303-9,Mk02,explore,9,L,0.5,fixed,3,0.0008324960412957296
Mk02-303-9,Mk02,explore,9,L,0.5,shuffled,3,0.0008324960412957296
Mk03-101-0,Mk03,validation,0,R,0.25,conditional,5,0.00010097890563169874
Mk03-101-0,Mk03,validation,0,R,0.25,fixed,3,0.00032249470196819927
Mk03-101-0,Mk03,validation,0,R,0.25,shuffled,5,0.00010097890563169874
Mk03-101-0,Mk03,validation,0,R,0.5,conditional,3,8.734282080377595e-05
Mk03-101-0,Mk03,validation,0,R,0.5,fixed,3,8.734282080377595e-05
Mk03-101-0,Mk03,validation,0,R,0.5,shuffled,3,8.734282080377595e-05
Mk03-101-0,Mk03,validation,0,S,0.25,conditional,5,0.00029568504045987434
Mk03-101-0,Mk03,validation,0,S,0.25,fixed,3,0.0002193278544869073
Mk03-101-0,Mk03,validation,0,S,0.25,shuffled,3,0.0002193278544869073
Mk03-101-0,Mk03,validation,0,S,0.5,conditional,5,0.0003885362221213476
Mk03-101-0,Mk03,validation,0,S,0.5,fixed,3,0.00025764326548978125
Mk03-101-0,Mk03,validation,0,S,0.5,shuffled,3,0.00025764326548978125
Mk03-101-0,Mk03,validation,0,A,0.25,conditional,3,0.00034312092906648356
Mk03-101-0,Mk03,validation,0,A,0.25,fixed,3,0.00034312092906648356
Mk03-101-0,Mk03,validation,0,A,0.25,shuffled,3,0.00034312092906648356
Mk03-101-0,Mk03,validation,0,A,0.5,conditional,3,0.0002384488169787939
Mk03-101-0,Mk03,validation,0,A,0.5,fixed,3,0.0002384488169787939
Mk03-101-0,Mk03,validation,0,A,0.5,shuffled,3,0.0002384488169787939
Mk03-101-0,Mk03,validation,0,C,0.25,conditional,3,0.00039558465598074806
Mk03-101-0,Mk03,validation,0,C,0.25,fixed,3,0.00039558465598074806
Mk03-101-0,Mk03,validation,0,C,0.25,shuffled,3,0.00039558465598074806
Mk03-101-0,Mk03,validation,0,C,0.5,conditional,3,0.00025764326548978125
Mk03-101-0,Mk03,validation,0,C,0.5,fixed,3,0.00025764326548978125
Mk03-101-0,Mk03,validation,0,C,0.5,shuffled,3,0.00025764326548978125
Mk03-101-0,Mk03,validation,0,W,0.25,conditional,5,0.0003459815828610478
Mk03-101-0,Mk03,validation,0,W,0.25,fixed,3,0.00028875303946870423
Mk03-101-0,Mk03,validation,0,W,0.25,shuffled,3,0.00028875303946870423
Mk03-101-0,Mk03,validation,0,W,0.5,conditional,3,0.00032585395572585097
Mk03-101-0,Mk03,validation,0,W,0.5,fixed,3,0.00032585395572585097
Mk03-101-0,Mk03,validation,0,W,0.5,shuffled,3,0.00032585395572585097
Mk03-101-0,Mk03,validation,0,L,0.25,conditional,3,0.00028253666382417776
Mk03-101-0,Mk03,validation,0,L,0.25,fixed,3,0.00028253666382417776
Mk03-101-0,Mk03,validation,0,L,0.25,shuffled,5,0.0003764699169077498
Mk03-101-0,Mk03,validation,0,L,0.5,conditional,3,0.0003066595072148636
Mk03-101-0,Mk03,validation,0,L,0.5,fixed,3,0.0003066595072148636
Mk03-101-0,Mk03,validation,0,L,0.5,shuffled,3,0.0003066595072148636
Mk03-101-19,Mk03,validation,19,R,0.25,conditional,5,3.5392947829885734e-05
Mk03-101-19,Mk03,validation,19,R,0.25,fixed,3,0.00022969571010288703
Mk03-101-19,Mk03,validation,19,R,0.25,shuffled,5,3.5392947829885734e-05
Mk03-101-19,Mk03,validation,19,R,0.5,conditional,3,0.00013403970480512558
Mk03-101-19,Mk03,validation,19,R,0.5,fixed,3,0.00013403970480512558
Mk03-101-19,Mk03,validation,19,R,0.5,shuffled,3,0.00013403970480512558
Mk03-101-19,Mk03,validation,19,S,0.25,conditional,5,2.0973118676498618e-05
Mk03-101-19,Mk03,validation,19,S,0.25,fixed,3,0.00013783861233322594
Mk03-101-19,Mk03,validation,19,S,0.25,shuffled,3,0.00013783861233322594
Mk03-101-19,Mk03,validation,19,S,0.5,conditional,5,5.012196412695851e-05
Mk03-101-19,Mk03,validation,19,S,0.5,fixed,3,0.00017483975069447735
Mk03-101-19,Mk03,validation,19,S,0.5,shuffled,3,0.00017483975069447735
Mk03-101-19,Mk03,validation,19,A,0.25,conditional,3,0.00032232195110136957
Mk03-101-19,Mk03,validation,19,A,0.25,fixed,3,0.00032232195110136957
Mk03-101-19,Mk03,validation,19,A,0.25,shuffled,3,0.00032232195110136957
Mk03-101-19,Mk03,validation,19,A,0.5,conditional,3,0.00019623889906585416
Mk03-101-19,Mk03,validation,19,A,0.5,fixed,3,0.00019623889906585416
Mk03-101-19,Mk03,validation,19,A,0.5,shuffled,3,0.00019623889906585416
Mk03-101-19,Mk03,validation,19,C,0.25,conditional,3,0.0001085877820754196
Mk03-101-19,Mk03,validation,19,C,0.25,fixed,3,0.0001085877820754196
Mk03-101-19,Mk03,validation,19,C,0.25,shuffled,3,0.0001085877820754196
Mk03-101-19,Mk03,validation,19,C,0.5,conditional,3,0.00017576185165302268
Mk03-101-19,Mk03,validation,19,C,0.5,fixed,3,0.00017576185165302268
Mk03-101-19,Mk03,validation,19,C,0.5,shuffled,3,0.00017576185165302268
Mk03-101-19,Mk03,validation,19,W,0.25,conditional,5,1.9066875449234827e-05
Mk03-101-19,Mk03,validation,19,W,0.25,fixed,3,0.0001594230283448757
Mk03-101-19,Mk03,validation,19,W,0.25,shuffled,3,0.0001594230283448757
Mk03-101-19,Mk03,validation,19,W,0.5,conditional,3,0.00017576185165302268
Mk03-101-19,Mk03,validation,19,W,0.5,fixed,3,0.00017576185165302268
Mk03-101-19,Mk03,validation,19,W,0.5,shuffled,3,0.00017576185165302268
Mk03-101-19,Mk03,validation,19,L,0.25,conditional,3,0.0001289373732543234
Mk03-101-19,Mk03,validation,19,L,0.25,fixed,3,0.0001289373732543234
Mk03-101-19,Mk03,validation,19,L,0.25,shuffled,5,6.162684334006939e-05
Mk03-101-19,Mk03,validation,19,L,0.5,conditional,3,7.453227677322375e-05
Mk03-101-19,Mk03,validation,19,L,0.5,fixed,3,7.453227677322375e-05
Mk03-101-19,Mk03,validation,19,L,0.5,shuffled,3,7.453227677322375e-05
Mk03-101-9,Mk03,validation,9,R,0.25,conditional,5,0.0007118297942493133
Mk03-101-9,Mk03,validation,9,R,0.25,fixed,3,0.00033623618506357515
Mk03-101-9,Mk03,validation,9,R,0.25,shuffled,5,0.0007118297942493133
Mk03-101-9,Mk03,validation,9,R,0.5,conditional,3,0.00021472758857309505
Mk03-101-9,Mk03,validation,9,R,0.5,fixed,3,0.00021472758857309505
Mk03-101-9,Mk03,validation,9,R,0.5,shuffled,3,0.00021472758857309505
Mk03-101-9,Mk03,validation,9,S,0.25,conditional,5,0.0005939909698240055
Mk03-101-9,Mk03,validation,9,S,0.25,fixed,3,0.0005456815119457718
Mk03-101-9,Mk03,validation,9,S,0.25,shuffled,3,0.0005456815119457718
Mk03-101-9,Mk03,validation,9,S,0.5,conditional,5,0.0004281277986622021
Mk03-101-9,Mk03,validation,9,S,0.5,fixed,3,9.777306550323413e-05
Mk03-101-9,Mk03,validation,9,S,0.5,shuffled,3,9.777306550323413e-05
Mk03-101-9,Mk03,validation,9,A,0.25,conditional,3,0.00047526420385038474
Mk03-101-9,Mk03,validation,9,A,0.25,fixed,3,0.00047526420385038474
Mk03-101-9,Mk03,validation,9,A,0.25,shuffled,3,0.00047526420385038474
Mk03-101-9,Mk03,validation,9,A,0.5,conditional,3,0.00017125422320628668
Mk03-101-9,Mk03,validation,9,A,0.5,fixed,3,0.00017125422320628668
Mk03-101-9,Mk03,validation,9,A,0.5,shuffled,3,0.00017125422320628668
Mk03-101-9,Mk03,validation,9,C,0.25,conditional,3,0.0002607737521717684
Mk03-101-9,Mk03,validation,9,C,0.25,fixed,3,0.0002607737521717684
Mk03-101-9,Mk03,validation,9,C,0.25,shuffled,3,0.0002607737521717684
Mk03-101-9,Mk03,validation,9,C,0.5,conditional,3,8.665806008519552e-05
Mk03-101-9,Mk03,validation,9,C,0.5,fixed,3,8.665806008519552e-05
Mk03-101-9,Mk03,validation,9,C,0.5,shuffled,3,8.665806008519552e-05
Mk03-101-9,Mk03,validation,9,W,0.25,conditional,5,0.0006436951122483716
Mk03-101-9,Mk03,validation,9,W,0.25,fixed,3,0.00048671155412489134
Mk03-101-9,Mk03,validation,9,W,0.25,shuffled,3,0.00048671155412489134
Mk03-101-9,Mk03,validation,9,W,0.5,conditional,3,0.00015469054925806272
Mk03-101-9,Mk03,validation,9,W,0.5,fixed,3,0.00015469054925806272
Mk03-101-9,Mk03,validation,9,W,0.5,shuffled,3,0.00015469054925806272
Mk03-101-9,Mk03,validation,9,L,0.25,conditional,3,0.0002902103580435117
Mk03-101-9,Mk03,validation,9,L,0.25,fixed,3,0.0002902103580435117
Mk03-101-9,Mk03,validation,9,L,0.25,shuffled,5,0.00046703955671836595
Mk03-101-9,Mk03,validation,9,L,0.5,conditional,3,0.00015541983200230728
Mk03-101-9,Mk03,validation,9,L,0.5,fixed,3,0.00015541983200230728
Mk03-101-9,Mk03,validation,9,L,0.5,shuffled,3,0.00015541983200230728
Mk03-202-0,Mk03,validation,0,R,0.25,conditional,5,0.0004304126657154082
Mk03-202-0,Mk03,validation,0,R,0.25,fixed,3,0.00023588038507694366
Mk03-202-0,Mk03,validation,0,R,0.25,shuffled,5,0.0004304126657154082
Mk03-202-0,Mk03,validation,0,R,0.5,conditional,3,0.00030493714046988044
Mk03-202-0,Mk03,validation,0,R,0.5,fixed,3,0.00030493714046988044
Mk03-202-0,Mk03,validation,0,R,0.5,shuffled,3,0.00030493714046988044
Mk03-202-0,Mk03,validation,0,S,0.25,conditional,5,0.00010149672305984662
Mk03-202-0,Mk03,validation,0,S,0.25,fixed,3,0.0002829977927481367
Mk03-202-0,Mk03,validation,0,S,0.25,shuffled,3,0.0002829977927481367
Mk03-202-0,Mk03,validation,0,S,0.5,conditional,5,0.0003705282738530249
Mk03-202-0,Mk03,validation,0,S,0.5,fixed,3,0.0002104296657373246
Mk03-202-0,Mk03,validation,0,S,0.5,shuffled,3,0.0002104296657373246
Mk03-202-0,Mk03,validation,0,A,0.25,conditional,3,0.0003382113997639358
Mk03-202-0,Mk03,validation,0,A,0.25,fixed,3,0.0003382113997639358
Mk03-202-0,Mk03,validation,0,A,0.25,shuffled,3,0.0003382113997639358
Mk03-202-0,Mk03,validation,0,A,0.5,conditional,3,0.0006100291000798536
Mk03-202-0,Mk03,validation,0,A,0.5,fixed,3,0.0006100291000798536
Mk03-202-0,Mk03,validation,0,A,0.5,shuffled,3,0.0006100291000798536
Mk03-202-0,Mk03,validation,0,C,0.25,conditional,3,0.00019954080775844
Mk03-202-0,Mk03,validation,0,C,0.25,fixed,3,0.00019954080775844
Mk03-202-0,Mk03,validation,0,C,0.25,shuffled,3,0.00019954080775844
Mk03-202-0,Mk03,validation,0,C,0.5,conditional,3,0.0003700513690201844
Mk03-202-0,Mk03,validation,0,C,0.5,fixed,3,0.0003700513690201844
Mk03-202-0,Mk03,validation,0,C,0.5,shuffled,3,0.0003700513690201844
Mk03-202-0,Mk03,validation,0,W,0.25,conditional,5,0.0005724782335706347
Mk03-202-0,Mk03,validation,0,W,0.25,fixed,3,0.00020474432803110703
Mk03-202-0,Mk03,validation,0,W,0.25,shuffled,3,0.00020474432803110703
Mk03-202-0,Mk03,validation,0,W,0.5,conditional,3,0.0004727113125430349
Mk03-202-0,Mk03,validation,0,W,0.5,fixed,3,0.0004727113125430349
Mk03-202-0,Mk03,validation,0,W,0.5,shuffled,3,0.0004727113125430349
Mk03-202-0,Mk03,validation,0,L,0.25,conditional,3,0.0006599926410650487
Mk03-202-0,Mk03,validation,0,L,0.25,fixed,3,0.0006599926410650487
Mk03-202-0,Mk03,validation,0,L,0.25,shuffled,5,0.000761376431672121
Mk03-202-0,Mk03,validation,0,L,0.5,conditional,3,0.000419014091752819
Mk03-202-0,Mk03,validation,0,L,0.5,fixed,3,0.000419014091752819
Mk03-202-0,Mk03,validation,0,L,0.5,shuffled,3,0.000419014091752819
Mk03-202-19,Mk03,validation,19,R,0.25,conditional,5,3.287808984504236e-05
Mk03-202-19,Mk03,validation,19,R,0.25,fixed,3,0.00015610591030952364
Mk03-202-19,Mk03,validation,19,R,0.25,shuffled,5,3.287808984504236e-05
Mk03-202-19,Mk03,validation,19,R,0.5,conditional,3,0.00019821135876191623
Mk03-202-19,Mk03,validation,19,R,0.5,fixed,3,0.00019821135876191623
Mk03-202-19,Mk03,validation,19,R,0.5,shuffled,3,0.00019821135876191623
Mk03-202-19,Mk03,validation,19,S,0.25,conditional,5,3.4066247072209177e-06
Mk03-202-19,Mk03,validation,19,S,0.25,fixed,3,0.00012491058825879844
Mk03-202-19,Mk03,validation,19,S,0.25,shuffled,3,0.00012491058825879844
Mk03-202-19,Mk03,validation,19,S,0.5,conditional,5,0.00010379984407133827
Mk03-202-19,Mk03,validation,19,S,0.5,fixed,3,0.00018300945305878727
Mk03-202-19,Mk03,validation,19,S,0.5,shuffled,3,0.00018300945305878727
Mk03-202-19,Mk03,validation,19,A,0.25,conditional,3,0.00011194968329273714
Mk03-202-19,Mk03,validation,19,A,0.25,fixed,3,0.00011194968329273714
Mk03-202-19,Mk03,validation,19,A,0.25,shuffled,3,0.00011194968329273714
Mk03-202-19,Mk03,validation,19,A,0.5,conditional,3,0.00017734905104152912
Mk03-202-19,Mk03,validation,19,A,0.5,fixed,3,0.00017734905104152912
Mk03-202-19,Mk03,validation,19,A,0.5,shuffled,3,0.00017734905104152912
Mk03-202-19,Mk03,validation,19,C,0.25,conditional,3,0.00012491058825879844
Mk03-202-19,Mk03,validation,19,C,0.25,fixed,3,0.00012491058825879844
Mk03-202-19,Mk03,validation,19,C,0.25,shuffled,3,0.00012491058825879844
Mk03-202-19,Mk03,validation,19,C,0.5,conditional,3,0.00018569795166525153
Mk03-202-19,Mk03,validation,19,C,0.5,fixed,3,0.00018569795166525153
Mk03-202-19,Mk03,validation,19,C,0.5,shuffled,3,0.00018569795166525153
Mk03-202-19,Mk03,validation,19,W,0.25,conditional,5,1.730838124718778e-05
Mk03-202-19,Mk03,validation,19,W,0.25,fixed,3,0.0001776044373021945
Mk03-202-19,Mk03,validation,19,W,0.25,shuffled,3,0.0001776044373021945
Mk03-202-19,Mk03,validation,19,W,0.5,conditional,3,0.0001265630743518775
Mk03-202-19,Mk03,validation,19,W,0.5,fixed,3,0.0001265630743518775
Mk03-202-19,Mk03,validation,19,W,0.5,shuffled,3,0.0001265630743518775
Mk03-202-19,Mk03,validation,19,L,0.25,conditional,3,0.00017026797622464365
Mk03-202-19,Mk03,validation,19,L,0.25,fixed,3,0.00017026797622464365
Mk03-202-19,Mk03,validation,19,L,0.25,shuffled,5,8.478110081830574e-06
Mk03-202-19,Mk03,validation,19,L,0.5,conditional,3,0.00012338439568006246
Mk03-202-19,Mk03,validation,19,L,0.5,fixed,3,0.00012338439568006246
Mk03-202-19,Mk03,validation,19,L,0.5,shuffled,3,0.00012338439568006246
Mk03-202-9,Mk03,validation,9,R,0.25,conditional,5,0.0002332480906490569
Mk03-202-9,Mk03,validation,9,R,0.25,fixed,3,0.0003663410787821274
Mk03-202-9,Mk03,validation,9,R,0.25,shuffled,5,0.0002332480906490569
Mk03-202-9,Mk03,validation,9,R,0.5,conditional,3,0.0004464725822065187
Mk03-202-9,Mk03,validation,9,R,0.5,fixed,3,0.0004464725822065187
Mk03-202-9,Mk03,validation,9,R,0.5,shuffled,3,0.0004464725822065187
Mk03-202-9,Mk03,validation,9,S,0.25,conditional,5,0.0004314824815192179
Mk03-202-9,Mk03,validation,9,S,0.25,fixed,3,0.0001491624860180655
Mk03-202-9,Mk03,validation,9,S,0.25,shuffled,3,0.0001491624860180655
Mk03-202-9,Mk03,validation,9,S,0.5,conditional,5,0.0004153924036505349
Mk03-202-9,Mk03,validation,9,S,0.5,fixed,3,0.0003027654725448901
Mk03-202-9,Mk03,validation,9,S,0.5,shuffled,3,0.0003027654725448901
Mk03-202-9,Mk03,validation,9,A,0.25,conditional,3,0.00014974236295422507
Mk03-202-9,Mk03,validation,9,A,0.25,fixed,3,0.00014974236295422507
Mk03-202-9,Mk03,validation,9,A,0.25,shuffled,3,0.00014974236295422507
Mk03-202-9,Mk03,validation,9,A,0.5,conditional,3,0.00017936578269769866
Mk03-202-9,Mk03,validation,9,A,0.5,fixed,3,0.00017936578269769866
Mk03-202-9,Mk03,validation,9,A,0.5,shuffled,3,0.00017936578269769866
Mk03-202-9,Mk03,validation,9,C,0.25,conditional,3,0.00026011991016169217
Mk03-202-9,Mk03,validation,9,C,0.25,fixed,3,0.00026011991016169217
Mk03-202-9,Mk03,validation,9,C,0.25,shuffled,3,0.00026011991016169217
Mk03-202-9,Mk03,validation,9,C,0.5,conditional,3,0.0001401600378702082
Mk03-202-9,Mk03,validation,9,C,0.5,fixed,3,0.0001401600378702082
Mk03-202-9,Mk03,validation,9,C,0.5,shuffled,3,0.0001401600378702082
Mk03-202-9,Mk03,validation,9,W,0.25,conditional,5,0.00022981290575702193
Mk03-202-9,Mk03,validation,9,W,0.25,fixed,3,0.000380642916447103
Mk03-202-9,Mk03,validation,9,W,0.25,shuffled,3,0.000380642916447103
Mk03-202-9,Mk03,validation,9,W,0.5,conditional,3,0.0003380229051136551
Mk03-202-9,Mk03,validation,9,W,0.5,fixed,3,0.0003380229051136551
Mk03-202-9,Mk03,validation,9,W,0.5,shuffled,3,0.0003380229051136551
Mk03-202-9,Mk03,validation,9,L,0.25,conditional,3,0.00030143365374175256
Mk03-202-9,Mk03,validation,9,L,0.25,fixed,3,0.00030143365374175256
Mk03-202-9,Mk03,validation,9,L,0.25,shuffled,5,0.000243076090365833
Mk03-202-9,Mk03,validation,9,L,0.5,conditional,3,0.0003631663567948776
Mk03-202-9,Mk03,validation,9,L,0.5,fixed,3,0.0003631663567948776
Mk03-202-9,Mk03,validation,9,L,0.5,shuffled,3,0.0003631663567948776
Mk03-303-0,Mk03,validation,0,R,0.25,conditional,5,0.0007292163011705365
Mk03-303-0,Mk03,validation,0,R,0.25,fixed,3,0.0004109684365145375
Mk03-303-0,Mk03,validation,0,R,0.25,shuffled,5,0.0007292163011705365
Mk03-303-0,Mk03,validation,0,R,0.5,conditional,3,0.0004066086007245707
Mk03-303-0,Mk03,validation,0,R,0.5,fixed,3,0.0004066086007245707
Mk03-303-0,Mk03,validation,0,R,0.5,shuffled,3,0.0004066086007245707
Mk03-303-0,Mk03,validation,0,S,0.25,conditional,5,0.00030897230387976333
Mk03-303-0,Mk03,validation,0,S,0.25,fixed,3,0.0004336665104853225
Mk03-303-0,Mk03,validation,0,S,0.25,shuffled,3,0.0004336665104853225
Mk03-303-0,Mk03,validation,0,S,0.5,conditional,5,0.00039571745443278016
Mk03-303-0,Mk03,validation,0,S,0.5,fixed,3,0.0006315822922897085
Mk03-303-0,Mk03,validation,0,S,0.5,shuffled,3,0.0006315822922897085
Mk03-303-0,Mk03,validation,0,A,0.25,conditional,3,0.0003838309387578342
Mk03-303-0,Mk03,validation,0,A,0.25,fixed,3,0.0003838309387578342
Mk03-303-0,Mk03,validation,0,A,0.25,shuffled,3,0.0003838309387578342
Mk03-303-0,Mk03,validation,0,A,0.5,conditional,3,0.0005959886350929343
Mk03-303-0,Mk03,validation,0,A,0.5,fixed,3,0.0005959886350929343
Mk03-303-0,Mk03,validation,0,A,0.5,shuffled,3,0.0005959886350929343
Mk03-303-0,Mk03,validation,0,C,0.25,conditional,3,0.0006363548464977023
Mk03-303-0,Mk03,validation,0,C,0.25,fixed,3,0.0006363548464977023
Mk03-303-0,Mk03,validation,0,C,0.25,shuffled,3,0.0006363548464977023
Mk03-303-0,Mk03,validation,0,C,0.5,conditional,3,0.0007623263980573684
Mk03-303-0,Mk03,validation,0,C,0.5,fixed,3,0.0007623263980573684
Mk03-303-0,Mk03,validation,0,C,0.5,shuffled,3,0.0007623263980573684
Mk03-303-0,Mk03,validation,0,W,0.25,conditional,5,0.00037646271963379037
Mk03-303-0,Mk03,validation,0,W,0.25,fixed,3,0.0006242695013519022
Mk03-303-0,Mk03,validation,0,W,0.25,shuffled,3,0.0006242695013519022
Mk03-303-0,Mk03,validation,0,W,0.5,conditional,3,0.0001171571817812475
Mk03-303-0,Mk03,validation,0,W,0.5,fixed,3,0.0001171571817812475
Mk03-303-0,Mk03,validation,0,W,0.5,shuffled,3,0.0001171571817812475
Mk03-303-0,Mk03,validation,0,L,0.25,conditional,3,0.00045238351042624396
Mk03-303-0,Mk03,validation,0,L,0.25,fixed,3,0.00045238351042624396
Mk03-303-0,Mk03,validation,0,L,0.25,shuffled,5,0.0003720688544346686
Mk03-303-0,Mk03,validation,0,L,0.5,conditional,3,0.00047966395536658637
Mk03-303-0,Mk03,validation,0,L,0.5,fixed,3,0.00047966395536658637
Mk03-303-0,Mk03,validation,0,L,0.5,shuffled,3,0.00047966395536658637
Mk03-303-19,Mk03,validation,19,R,0.25,conditional,5,0.00033036580379382116
Mk03-303-19,Mk03,validation,19,R,0.25,fixed,3,0.00014530747336236527
Mk03-303-19,Mk03,validation,19,R,0.25,shuffled,5,0.00033036580379382116
Mk03-303-19,Mk03,validation,19,R,0.5,conditional,3,0.00015700994928628418
Mk03-303-19,Mk03,validation,19,R,0.5,fixed,3,0.00015700994928628418
Mk03-303-19,Mk03,validation,19,R,0.5,shuffled,3,0.00015700994928628418
Mk03-303-19,Mk03,validation,19,S,0.25,conditional,5,0.0002301509362699363
Mk03-303-19,Mk03,validation,19,S,0.25,fixed,3,0.00028117623897731597
Mk03-303-19,Mk03,validation,19,S,0.25,shuffled,3,0.00028117623897731597
Mk03-303-19,Mk03,validation,19,S,0.5,conditional,5,0.00024016575252685133
Mk03-303-19,Mk03,validation,19,S,0.5,fixed,3,8.055299652025645e-05
Mk03-303-19,Mk03,validation,19,S,0.5,shuffled,3,8.055299652025645e-05
Mk03-303-19,Mk03,validation,19,A,0.25,conditional,3,6.604753118805325e-05
Mk03-303-19,Mk03,validation,19,A,0.25,fixed,3,6.604753118805325e-05
Mk03-303-19,Mk03,validation,19,A,0.25,shuffled,3,6.604753118805325e-05
Mk03-303-19,Mk03,validation,19,A,0.5,conditional,3,0.00013677756462660953
Mk03-303-19,Mk03,validation,19,A,0.5,fixed,3,0.00013677756462660953
Mk03-303-19,Mk03,validation,19,A,0.5,shuffled,3,0.00013677756462660953
Mk03-303-19,Mk03,validation,19,C,0.25,conditional,3,9.62032438211911e-05
Mk03-303-19,Mk03,validation,19,C,0.25,fixed,3,9.62032438211911e-05
Mk03-303-19,Mk03,validation,19,C,0.25,shuffled,3,9.62032438211911e-05
Mk03-303-19,Mk03,validation,19,C,0.5,conditional,3,2.924032402546564e-05
Mk03-303-19,Mk03,validation,19,C,0.5,fixed,3,2.924032402546564e-05
Mk03-303-19,Mk03,validation,19,C,0.5,shuffled,3,2.924032402546564e-05
Mk03-303-19,Mk03,validation,19,W,0.25,conditional,5,0.00040557008535753463
Mk03-303-19,Mk03,validation,19,W,0.25,fixed,3,0.0001762328751307754
Mk03-303-19,Mk03,validation,19,W,0.25,shuffled,3,0.0001762328751307754
Mk03-303-19,Mk03,validation,19,W,0.5,conditional,3,0.00016192019131578404
Mk03-303-19,Mk03,validation,19,W,0.5,fixed,3,0.00016192019131578404
Mk03-303-19,Mk03,validation,19,W,0.5,shuffled,3,0.00016192019131578404
Mk03-303-19,Mk03,validation,19,L,0.25,conditional,3,8.272425474993182e-05
Mk03-303-19,Mk03,validation,19,L,0.25,fixed,3,8.272425474993182e-05
Mk03-303-19,Mk03,validation,19,L,0.25,shuffled,5,0.00047230932145244964
Mk03-303-19,Mk03,validation,19,L,0.5,conditional,3,0.00020910461941554834
Mk03-303-19,Mk03,validation,19,L,0.5,fixed,3,0.00020910461941554834
Mk03-303-19,Mk03,validation,19,L,0.5,shuffled,3,0.00020910461941554834
Mk03-303-9,Mk03,validation,9,R,0.25,conditional,5,7.343006480044509e-05
Mk03-303-9,Mk03,validation,9,R,0.25,fixed,3,8.998535804653682e-05
Mk03-303-9,Mk03,validation,9,R,0.25,shuffled,5,7.343006480044509e-05
Mk03-303-9,Mk03,validation,9,R,0.5,conditional,3,0.00027332618808997237
Mk03-303-9,Mk03,validation,9,R,0.5,fixed,3,0.00027332618808997237
Mk03-303-9,Mk03,validation,9,R,0.5,shuffled,3,0.00027332618808997237
Mk03-303-9,Mk03,validation,9,S,0.25,conditional,5,2.654424040722272e-05
Mk03-303-9,Mk03,validation,9,S,0.25,fixed,3,7.683364231042451e-05
Mk03-303-9,Mk03,validation,9,S,0.25,shuffled,3,7.683364231042451e-05
Mk03-303-9,Mk03,validation,9,S,0.5,conditional,5,1.2375678860718884e-05
Mk03-303-9,Mk03,validation,9,S,0.5,fixed,3,0.0003854291873136779
Mk03-303-9,Mk03,validation,9,S,0.5,shuffled,3,0.0003854291873136779
Mk03-303-9,Mk03,validation,9,A,0.25,conditional,3,0.00023406090129071493
Mk03-303-9,Mk03,validation,9,A,0.25,fixed,3,0.00023406090129071493
Mk03-303-9,Mk03,validation,9,A,0.25,shuffled,3,0.00023406090129071493
Mk03-303-9,Mk03,validation,9,A,0.5,conditional,3,0.00043606263684536705
Mk03-303-9,Mk03,validation,9,A,0.5,fixed,3,0.00043606263684536705
Mk03-303-9,Mk03,validation,9,A,0.5,shuffled,3,0.00043606263684536705
Mk03-303-9,Mk03,validation,9,C,0.25,conditional,3,9.675741810714906e-05
Mk03-303-9,Mk03,validation,9,C,0.25,fixed,3,9.675741810714906e-05
Mk03-303-9,Mk03,validation,9,C,0.25,shuffled,3,9.675741810714906e-05
Mk03-303-9,Mk03,validation,9,C,0.5,conditional,3,0.00043606263684536705
Mk03-303-9,Mk03,validation,9,C,0.5,fixed,3,0.00043606263684536705
Mk03-303-9,Mk03,validation,9,C,0.5,shuffled,3,0.00043606263684536705
Mk03-303-9,Mk03,validation,9,W,0.25,conditional,5,3.9248413384746255e-05
Mk03-303-9,Mk03,validation,9,W,0.25,fixed,3,0.00013092864342449865
Mk03-303-9,Mk03,validation,9,W,0.25,shuffled,3,0.00013092864342449865
Mk03-303-9,Mk03,validation,9,W,0.5,conditional,3,0.000360094730541066
Mk03-303-9,Mk03,validation,9,W,0.5,fixed,3,0.000360094730541066
Mk03-303-9,Mk03,validation,9,W,0.5,shuffled,3,0.000360094730541066
Mk03-303-9,Mk03,validation,9,L,0.25,conditional,3,0.00022879954572672546
Mk03-303-9,Mk03,validation,9,L,0.25,fixed,3,0.00022879954572672546
Mk03-303-9,Mk03,validation,9,L,0.25,shuffled,5,3.758567531283082e-18
Mk03-303-9,Mk03,validation,9,L,0.5,conditional,3,0.0003519482906652593
Mk03-303-9,Mk03,validation,9,L,0.5,fixed,3,0.0003519482906652593
Mk03-303-9,Mk03,validation,9,L,0.5,shuffled,3,0.0003519482906652593
Mk04-101-0,Mk04,explore,0,R,0.25,conditional,5,0.001228652737193416
Mk04-101-0,Mk04,explore,0,R,0.25,fixed,3,0.0008938081685115094
Mk04-101-0,Mk04,explore,0,R,0.25,shuffled,5,0.001228652737193416
Mk04-101-0,Mk04,explore,0,R,0.5,conditional,3,0.0007345597840632522
Mk04-101-0,Mk04,explore,0,R,0.5,fixed,3,0.0007345597840632522
Mk04-101-0,Mk04,explore,0,R,0.5,shuffled,3,0.0007345597840632522
Mk04-101-0,Mk04,explore,0,S,0.25,conditional,5,0.0009936673705491703
Mk04-101-0,Mk04,explore,0,S,0.25,fixed,3,0.0009730372712956212
Mk04-101-0,Mk04,explore,0,S,0.25,shuffled,3,0.0009730372712956212
Mk04-101-0,Mk04,explore,0,S,0.5,conditional,5,0.0017497969539529378
Mk04-101-0,Mk04,explore,0,S,0.5,fixed,3,0.0015595250651460081
Mk04-101-0,Mk04,explore,0,S,0.5,shuffled,3,0.0015595250651460081
Mk04-101-0,Mk04,explore,0,A,0.25,conditional,3,0.0015505866234538726
Mk04-101-0,Mk04,explore,0,A,0.25,fixed,3,0.0015505866234538726
Mk04-101-0,Mk04,explore,0,A,0.25,shuffled,3,0.0015505866234538726
Mk04-101-0,Mk04,explore,0,A,0.5,conditional,3,0.0014271667544873369
Mk04-101-0,Mk04,explore,0,A,0.5,fixed,3,0.0014271667544873369
Mk04-101-0,Mk04,explore,0,A,0.5,shuffled,3,0.0014271667544873369
Mk04-101-0,Mk04,explore,0,C,0.25,conditional,3,0.0015505866234538726
Mk04-101-0,Mk04,explore,0,C,0.25,fixed,3,0.0015505866234538726
Mk04-101-0,Mk04,explore,0,C,0.25,shuffled,3,0.0015505866234538726
Mk04-101-0,Mk04,explore,0,C,0.5,conditional,3,0.0013395360491389012
Mk04-101-0,Mk04,explore,0,C,0.5,fixed,3,0.0013395360491389012
Mk04-101-0,Mk04,explore,0,C,0.5,shuffled,3,0.0013395360491389012
Mk04-101-0,Mk04,explore,0,W,0.25,conditional,5,0.001278539466720864
Mk04-101-0,Mk04,explore,0,W,0.25,fixed,3,0.0013399010657249566
Mk04-101-0,Mk04,explore,0,W,0.25,shuffled,3,0.0013399010657249566
Mk04-101-0,Mk04,explore,0,W,0.5,conditional,3,0.0013395360491389012
Mk04-101-0,Mk04,explore,0,W,0.5,fixed,3,0.0013395360491389012
Mk04-101-0,Mk04,explore,0,W,0.5,shuffled,3,0.0013395360491389012
Mk04-101-0,Mk04,explore,0,L,0.25,conditional,3,0.001304877080465953
Mk04-101-0,Mk04,explore,0,L,0.25,fixed,3,0.001304877080465953
Mk04-101-0,Mk04,explore,0,L,0.25,shuffled,5,0.0010601463822250382
Mk04-101-0,Mk04,explore,0,L,0.5,conditional,3,0.0015595250651460081
Mk04-101-0,Mk04,explore,0,L,0.5,fixed,3,0.0015595250651460081
Mk04-101-0,Mk04,explore,0,L,0.5,shuffled,3,0.0015595250651460081
Mk04-101-19,Mk04,explore,19,R,0.25,conditional,5,0.0005582852951714735
Mk04-101-19,Mk04,explore,19,R,0.25,fixed,3,0.0003458154904625547
Mk04-101-19,Mk04,explore,19,R,0.25,shuffled,5,0.0005582852951714735
Mk04-101-19,Mk04,explore,19,R,0.5,conditional,3,0.0006887796242862786
Mk04-101-19,Mk04,explore,19,R,0.5,fixed,3,0.0006887796242862786
Mk04-101-19,Mk04,explore,19,R,0.5,shuffled,3,0.0006887796242862786
Mk04-101-19,Mk04,explore,19,S,0.25,conditional,5,0.00046805939126082566
Mk04-101-19,Mk04,explore,19,S,0.25,fixed,3,0.0007668237580555466
Mk04-101-19,Mk04,explore,19,S,0.25,shuffled,3,0.0007668237580555466
Mk04-101-19,Mk04,explore,19,S,0.5,conditional,5,0.000575081635123053
Mk04-101-19,Mk04,explore,19,S,0.5,fixed,3,0.0003433097448860723
Mk04-101-19,Mk04,explore,19,S,0.5,shuffled,3,0.0003433097448860723
Mk04-101-19,Mk04,explore,19,A,0.25,conditional,3,0.0006068255424845332
Mk04-101-19,Mk04,explore,19,A,0.25,fixed,3,0.0006068255424845332
Mk04-101-19,Mk04,explore,19,A,0.25,shuffled,3,0.0006068255424845332
Mk04-101-19,Mk04,explore,19,A,0.5,conditional,3,0.0008236737412006999
Mk04-101-19,Mk04,explore,19,A,0.5,fixed,3,0.0008236737412006999
Mk04-101-19,Mk04,explore,19,A,0.5,shuffled,3,0.0008236737412006999
Mk04-101-19,Mk04,explore,19,C,0.25,conditional,3,0.0007668237580555466
Mk04-101-19,Mk04,explore,19,C,0.25,fixed,3,0.0007668237580555466
Mk04-101-19,Mk04,explore,19,C,0.25,shuffled,3,0.0007668237580555466
Mk04-101-19,Mk04,explore,19,C,0.5,conditional,3,0.0009248514320192844
Mk04-101-19,Mk04,explore,19,C,0.5,fixed,3,0.0009248514320192844
Mk04-101-19,Mk04,explore,19,C,0.5,shuffled,3,0.0009248514320192844
Mk04-101-19,Mk04,explore,19,W,0.25,conditional,5,0.0007808598125800039
Mk04-101-19,Mk04,explore,19,W,0.25,fixed,3,0.0009153244953876392
Mk04-101-19,Mk04,explore,19,W,0.25,shuffled,3,0.0009153244953876392
Mk04-101-19,Mk04,explore,19,W,0.5,conditional,3,0.001058733224905584
Mk04-101-19,Mk04,explore,19,W,0.5,fixed,3,0.001058733224905584
Mk04-101-19,Mk04,explore,19,W,0.5,shuffled,3,0.001058733224905584
Mk04-101-19,Mk04,explore,19,L,0.25,conditional,3,0.0009764181592260259
Mk04-101-19,Mk04,explore,19,L,0.25,fixed,3,0.0009764181592260259
Mk04-101-19,Mk04,explore,19,L,0.25,shuffled,5,0.0007271438939181739
Mk04-101-19,Mk04,explore,19,L,0.5,conditional,3,0.0003869205280342983
Mk04-101-19,Mk04,explore,19,L,0.5,fixed,3,0.0003869205280342983
Mk04-101-19,Mk04,explore,19,L,0.5,shuffled,3,0.0003869205280342983
Mk04-101-9,Mk04,explore,9,R,0.25,conditional,5,0.000184843025670718
Mk04-101-9,Mk04,explore,9,R,0.25,fixed,3,0.0006082087364222864
Mk04-101-9,Mk04,explore,9,R,0.25,shuffled,5,0.000184843025670718
Mk04-101-9,Mk04,explore,9,R,0.5,conditional,3,0.0005264506929853809
Mk04-101-9,Mk04,explore,9,R,0.5,fixed,3,0.0005264506929853809
Mk04-101-9,Mk04,explore,9,R,0.5,shuffled,3,0.0005264506929853809
Mk04-101-9,Mk04,explore,9,S,0.25,conditional,5,0.0004999875479149313
Mk04-101-9,Mk04,explore,9,S,0.25,fixed,3,0.0004738962778217859
Mk04-101-9,Mk04,explore,9,S,0.25,shuffled,3,0.0004738962778217859
Mk04-101-9,Mk04,explore,9,S,0.5,conditional,5,0.00041866124704910304
Mk04-101-9,Mk04,explore,9,S,0.5,fixed,3,0.0009405720701793088
Mk04-101-9,Mk04,explore,9,S,0.5,shuffled,3,0.0009405720701793088
Mk04-101-9,Mk04,explore,9,A,0.25,conditional,3,0.0004324416715283557
Mk04-101-9,Mk04,explore,9,A,0.25,fixed,3,0.0004324416715283557
Mk04-101-9,Mk04,explore,9,A,0.25,shuffled,3,0.0004324416715283557
Mk04-101-9,Mk04,explore,9,A,0.5,conditional,3,0.0010578320113931547
Mk04-101-9,Mk04,explore,9,A,0.5,fixed,3,0.0010578320113931547
Mk04-101-9,Mk04,explore,9,A,0.5,shuffled,3,0.0010578320113931547
Mk04-101-9,Mk04,explore,9,C,0.25,conditional,3,0.0008620899638629263
Mk04-101-9,Mk04,explore,9,C,0.25,fixed,3,0.0008620899638629263
Mk04-101-9,Mk04,explore,9,C,0.25,shuffled,3,0.0008620899638629263
Mk04-101-9,Mk04,explore,9,C,0.5,conditional,3,0.0009422755667203043
Mk04-101-9,Mk04,explore,9,C,0.5,fixed,3,0.0009422755667203043
Mk04-101-9,Mk04,explore,9,C,0.5,shuffled,3,0.0009422755667203043
Mk04-101-9,Mk04,explore,9,W,0.25,conditional,5,0.000719094214724359
Mk04-101-9,Mk04,explore,9,W,0.25,fixed,3,0.00039540622841761187
Mk04-101-9,Mk04,explore,9,W,0.25,shuffled,3,0.00039540622841761187
Mk04-101-9,Mk04,explore,9,W,0.5,conditional,3,0.0008930961611984946
Mk04-101-9,Mk04,explore,9,W,0.5,fixed,3,0.0008930961611984946
Mk04-101-9,Mk04,explore,9,W,0.5,shuffled,3,0.0008930961611984946
Mk04-101-9,Mk04,explore,9,L,0.25,conditional,3,0.00039272101987695415
Mk04-101-9,Mk04,explore,9,L,0.25,fixed,3,0.00039272101987695415
Mk04-101-9,Mk04,explore,9,L,0.25,shuffled,5,0.0007751915568272536
Mk04-101-9,Mk04,explore,9,L,0.5,conditional,3,0.0009422755667203043
Mk04-101-9,Mk04,explore,9,L,0.5,fixed,3,0.0009422755667203043
Mk04-101-9,Mk04,explore,9,L,0.5,shuffled,3,0.0009422755667203043
Mk04-202-0,Mk04,explore,0,R,0.25,conditional,5,0.0021379442077487207
Mk04-202-0,Mk04,explore,0,R,0.25,fixed,3,0.0015829199427152664
Mk04-202-0,Mk04,explore,0,R,0.25,shuffled,5,0.0021379442077487207
Mk04-202-0,Mk04,explore,0,R,0.5,conditional,3,0.0014136831518071647
Mk04-202-0,Mk04,explore,0,R,0.5,fixed,3,0.0014136831518071647
Mk04-202-0,Mk04,explore,0,R,0.5,shuffled,3,0.0014136831518071647
Mk04-202-0,Mk04,explore,0,S,0.25,conditional,5,0.0008416376029258887
Mk04-202-0,Mk04,explore,0,S,0.25,fixed,3,0.0016196557002712381
Mk04-202-0,Mk04,explore,0,S,0.25,shuffled,3,0.0016196557002712381
Mk04-202-0,Mk04,explore,0,S,0.5,conditional,5,0.0009652653659070575
Mk04-202-0,Mk04,explore,0,S,0.5,fixed,3,0.0005807322880132406
Mk04-202-0,Mk04,explore,0,S,0.5,shuffled,3,0.0005807322880132406
Mk04-202-0,Mk04,explore,0,A,0.25,conditional,3,0.002045315482789196
Mk04-202-0,Mk04,explore,0,A,0.25,fixed,3,0.002045315482789196
Mk04-202-0,Mk04,explore,0,A,0.25,shuffled,3,0.002045315482789196
Mk04-202-0,Mk04,explore,0,A,0.5,conditional,3,0.001483385243638366
Mk04-202-0,Mk04,explore,0,A,0.5,fixed,3,0.001483385243638366
Mk04-202-0,Mk04,explore,0,A,0.5,shuffled,3,0.001483385243638366
Mk04-202-0,Mk04,explore,0,C,0.25,conditional,3,0.001601969325985329
Mk04-202-0,Mk04,explore,0,C,0.25,fixed,3,0.001601969325985329
Mk04-202-0,Mk04,explore,0,C,0.25,shuffled,3,0.001601969325985329
Mk04-202-0,Mk04,explore,0,C,0.5,conditional,3,0.0008411779747009553
Mk04-202-0,Mk04,explore,0,C,0.5,fixed,3,0.0008411779747009553
Mk04-202-0,Mk04,explore,0,C,0.5,shuffled,3,0.0008411779747009553
Mk04-202-0,Mk04,explore,0,W,0.25,conditional,5,0.0034962729444450343
Mk04-202-0,Mk04,explore,0,W,0.25,fixed,3,0.000821683312738195
Mk04-202-0,Mk04,explore,0,W,0.25,shuffled,3,0.000821683312738195
Mk04-202-0,Mk04,explore,0,W,0.5,conditional,3,0.000919007377472269
Mk04-202-0,Mk04,explore,0,W,0.5,fixed,3,0.000919007377472269
Mk04-202-0,Mk04,explore,0,W,0.5,shuffled,3,0.000919007377472269
Mk04-202-0,Mk04,explore,0,L,0.25,conditional,3,0.0008053484263230827
Mk04-202-0,Mk04,explore,0,L,0.25,fixed,3,0.0008053484263230827
Mk04-202-0,Mk04,explore,0,L,0.25,shuffled,5,0.002687786282699672
Mk04-202-0,Mk04,explore,0,L,0.5,conditional,3,0.0014136831518071647
Mk04-202-0,Mk04,explore,0,L,0.5,fixed,3,0.0014136831518071647
Mk04-202-0,Mk04,explore,0,L,0.5,shuffled,3,0.0014136831518071647
Mk04-202-19,Mk04,explore,19,R,0.25,conditional,5,1.7850219385229123e-05
Mk04-202-19,Mk04,explore,19,R,0.25,fixed,3,0.0004579744964239542
Mk04-202-19,Mk04,explore,19,R,0.25,shuffled,5,1.7850219385229123e-05
Mk04-202-19,Mk04,explore,19,R,0.5,conditional,3,0.0003716731770872302
Mk04-202-19,Mk04,explore,19,R,0.5,fixed,3,0.0003716731770872302
Mk04-202-19,Mk04,explore,19,R,0.5,shuffled,3,0.0003716731770872302
Mk04-202-19,Mk04,explore,19,S,0.25,conditional,5,0.0
Mk04-202-19,Mk04,explore,19,S,0.25,fixed,3,0.00016043994972695231
Mk04-202-19,Mk04,explore,19,S,0.25,shuffled,3,0.00016043994972695231
Mk04-202-19,Mk04,explore,19,S,0.5,conditional,5,3.252875309475321e-06
Mk04-202-19,Mk04,explore,19,S,0.5,fixed,3,3.239713496346942e-05
Mk04-202-19,Mk04,explore,19,S,0.5,shuffled,3,3.239713496346942e-05
Mk04-202-19,Mk04,explore,19,A,0.25,conditional,3,0.0002238260691203271
Mk04-202-19,Mk04,explore,19,A,0.25,fixed,3,0.0002238260691203271
Mk04-202-19,Mk04,explore,19,A,0.25,shuffled,3,0.0002238260691203271
Mk04-202-19,Mk04,explore,19,A,0.5,conditional,3,0.00043804889996786484
Mk04-202-19,Mk04,explore,19,A,0.5,fixed,3,0.00043804889996786484
Mk04-202-19,Mk04,explore,19,A,0.5,shuffled,3,0.00043804889996786484
Mk04-202-19,Mk04,explore,19,C,0.25,conditional,3,0.0002230524757100645
Mk04-202-19,Mk04,explore,19,C,0.25,fixed,3,0.0002230524757100645
Mk04-202-19,Mk04,explore,19,C,0.25,shuffled,3,0.0002230524757100645
Mk04-202-19,Mk04,explore,19,C,0.5,conditional,3,3.41920152605714e-05
Mk04-202-19,Mk04,explore,19,C,0.5,fixed,3,3.41920152605714e-05
Mk04-202-19,Mk04,explore,19,C,0.5,shuffled,3,3.41920152605714e-05
Mk04-202-19,Mk04,explore,19,W,0.25,conditional,5,0.00017466231189546284
Mk04-202-19,Mk04,explore,19,W,0.25,fixed,3,0.0004811604975950405
Mk04-202-19,Mk04,explore,19,W,0.25,shuffled,3,0.0004811604975950405
Mk04-202-19,Mk04,explore,19,W,0.5,conditional,3,0.0006428245406198124
Mk04-202-19,Mk04,explore,19,W,0.5,fixed,3,0.0006428245406198124
Mk04-202-19,Mk04,explore,19,W,0.5,shuffled,3,0.0006428245406198124
Mk04-202-19,Mk04,explore,19,L,0.25,conditional,3,0.0004811604975950405
Mk04-202-19,Mk04,explore,19,L,0.25,fixed,3,0.0004811604975950405
Mk04-202-19,Mk04,explore,19,L,0.25,shuffled,5,0.00020983515062712485
Mk04-202-19,Mk04,explore,19,L,0.5,conditional,3,0.0005320600096189104
Mk04-202-19,Mk04,explore,19,L,0.5,fixed,3,0.0005320600096189104
Mk04-202-19,Mk04,explore,19,L,0.5,shuffled,3,0.0005320600096189104
Mk04-202-9,Mk04,explore,9,R,0.25,conditional,5,6.511981293387218e-05
Mk04-202-9,Mk04,explore,9,R,0.25,fixed,3,0.00010502101460786453
Mk04-202-9,Mk04,explore,9,R,0.25,shuffled,5,6.511981293387218e-05
Mk04-202-9,Mk04,explore,9,R,0.5,conditional,3,6.58664811854904e-05
Mk04-202-9,Mk04,explore,9,R,0.5,fixed,3,6.58664811854904e-05
Mk04-202-9,Mk04,explore,9,R,0.5,shuffled,3,6.58664811854904e-05
Mk04-202-9,Mk04,explore,9,S,0.25,conditional,5,3.148050020562941e-05
Mk04-202-9,Mk04,explore,9,S,0.25,fixed,3,5.189812912835068e-05
Mk04-202-9,Mk04,explore,9,S,0.25,shuffled,3,5.189812912835068e-05
Mk04-202-9,Mk04,explore,9,S,0.5,conditional,5,8.318497248586791e-05
Mk04-202-9,Mk04,explore,9,S,0.5,fixed,3,0.00011898936666500425
Mk04-202-9,Mk04,explore,9,S,0.5,shuffled,3,0.00011898936666500425
Mk04-202-9,Mk04,explore,9,A,0.25,conditional,3,0.00011085497956797152
Mk04-202-9,Mk04,explore,9,A,0.25,fixed,3,0.00011085497956797152
Mk04-202-9,Mk04,explore,9,A,0.25,shuffled,3,0.00011085497956797152
Mk04-202-9,Mk04,explore,9,A,0.5,conditional,3,0.00019458908141396802
Mk04-202-9,Mk04,explore,9,A,0.5,fixed,3,0.00019458908141396802
Mk04-202-9,Mk04,explore,9,A,0.5,shuffled,3,0.00019458908141396802
Mk04-202-9,Mk04,explore,9,C,0.25,conditional,3,0.00011085497956797152
Mk04-202-9,Mk04,explore,9,C,0.25,fixed,3,0.00011085497956797152
Mk04-202-9,Mk04,explore,9,C,0.25,shuffled,3,0.00011085497956797152
Mk04-202-9,Mk04,explore,9,C,0.5,conditional,3,0.00011898936666500425
Mk04-202-9,Mk04,explore,9,C,0.5,fixed,3,0.00011898936666500425
Mk04-202-9,Mk04,explore,9,C,0.5,shuffled,3,0.00011898936666500425
Mk04-202-9,Mk04,explore,9,W,0.25,conditional,5,0.00016579203255091506
Mk04-202-9,Mk04,explore,9,W,0.25,fixed,3,6.624199643586294e-05
Mk04-202-9,Mk04,explore,9,W,0.25,shuffled,3,6.624199643586294e-05
Mk04-202-9,Mk04,explore,9,W,0.5,conditional,3,0.0001008360244647026
Mk04-202-9,Mk04,explore,9,W,0.5,fixed,3,0.0001008360244647026
Mk04-202-9,Mk04,explore,9,W,0.5,shuffled,3,0.0001008360244647026
Mk04-202-9,Mk04,explore,9,L,0.25,conditional,3,5.362256838718843e-05
Mk04-202-9,Mk04,explore,9,L,0.25,fixed,3,5.362256838718843e-05
Mk04-202-9,Mk04,explore,9,L,0.25,shuffled,5,0.00013023962586774436
Mk04-202-9,Mk04,explore,9,L,0.5,conditional,3,0.0001053729018430608
Mk04-202-9,Mk04,explore,9,L,0.5,fixed,3,0.0001053729018430608
Mk04-202-9,Mk04,explore,9,L,0.5,shuffled,3,0.0001053729018430608
Mk04-303-0,Mk04,explore,0,R,0.25,conditional,5,0.0008033659852377505
Mk04-303-0,Mk04,explore,0,R,0.25,fixed,3,0.0012729014762754246
Mk04-303-0,Mk04,explore,0,R,0.25,shuffled,5,0.0008033659852377505
Mk04-303-0,Mk04,explore,0,R,0.5,conditional,3,0.0005872210427138796
Mk04-303-0,Mk04,explore,0,R,0.5,fixed,3,0.0005872210427138796
Mk04-303-0,Mk04,explore,0,R,0.5,shuffled,3,0.0005872210427138796
Mk04-303-0,Mk04,explore,0,S,0.25,conditional,5,0.0013321347316875391
Mk04-303-0,Mk04,explore,0,S,0.25,fixed,3,0.0008987655195371026
Mk04-303-0,Mk04,explore,0,S,0.25,shuffled,3,0.0008987655195371026
Mk04-303-0,Mk04,explore,0,S,0.5,conditional,5,0.004176069031257573
Mk04-303-0,Mk04,explore,0,S,0.5,fixed,3,0.0005688658007158747
Mk04-303-0,Mk04,explore,0,S,0.5,shuffled,3,0.0005688658007158747
Mk04-303-0,Mk04,explore,0,A,0.25,conditional,3,0.0006137514028512892
Mk04-303-0,Mk04,explore,0,A,0.25,fixed,3,0.0006137514028512892
Mk04-303-0,Mk04,explore,0,A,0.25,shuffled,3,0.0006137514028512892
Mk04-303-0,Mk04,explore,0,A,0.5,conditional,3,0.0003634714275569235
Mk04-303-0,Mk04,explore,0,A,0.5,fixed,3,0.0003634714275569235
Mk04-303-0,Mk04,explore,0,A,0.5,shuffled,3,0.0003634714275569235
Mk04-303-0,Mk04,explore,0,C,0.25,conditional,3,0.0001357484675421144
Mk04-303-0,Mk04,explore,0,C,0.25,fixed,3,0.0001357484675421144
Mk04-303-0,Mk04,explore,0,C,0.25,shuffled,3,0.0001357484675421144
Mk04-303-0,Mk04,explore,0,C,0.5,conditional,3,0.0002590336803831678
Mk04-303-0,Mk04,explore,0,C,0.5,fixed,3,0.0002590336803831678
Mk04-303-0,Mk04,explore,0,C,0.5,shuffled,3,0.0002590336803831678
Mk04-303-0,Mk04,explore,0,W,0.25,conditional,5,0.0013212184849086667
Mk04-303-0,Mk04,explore,0,W,0.25,fixed,3,0.00039795201505942016
Mk04-303-0,Mk04,explore,0,W,0.25,shuffled,3,0.00039795201505942016
Mk04-303-0,Mk04,explore,0,W,0.5,conditional,3,0.0006178694776837081
Mk04-303-0,Mk04,explore,0,W,0.5,fixed,3,0.0006178694776837081
Mk04-303-0,Mk04,explore,0,W,0.5,shuffled,3,0.0006178694776837081
Mk04-303-0,Mk04,explore,0,L,0.25,conditional,3,0.0002682915540427189
Mk04-303-0,Mk04,explore,0,L,0.25,fixed,3,0.0002682915540427189
Mk04-303-0,Mk04,explore,0,L,0.25,shuffled,5,0.0015337350521210866
Mk04-303-0,Mk04,explore,0,L,0.5,conditional,3,0.0005631198140010613
Mk04-303-0,Mk04,explore,0,L,0.5,fixed,3,0.0005631198140010613
Mk04-303-0,Mk04,explore,0,L,0.5,shuffled,3,0.0005631198140010613
Mk04-303-19,Mk04,explore,19,R,0.25,conditional,5,6.56459125895478e-05
Mk04-303-19,Mk04,explore,19,R,0.25,fixed,3,6.739370075528916e-05
Mk04-303-19,Mk04,explore,19,R,0.25,shuffled,5,6.56459125895478e-05
Mk04-303-19,Mk04,explore,19,R,0.5,conditional,3,0.00010740840057592973
Mk04-303-19,Mk04,explore,19,R,0.5,fixed,3,0.00010740840057592973
Mk04-303-19,Mk04,explore,19,R,0.5,shuffled,3,0.00010740840057592973
Mk04-303-19,Mk04,explore,19,S,0.25,conditional,5,6.673317241665752e-05
Mk04-303-19,Mk04,explore,19,S,0.25,fixed,3,1.886049394158016e-05
Mk04-303-19,Mk04,explore,19,S,0.25,shuffled,3,1.886049394158016e-05
Mk04-303-19,Mk04,explore,19,S,0.5,conditional,5,8.090486913358765e-05
Mk04-303-19,Mk04,explore,19,S,0.5,fixed,3,4.986666685890314e-05
Mk04-303-19,Mk04,explore,19,S,0.5,shuffled,3,4.986666685890314e-05
Mk04-303-19,Mk04,explore,19,A,0.25,conditional,3,0.00039579998309687887
Mk04-303-19,Mk04,explore,19,A,0.25,fixed,3,0.00039579998309687887
Mk04-303-19,Mk04,explore,19,A,0.25,shuffled,3,0.00039579998309687887
Mk04-303-19,Mk04,explore,19,A,0.5,conditional,3,0.000281626763891307
Mk04-303-19,Mk04,explore,19,A,0.5,fixed,3,0.000281626763891307
Mk04-303-19,Mk04,explore,19,A,0.5,shuffled,3,0.000281626763891307
Mk04-303-19,Mk04,explore,19,C,0.25,conditional,3,3.053894416452075e-05
Mk04-303-19,Mk04,explore,19,C,0.25,fixed,3,3.053894416452075e-05
Mk04-303-19,Mk04,explore,19,C,0.25,shuffled,3,3.053894416452075e-05
Mk04-303-19,Mk04,explore,19,C,0.5,conditional,3,0.000281626763891307
Mk04-303-19,Mk04,explore,19,C,0.5,fixed,3,0.000281626763891307
Mk04-303-19,Mk04,explore,19,C,0.5,shuffled,3,0.000281626763891307
Mk04-303-19,Mk04,explore,19,W,0.25,conditional,5,6.451485692987157e-05
Mk04-303-19,Mk04,explore,19,W,0.25,fixed,3,6.823370010296331e-05
Mk04-303-19,Mk04,explore,19,W,0.25,shuffled,3,6.823370010296331e-05
Mk04-303-19,Mk04,explore,19,W,0.5,conditional,3,2.9711351302482883e-05
Mk04-303-19,Mk04,explore,19,W,0.5,fixed,3,2.9711351302482883e-05
Mk04-303-19,Mk04,explore,19,W,0.5,shuffled,3,2.9711351302482883e-05
Mk04-303-19,Mk04,explore,19,L,0.25,conditional,3,6.823370010296331e-05
Mk04-303-19,Mk04,explore,19,L,0.25,fixed,3,6.823370010296331e-05
Mk04-303-19,Mk04,explore,19,L,0.25,shuffled,5,3.883084699127989e-05
Mk04-303-19,Mk04,explore,19,L,0.5,conditional,3,5.610334530355628e-05
Mk04-303-19,Mk04,explore,19,L,0.5,fixed,3,5.610334530355628e-05
Mk04-303-19,Mk04,explore,19,L,0.5,shuffled,3,5.610334530355628e-05
Mk04-303-9,Mk04,explore,9,R,0.25,conditional,5,0.0004553767205150424
Mk04-303-9,Mk04,explore,9,R,0.25,fixed,3,0.0001153731761439249
Mk04-303-9,Mk04,explore,9,R,0.25,shuffled,5,0.0004553767205150424
Mk04-303-9,Mk04,explore,9,R,0.5,conditional,3,6.282454717087735e-05
Mk04-303-9,Mk04,explore,9,R,0.5,fixed,3,6.282454717087735e-05
Mk04-303-9,Mk04,explore,9,R,0.5,shuffled,3,6.282454717087735e-05
Mk04-303-9,Mk04,explore,9,S,0.25,conditional,5,0.0009042207406508351
Mk04-303-9,Mk04,explore,9,S,0.25,fixed,3,0.0001349895516460658
Mk04-303-9,Mk04,explore,9,S,0.25,shuffled,3,0.0001349895516460658
Mk04-303-9,Mk04,explore,9,S,0.5,conditional,5,0.0008906037770992628
Mk04-303-9,Mk04,explore,9,S,0.5,fixed,3,0.0008580705232152145
Mk04-303-9,Mk04,explore,9,S,0.5,shuffled,3,0.0008580705232152145
Mk04-303-9,Mk04,explore,9,A,0.25,conditional,3,0.001708235220302557
Mk04-303-9,Mk04,explore,9,A,0.25,fixed,3,0.001708235220302557
Mk04-303-9,Mk04,explore,9,A,0.25,shuffled,3,0.001708235220302557
Mk04-303-9,Mk04,explore,9,A,0.5,conditional,3,0.0008580705232152145
Mk04-303-9,Mk04,explore,9,A,0.5,fixed,3,0.0008580705232152145
Mk04-303-9,Mk04,explore,9,A,0.5,shuffled,3,0.0008580705232152145
Mk04-303-9,Mk04,explore,9,C,0.25,conditional,3,0.0024322283634607995
Mk04-303-9,Mk04,explore,9,C,0.25,fixed,3,0.0024322283634607995
Mk04-303-9,Mk04,explore,9,C,0.25,shuffled,3,0.0024322283634607995
Mk04-303-9,Mk04,explore,9,C,0.5,conditional,3,0.0008580705232152145
Mk04-303-9,Mk04,explore,9,C,0.5,fixed,3,0.0008580705232152145
Mk04-303-9,Mk04,explore,9,C,0.5,shuffled,3,0.0008580705232152145
Mk04-303-9,Mk04,explore,9,W,0.25,conditional,5,0.0002484839787823957
Mk04-303-9,Mk04,explore,9,W,0.25,fixed,3,0.00020911928612165598
Mk04-303-9,Mk04,explore,9,W,0.25,shuffled,3,0.00020911928612165598
Mk04-303-9,Mk04,explore,9,W,0.5,conditional,3,0.0008580705232152145
Mk04-303-9,Mk04,explore,9,W,0.5,fixed,3,0.0008580705232152145
Mk04-303-9,Mk04,explore,9,W,0.5,shuffled,3,0.0008580705232152145
Mk04-303-9,Mk04,explore,9,L,0.25,conditional,3,0.001708235220302557
Mk04-303-9,Mk04,explore,9,L,0.25,fixed,3,0.001708235220302557
Mk04-303-9,Mk04,explore,9,L,0.25,shuffled,5,0.0005223977216388802
Mk04-303-9,Mk04,explore,9,L,0.5,conditional,3,0.0008580705232152145
Mk04-303-9,Mk04,explore,9,L,0.5,fixed,3,0.0008580705232152145
Mk04-303-9,Mk04,explore,9,L,0.5,shuffled,3,0.0008580705232152145
Mk05-101-0,Mk05,explore,0,R,0.25,conditional,5,0.0007218853356106269
Mk05-101-0,Mk05,explore,0,R,0.25,fixed,3,0.000708439011653063
Mk05-101-0,Mk05,explore,0,R,0.25,shuffled,5,0.0007218853356106269
Mk05-101-0,Mk05,explore,0,R,0.5,conditional,3,0.0006930724868707688
Mk05-101-0,Mk05,explore,0,R,0.5,fixed,3,0.0006930724868707688
Mk05-101-0,Mk05,explore,0,R,0.5,shuffled,3,0.0006930724868707688
Mk05-101-0,Mk05,explore,0,S,0.25,conditional,5,0.0011183453060628502
Mk05-101-0,Mk05,explore,0,S,0.25,fixed,3,0.0013573676517006454
Mk05-101-0,Mk05,explore,0,S,0.25,shuffled,3,0.0013573676517006454
Mk05-101-0,Mk05,explore,0,S,0.5,conditional,5,0.0008709843218317474
Mk05-101-0,Mk05,explore,0,S,0.5,fixed,3,0.000697237700082772
Mk05-101-0,Mk05,explore,0,S,0.5,shuffled,3,0.000697237700082772
Mk05-101-0,Mk05,explore,0,A,0.25,conditional,3,0.00138795899977224
Mk05-101-0,Mk05,explore,0,A,0.25,fixed,3,0.00138795899977224
Mk05-101-0,Mk05,explore,0,A,0.25,shuffled,3,0.00138795899977224
Mk05-101-0,Mk05,explore,0,A,0.5,conditional,3,0.0005600843920033357
Mk05-101-0,Mk05,explore,0,A,0.5,fixed,3,0.0005600843920033357
Mk05-101-0,Mk05,explore,0,A,0.5,shuffled,3,0.0005600843920033357
Mk05-101-0,Mk05,explore,0,C,0.25,conditional,3,0.0028107553149843236
Mk05-101-0,Mk05,explore,0,C,0.25,fixed,3,0.0028107553149843236
Mk05-101-0,Mk05,explore,0,C,0.25,shuffled,3,0.0028107553149843236
Mk05-101-0,Mk05,explore,0,C,0.5,conditional,3,0.0009414034125389646
Mk05-101-0,Mk05,explore,0,C,0.5,fixed,3,0.0009414034125389646
Mk05-101-0,Mk05,explore,0,C,0.5,shuffled,3,0.0009414034125389646
Mk05-101-0,Mk05,explore,0,W,0.25,conditional,5,0.0011558702265363858
Mk05-101-0,Mk05,explore,0,W,0.25,fixed,3,0.0019653776644995772
Mk05-101-0,Mk05,explore,0,W,0.25,shuffled,3,0.0019653776644995772
Mk05-101-0,Mk05,explore,0,W,0.5,conditional,3,0.0005330860680616631
Mk05-101-0,Mk05,explore,0,W,0.5,fixed,3,0.0005330860680616631
Mk05-101-0,Mk05,explore,0,W,0.5,shuffled,3,0.0005330860680616631
Mk05-101-0,Mk05,explore,0,L,0.25,conditional,3,0.0021909350450273523
Mk05-101-0,Mk05,explore,0,L,0.25,fixed,3,0.0021909350450273523
Mk05-101-0,Mk05,explore,0,L,0.25,shuffled,5,0.0011558702265363858
Mk05-101-0,Mk05,explore,0,L,0.5,conditional,3,0.0007336498311732784
Mk05-101-0,Mk05,explore,0,L,0.5,fixed,3,0.0007336498311732784
Mk05-101-0,Mk05,explore,0,L,0.5,shuffled,3,0.0007336498311732784
Mk05-101-19,Mk05,explore,19,R,0.25,conditional,5,8.449222390548034e-06
Mk05-101-19,Mk05,explore,19,R,0.25,fixed,3,0.0002216268902913841
Mk05-101-19,Mk05,explore,19,R,0.25,shuffled,5,8.449222390548034e-06
Mk05-101-19,Mk05,explore,19,R,0.5,conditional,3,0.00011912842221568547
Mk05-101-19,Mk05,explore,19,R,0.5,fixed,3,0.00011912842221568547
Mk05-101-19,Mk05,explore,19,R,0.5,shuffled,3,0.00011912842221568547
Mk05-101-19,Mk05,explore,19,S,0.25,conditional,5,2.2214397882958786e-05
Mk05-101-19,Mk05,explore,19,S,0.25,fixed,3,0.00018467243586398093
Mk05-101-19,Mk05,explore,19,S,0.25,shuffled,3,0.00018467243586398093
Mk05-101-19,Mk05,explore,19,S,0.5,conditional,5,0.0
Mk05-101-19,Mk05,explore,19,S,0.5,fixed,3,9.833610763016029e-05
Mk05-101-19,Mk05,explore,19,S,0.5,shuffled,3,9.833610763016029e-05
Mk05-101-19,Mk05,explore,19,A,0.25,conditional,3,0.00025765828501221047
Mk05-101-19,Mk05,explore,19,A,0.25,fixed,3,0.00025765828501221047
Mk05-101-19,Mk05,explore,19,A,0.25,shuffled,3,0.00025765828501221047
Mk05-101-19,Mk05,explore,19,A,0.5,conditional,3,0.00020027288321086285
Mk05-101-19,Mk05,explore,19,A,0.5,fixed,3,0.00020027288321086285
Mk05-101-19,Mk05,explore,19,A,0.5,shuffled,3,0.00020027288321086285
Mk05-101-19,Mk05,explore,19,C,0.25,conditional,3,0.0002372766471543245
Mk05-101-19,Mk05,explore,19,C,0.25,fixed,3,0.0002372766471543245
Mk05-101-19,Mk05,explore,19,C,0.25,shuffled,3,0.0002372766471543245
Mk05-101-19,Mk05,explore,19,C,0.5,conditional,3,0.0002970734971697308
Mk05-101-19,Mk05,explore,19,C,0.5,fixed,3,0.0002970734971697308
Mk05-101-19,Mk05,explore,19,C,0.5,shuffled,3,0.0002970734971697308
Mk05-101-19,Mk05,explore,19,W,0.25,conditional,5,3.891458106885766e-06
Mk05-101-19,Mk05,explore,19,W,0.25,fixed,3,0.0004177716972088411
Mk05-101-19,Mk05,explore,19,W,0.25,shuffled,3,0.0004177716972088411
Mk05-101-19,Mk05,explore,19,W,0.5,conditional,3,9.53651592214714e-05
Mk05-101-19,Mk05,explore,19,W,0.5,fixed,3,9.53651592214714e-05
Mk05-101-19,Mk05,explore,19,W,0.5,shuffled,3,9.53651592214714e-05
Mk05-101-19,Mk05,explore,19,L,0.25,conditional,3,0.0005492170306699491
Mk05-101-19,Mk05,explore,19,L,0.25,fixed,3,0.0005492170306699491
Mk05-101-19,Mk05,explore,19,L,0.25,shuffled,5,3.797302753920207e-05
Mk05-101-19,Mk05,explore,19,L,0.5,conditional,3,0.00011470873546768448
Mk05-101-19,Mk05,explore,19,L,0.5,fixed,3,0.00011470873546768448
Mk05-101-19,Mk05,explore,19,L,0.5,shuffled,3,0.00011470873546768448
Mk05-101-9,Mk05,explore,9,R,0.25,conditional,5,0.00011309742749961774
Mk05-101-9,Mk05,explore,9,R,0.25,fixed,3,0.00021773911333742256
Mk05-101-9,Mk05,explore,9,R,0.25,shuffled,5,0.00011309742749961774
Mk05-101-9,Mk05,explore,9,R,0.5,conditional,3,0.0003751229529820156
Mk05-101-9,Mk05,explore,9,R,0.5,fixed,3,0.0003751229529820156
Mk05-101-9,Mk05,explore,9,R,0.5,shuffled,3,0.0003751229529820156
Mk05-101-9,Mk05,explore,9,S,0.25,conditional,5,0.00025735279651311477
Mk05-101-9,Mk05,explore,9,S,0.25,fixed,3,0.0002711517866314333
Mk05-101-9,Mk05,explore,9,S,0.25,shuffled,3,0.0002711517866314333
Mk05-101-9,Mk05,explore,9,S,0.5,conditional,5,0.00010094585711451745
Mk05-101-9,Mk05,explore,9,S,0.5,fixed,3,0.00016886215672958678
Mk05-101-9,Mk05,explore,9,S,0.5,shuffled,3,0.00016886215672958678
Mk05-101-9,Mk05,explore,9,A,0.25,conditional,3,0.0005169905367245856
Mk05-101-9,Mk05,explore,9,A,0.25,fixed,3,0.0005169905367245856
Mk05-101-9,Mk05,explore,9,A,0.25,shuffled,3,0.0005169905367245856
Mk05-101-9,Mk05,explore,9,A,0.5,conditional,3,0.000191414051343919
Mk05-101-9,Mk05,explore,9,A,0.5,fixed,3,0.000191414051343919
Mk05-101-9,Mk05,explore,9,A,0.5,shuffled,3,0.000191414051343919
Mk05-101-9,Mk05,explore,9,C,0.25,conditional,3,0.000556890344773498
Mk05-101-9,Mk05,explore,9,C,0.25,fixed,3,0.000556890344773498
Mk05-101-9,Mk05,explore,9,C,0.25,shuffled,3,0.000556890344773498
Mk05-101-9,Mk05,explore,9,C,0.5,conditional,3,8.727917148473852e-05
Mk05-101-9,Mk05,explore,9,C,0.5,fixed,3,8.727917148473852e-05
Mk05-101-9,Mk05,explore,9,C,0.5,shuffled,3,8.727917148473852e-05
Mk05-101-9,Mk05,explore,9,W,0.25,conditional,5,0.00022735587377979631
Mk05-101-9,Mk05,explore,9,W,0.25,fixed,3,0.0003083037265867966
Mk05-101-9,Mk05,explore,9,W,0.25,shuffled,3,0.0003083037265867966
Mk05-101-9,Mk05,explore,9,W,0.5,conditional,3,0.0003476436782441043
Mk05-101-9,Mk05,explore,9,W,0.5,fixed,3,0.0003476436782441043
Mk05-101-9,Mk05,explore,9,W,0.5,shuffled,3,0.0003476436782441043
Mk05-101-9,Mk05,explore,9,L,0.25,conditional,3,0.0007489836264517772
Mk05-101-9,Mk05,explore,9,L,0.25,fixed,3,0.0007489836264517772
Mk05-101-9,Mk05,explore,9,L,0.25,shuffled,5,1.1314583643436574e-05
Mk05-101-9,Mk05,explore,9,L,0.5,conditional,3,0.0007251261080278414
Mk05-101-9,Mk05,explore,9,L,0.5,fixed,3,0.0007251261080278414
Mk05-101-9,Mk05,explore,9,L,0.5,shuffled,3,0.0007251261080278414
Mk05-202-0,Mk05,explore,0,R,0.25,conditional,5,0.001309359451723038
Mk05-202-0,Mk05,explore,0,R,0.25,fixed,3,0.00043422159273157394
Mk05-202-0,Mk05,explore,0,R,0.25,shuffled,5,0.001309359451723038
Mk05-202-0,Mk05,explore,0,R,0.5,conditional,3,0.002657385447186786
Mk05-202-0,Mk05,explore,0,R,0.5,fixed,3,0.002657385447186786
Mk05-202-0,Mk05,explore,0,R,0.5,shuffled,3,0.002657385447186786
Mk05-202-0,Mk05,explore,0,S,0.25,conditional,5,0.0016000688647202636
Mk05-202-0,Mk05,explore,0,S,0.25,fixed,3,0.0007254738392619633
Mk05-202-0,Mk05,explore,0,S,0.25,shuffled,3,0.0007254738392619633
Mk05-202-0,Mk05,explore,0,S,0.5,conditional,5,0.0015599809908700259
Mk05-202-0,Mk05,explore,0,S,0.5,fixed,3,0.000915140751237115
Mk05-202-0,Mk05,explore,0,S,0.5,shuffled,3,0.000915140751237115
Mk05-202-0,Mk05,explore,0,A,0.25,conditional,3,0.0021238237266302576
Mk05-202-0,Mk05,explore,0,A,0.25,fixed,3,0.0021238237266302576
Mk05-202-0,Mk05,explore,0,A,0.25,shuffled,3,0.0021238237266302576
Mk05-202-0,Mk05,explore,0,A,0.5,conditional,3,0.0019650742404857496
Mk05-202-0,Mk05,explore,0,A,0.5,fixed,3,0.0019650742404857496
Mk05-202-0,Mk05,explore,0,A,0.5,shuffled,3,0.0019650742404857496
Mk05-202-0,Mk05,explore,0,C,0.25,conditional,3,0.0021238237266302576
Mk05-202-0,Mk05,explore,0,C,0.25,fixed,3,0.0021238237266302576
Mk05-202-0,Mk05,explore,0,C,0.25,shuffled,3,0.0021238237266302576
Mk05-202-0,Mk05,explore,0,C,0.5,conditional,3,0.002657385447186786
Mk05-202-0,Mk05,explore,0,C,0.5,fixed,3,0.002657385447186786
Mk05-202-0,Mk05,explore,0,C,0.5,shuffled,3,0.002657385447186786
Mk05-202-0,Mk05,explore,0,W,0.25,conditional,5,0.0014703346912053156
Mk05-202-0,Mk05,explore,0,W,0.25,fixed,3,0.0016249813177827198
Mk05-202-0,Mk05,explore,0,W,0.25,shuffled,3,0.0016249813177827198
Mk05-202-0,Mk05,explore,0,W,0.5,conditional,3,0.001698293380207485
Mk05-202-0,Mk05,explore,0,W,0.5,fixed,3,0.001698293380207485
Mk05-202-0,Mk05,explore,0,W,0.5,shuffled,3,0.001698293380207485
Mk05-202-0,Mk05,explore,0,L,0.25,conditional,3,0.0016249813177827198
Mk05-202-0,Mk05,explore,0,L,0.25,fixed,3,0.0016249813177827198
Mk05-202-0,Mk05,explore,0,L,0.25,shuffled,5,0.0014703346912053143
Mk05-202-0,Mk05,explore,0,L,0.5,conditional,3,0.0009014870109375965
Mk05-202-0,Mk05,explore,0,L,0.5,fixed,3,0.0009014870109375965
Mk05-202-0,Mk05,explore,0,L,0.5,shuffled,3,0.0009014870109375965
Mk05-202-19,Mk05,explore,19,R,0.25,conditional,5,7.413233941232316e-05
Mk05-202-19,Mk05,explore,19,R,0.25,fixed,3,0.0004715996345412254
Mk05-202-19,Mk05,explore,19,R,0.25,shuffled,5,7.413233941232316e-05
Mk05-202-19,Mk05,explore,19,R,0.5,conditional,3,0.00029375008091636146
Mk05-202-19,Mk05,explore,19,R,0.5,fixed,3,0.00029375008091636146
Mk05-202-19,Mk05,explore,19,R,0.5,shuffled,3,0.00029375008091636146
Mk05-202-19,Mk05,explore,19,S,0.25,conditional,5,0.00019504577883324063
Mk05-202-19,Mk05,explore,19,S,0.25,fixed,3,0.00014894639681667406
Mk05-202-19,Mk05,explore,19,S,0.25,shuffled,3,0.00014894639681667406
Mk05-202-19,Mk05,explore,19,S,0.5,conditional,5,7.060686966673111e-05
Mk05-202-19,Mk05,explore,19,S,0.5,fixed,3,0.0004905328124160751
Mk05-202-19,Mk05,explore,19,S,0.5,shuffled,3,0.0004905328124160751
Mk05-202-19,Mk05,explore,19,A,0.25,conditional,3,0.0004907859831597619
Mk05-202-19,Mk05,explore,19,A,0.25,fixed,3,0.0004907859831597619
Mk05-202-19,Mk05,explore,19,A,0.25,shuffled,3,0.0004907859831597619
Mk05-202-19,Mk05,explore,19,A,0.5,conditional,3,0.000449625442267282
Mk05-202-19,Mk05,explore,19,A,0.5,fixed,3,0.000449625442267282
Mk05-202-19,Mk05,explore,19,A,0.5,shuffled,3,0.000449625442267282
Mk05-202-19,Mk05,explore,19,C,0.25,conditional,3,0.0004681867391211043
Mk05-202-19,Mk05,explore,19,C,0.25,fixed,3,0.0004681867391211043
Mk05-202-19,Mk05,explore,19,C,0.25,shuffled,3,0.0004681867391211043
Mk05-202-19,Mk05,explore,19,C,0.5,conditional,3,0.0004703805739029382
Mk05-202-19,Mk05,explore,19,C,0.5,fixed,3,0.0004703805739029382
Mk05-202-19,Mk05,explore,19,C,0.5,shuffled,3,0.0004703805739029382
Mk05-202-19,Mk05,explore,19,W,0.25,conditional,5,0.00019812522704948948
Mk05-202-19,Mk05,explore,19,W,0.25,fixed,3,0.0007897751427886767
Mk05-202-19,Mk05,explore,19,W,0.25,shuffled,3,0.0007897751427886767
Mk05-202-19,Mk05,explore,19,W,0.5,conditional,3,0.0005186770344930171
Mk05-202-19,Mk05,explore,19,W,0.5,fixed,3,0.0005186770344930171
Mk05-202-19,Mk05,explore,19,W,0.5,shuffled,3,0.0005186770344930171
Mk05-202-19,Mk05,explore,19,L,0.25,conditional,3,0.0006763155831503941
Mk05-202-19,Mk05,explore,19,L,0.25,fixed,3,0.0006763155831503941
Mk05-202-19,Mk05,explore,19,L,0.25,shuffled,5,0.00033183858094142977
Mk05-202-19,Mk05,explore,19,L,0.5,conditional,3,0.00029375008091636146
Mk05-202-19,Mk05,explore,19,L,0.5,fixed,3,0.00029375008091636146
Mk05-202-19,Mk05,explore,19,L,0.5,shuffled,3,0.00029375008091636146
Mk05-202-9,Mk05,explore,9,R,0.25,conditional,5,0.0
Mk05-202-9,Mk05,explore,9,R,0.25,fixed,3,5.3346622024696196e-05
Mk05-202-9,Mk05,explore,9,R,0.25,shuffled,5,0.0
Mk05-202-9,Mk05,explore,9,R,0.5,conditional,3,5.114828935104146e-05
Mk05-202-9,Mk05,explore,9,R,0.5,fixed,3,5.114828935104146e-05
Mk05-202-9,Mk05,explore,9,R,0.5,shuffled,3,5.114828935104146e-05
Mk05-202-9,Mk05,explore,9,S,0.25,conditional,5,0.00012596627329271702
Mk05-202-9,Mk05,explore,9,S,0.25,fixed,3,0.00013395342532584965
Mk05-202-9,Mk05,explore,9,S,0.25,shuffled,3,0.00013395342532584965
Mk05-202-9,Mk05,explore,9,S,0.5,conditional,5,0.00034416328956436227
Mk05-202-9,Mk05,explore,9,S,0.5,fixed,3,0.0001682860205856283
Mk05-202-9,Mk05,explore,9,S,0.5,shuffled,3,0.0001682860205856283
Mk05-202-9,Mk05,explore,9,A,0.25,conditional,3,0.00017292940017096594
Mk05-202-9,Mk05,explore,9,A,0.25,fixed,3,0.00017292940017096594
Mk05-202-9,Mk05,explore,9,A,0.25,shuffled,3,0.00017292940017096594
Mk05-202-9,Mk05,explore,9,A,0.5,conditional,3,0.0002713919172873264
Mk05-202-9,Mk05,explore,9,A,0.5,fixed,3,0.0002713919172873264
Mk05-202-9,Mk05,explore,9,A,0.5,shuffled,3,0.0002713919172873264
Mk05-202-9,Mk05,explore,9,C,0.25,conditional,3,0.00018416921555443254
Mk05-202-9,Mk05,explore,9,C,0.25,fixed,3,0.00018416921555443254
Mk05-202-9,Mk05,explore,9,C,0.25,shuffled,3,0.00018416921555443254
Mk05-202-9,Mk05,explore,9,C,0.5,conditional,3,0.00028898966043730133
Mk05-202-9,Mk05,explore,9,C,0.5,fixed,3,0.00028898966043730133
Mk05-202-9,Mk05,explore,9,C,0.5,shuffled,3,0.00028898966043730133
Mk05-202-9,Mk05,explore,9,W,0.25,conditional,5,1.775510535371643e-05
Mk05-202-9,Mk05,explore,9,W,0.25,fixed,3,0.00019732871128238776
Mk05-202-9,Mk05,explore,9,W,0.25,shuffled,3,0.00019732871128238776
Mk05-202-9,Mk05,explore,9,W,0.5,conditional,3,0.00026914097851891565
Mk05-202-9,Mk05,explore,9,W,0.5,fixed,3,0.00026914097851891565
Mk05-202-9,Mk05,explore,9,W,0.5,shuffled,3,0.00026914097851891565
Mk05-202-9,Mk05,explore,9,L,0.25,conditional,3,0.00010889840128587504
Mk05-202-9,Mk05,explore,9,L,0.25,fixed,3,0.00010889840128587504
Mk05-202-9,Mk05,explore,9,L,0.25,shuffled,5,3.004349209756524e-05
Mk05-202-9,Mk05,explore,9,L,0.5,conditional,3,0.0001936309975771299
Mk05-202-9,Mk05,explore,9,L,0.5,fixed,3,0.0001936309975771299
Mk05-202-9,Mk05,explore,9,L,0.5,shuffled,3,0.0001936309975771299
Mk05-303-0,Mk05,explore,0,R,0.25,conditional,5,0.0012213887707507784
Mk05-303-0,Mk05,explore,0,R,0.25,fixed,3,0.0006631174268970809
Mk05-303-0,Mk05,explore,0,R,0.25,shuffled,5,0.0012213887707507784
Mk05-303-0,Mk05,explore,0,R,0.5,conditional,3,0.0008540178029718201
Mk05-303-0,Mk05,explore,0,R,0.5,fixed,3,0.0008540178029718201
Mk05-303-0,Mk05,explore,0,R,0.5,shuffled,3,0.0008540178029718201
Mk05-303-0,Mk05,explore,0,S,0.25,conditional,5,0.0010847099354559199
Mk05-303-0,Mk05,explore,0,S,0.25,fixed,3,0.00021382729097474914
Mk05-303-0,Mk05,explore,0,S,0.25,shuffled,3,0.00021382729097474914
Mk05-303-0,Mk05,explore,0,S,0.5,conditional,5,0.000319737724422359
Mk05-303-0,Mk05,explore,0,S,0.5,fixed,3,0.0007454539238082274
Mk05-303-0,Mk05,explore,0,S,0.5,shuffled,3,0.0007454539238082274
Mk05-303-0,Mk05,explore,0,A,0.25,conditional,3,0.0010392695487790298
Mk05-303-0,Mk05,explore,0,A,0.25,fixed,3,0.0010392695487790298
Mk05-303-0,Mk05,explore,0,A,0.25,shuffled,3,0.0010392695487790298
Mk05-303-0,Mk05,explore,0,A,0.5,conditional,3,0.0008939716559514116
Mk05-303-0,Mk05,explore,0,A,0.5,fixed,3,0.0008939716559514116
Mk05-303-0,Mk05,explore,0,A,0.5,shuffled,3,0.0008939716559514116
Mk05-303-0,Mk05,explore,0,C,0.25,conditional,3,0.0004978506712760274
Mk05-303-0,Mk05,explore,0,C,0.25,fixed,3,0.0004978506712760274
Mk05-303-0,Mk05,explore,0,C,0.25,shuffled,3,0.0004978506712760274
Mk05-303-0,Mk05,explore,0,C,0.5,conditional,3,0.0007594576365049654
Mk05-303-0,Mk05,explore,0,C,0.5,fixed,3,0.0007594576365049654
Mk05-303-0,Mk05,explore,0,C,0.5,shuffled,3,0.0007594576365049654
Mk05-303-0,Mk05,explore,0,W,0.25,conditional,5,0.0007025014305023034
Mk05-303-0,Mk05,explore,0,W,0.25,fixed,3,0.0006819582017350655
Mk05-303-0,Mk05,explore,0,W,0.25,shuffled,3,0.0006819582017350655
Mk05-303-0,Mk05,explore,0,W,0.5,conditional,3,0.0007454539238082274
Mk05-303-0,Mk05,explore,0,W,0.5,fixed,3,0.0007454539238082274
Mk05-303-0,Mk05,explore,0,W,0.5,shuffled,3,0.0007454539238082274
Mk05-303-0,Mk05,explore,0,L,0.25,conditional,3,0.0007385604315195632
Mk05-303-0,Mk05,explore,0,L,0.25,fixed,3,0.0007385604315195632
Mk05-303-0,Mk05,explore,0,L,0.25,shuffled,5,0.000778574061958119
Mk05-303-0,Mk05,explore,0,L,0.5,conditional,3,0.0008864457826984112
Mk05-303-0,Mk05,explore,0,L,0.5,fixed,3,0.0008864457826984112
Mk05-303-0,Mk05,explore,0,L,0.5,shuffled,3,0.0008864457826984112
Mk05-303-19,Mk05,explore,19,R,0.25,conditional,5,0.0008143392322455158
Mk05-303-19,Mk05,explore,19,R,0.25,fixed,3,0.0004461565850902307
Mk05-303-19,Mk05,explore,19,R,0.25,shuffled,5,0.0008143392322455158
Mk05-303-19,Mk05,explore,19,R,0.5,conditional,3,5.535859767326504e-06
Mk05-303-19,Mk05,explore,19,R,0.5,fixed,3,5.535859767326504e-06
Mk05-303-19,Mk05,explore,19,R,0.5,shuffled,3,5.535859767326504e-06
Mk05-303-19,Mk05,explore,19,S,0.25,conditional,5,0.0006671489565259131
Mk05-303-19,Mk05,explore,19,S,0.25,fixed,3,0.0004699431982728881
Mk05-303-19,Mk05,explore,19,S,0.25,shuffled,3,0.0004699431982728881
Mk05-303-19,Mk05,explore,19,S,0.5,conditional,5,0.0001097069283231324
Mk05-303-19,Mk05,explore,19,S,0.5,fixed,3,0.0002905964869266671
Mk05-303-19,Mk05,explore,19,S,0.5,shuffled,3,0.0002905964869266671
Mk05-303-19,Mk05,explore,19,A,0.25,conditional,3,0.000424494200165683
Mk05-303-19,Mk05,explore,19,A,0.25,fixed,3,0.000424494200165683
Mk05-303-19,Mk05,explore,19,A,0.25,shuffled,3,0.000424494200165683
Mk05-303-19,Mk05,explore,19,A,0.5,conditional,3,3.51742778122784e-05
Mk05-303-19,Mk05,explore,19,A,0.5,fixed,3,3.51742778122784e-05
Mk05-303-19,Mk05,explore,19,A,0.5,shuffled,3,3.51742778122784e-05
Mk05-303-19,Mk05,explore,19,C,0.25,conditional,3,0.0006322798723152662
Mk05-303-19,Mk05,explore,19,C,0.25,fixed,3,0.0006322798723152662
Mk05-303-19,Mk05,explore,19,C,0.25,shuffled,3,0.0006322798723152662
Mk05-303-19,Mk05,explore,19,C,0.5,conditional,3,0.00028910934428224726
Mk05-303-19,Mk05,explore,19,C,0.5,fixed,3,0.00028910934428224726
Mk05-303-19,Mk05,explore,19,C,0.5,shuffled,3,0.00028910934428224726
Mk05-303-19,Mk05,explore,19,W,0.25,conditional,5,0.0002631345720145822
Mk05-303-19,Mk05,explore,19,W,0.25,fixed,3,5.358466157033646e-05
Mk05-303-19,Mk05,explore,19,W,0.25,shuffled,3,5.358466157033646e-05
Mk05-303-19,Mk05,explore,19,W,0.5,conditional,3,0.00032602965782389917
Mk05-303-19,Mk05,explore,19,W,0.5,fixed,3,0.00032602965782389917
Mk05-303-19,Mk05,explore,19,W,0.5,shuffled,3,0.00032602965782389917
Mk05-303-19,Mk05,explore,19,L,0.25,conditional,3,0.0005697849590901865
Mk05-303-19,Mk05,explore,19,L,0.25,fixed,3,0.0005697849590901865
Mk05-303-19,Mk05,explore,19,L,0.25,shuffled,5,0.0003778540772147399
Mk05-303-19,Mk05,explore,19,L,0.5,conditional,3,0.00032602965782389917
Mk05-303-19,Mk05,explore,19,L,0.5,fixed,3,0.00032602965782389917
Mk05-303-19,Mk05,explore,19,L,0.5,shuffled,3,0.00032602965782389917
Mk05-303-9,Mk05,explore,9,R,0.25,conditional,5,0.00014620455123294938
Mk05-303-9,Mk05,explore,9,R,0.25,fixed,3,0.0006283905441547031
Mk05-303-9,Mk05,explore,9,R,0.25,shuffled,5,0.00014620455123294938
Mk05-303-9,Mk05,explore,9,R,0.5,conditional,3,0.0007974572555341383
Mk05-303-9,Mk05,explore,9,R,0.5,fixed,3,0.0007974572555341383
Mk05-303-9,Mk05,explore,9,R,0.5,shuffled,3,0.0007974572555341383
Mk05-303-9,Mk05,explore,9,S,0.25,conditional,5,6.870697275768499e-05
Mk05-303-9,Mk05,explore,9,S,0.25,fixed,3,0.0006273479123987078
Mk05-303-9,Mk05,explore,9,S,0.25,shuffled,3,0.0006273479123987078
Mk05-303-9,Mk05,explore,9,S,0.5,conditional,5,0.000384721716842371
Mk05-303-9,Mk05,explore,9,S,0.5,fixed,3,0.0007642497930167325
Mk05-303-9,Mk05,explore,9,S,0.5,shuffled,3,0.0007642497930167325
Mk05-303-9,Mk05,explore,9,A,0.25,conditional,3,0.0008997645697000582
Mk05-303-9,Mk05,explore,9,A,0.25,fixed,3,0.0008997645697000582
Mk05-303-9,Mk05,explore,9,A,0.25,shuffled,3,0.0008997645697000582
Mk05-303-9,Mk05,explore,9,A,0.5,conditional,3,0.0010394800203504485
Mk05-303-9,Mk05,explore,9,A,0.5,fixed,3,0.0010394800203504485
Mk05-303-9,Mk05,explore,9,A,0.5,shuffled,3,0.0010394800203504485
Mk05-303-9,Mk05,explore,9,C,0.25,conditional,3,0.0008997645697000582
Mk05-303-9,Mk05,explore,9,C,0.25,fixed,3,0.0008997645697000582
Mk05-303-9,Mk05,explore,9,C,0.25,shuffled,3,0.0008997645697000582
Mk05-303-9,Mk05,explore,9,C,0.5,conditional,3,0.0010340145356163377
Mk05-303-9,Mk05,explore,9,C,0.5,fixed,3,0.0010340145356163377
Mk05-303-9,Mk05,explore,9,C,0.5,shuffled,3,0.0010340145356163377
Mk05-303-9,Mk05,explore,9,W,0.25,conditional,5,0.0002902886275578512
Mk05-303-9,Mk05,explore,9,W,0.25,fixed,3,0.0007567809099290985
Mk05-303-9,Mk05,explore,9,W,0.25,shuffled,3,0.0007567809099290985
Mk05-303-9,Mk05,explore,9,W,0.5,conditional,3,0.0010394800203504485
Mk05-303-9,Mk05,explore,9,W,0.5,fixed,3,0.0010394800203504485
Mk05-303-9,Mk05,explore,9,W,0.5,shuffled,3,0.0010394800203504485
Mk05-303-9,Mk05,explore,9,L,0.25,conditional,3,0.0007598829460893925
Mk05-303-9,Mk05,explore,9,L,0.25,fixed,3,0.0007598829460893925
Mk05-303-9,Mk05,explore,9,L,0.25,shuffled,5,0.0002283252245983765
Mk05-303-9,Mk05,explore,9,L,0.5,conditional,3,0.000657963684996482
Mk05-303-9,Mk05,explore,9,L,0.5,fixed,3,0.000657963684996482
Mk05-303-9,Mk05,explore,9,L,0.5,shuffled,3,0.000657963684996482
Mk06-101-0,Mk06,validation,0,R,0.25,conditional,5,0.0005162316020669098
Mk06-101-0,Mk06,validation,0,R,0.25,fixed,3,0.00020281451422978644
Mk06-101-0,Mk06,validation,0,R,0.25,shuffled,5,0.0005162316020669098
Mk06-101-0,Mk06,validation,0,R,0.5,conditional,3,0.0006102823549216493
Mk06-101-0,Mk06,validation,0,R,0.5,fixed,3,0.0006102823549216493
Mk06-101-0,Mk06,validation,0,R,0.5,shuffled,3,0.0006102823549216493
Mk06-101-0,Mk06,validation,0,S,0.25,conditional,5,0.0005868841774519511
Mk06-101-0,Mk06,validation,0,S,0.25,fixed,3,0.0003652664770307166
Mk06-101-0,Mk06,validation,0,S,0.25,shuffled,3,0.0003652664770307166
Mk06-101-0,Mk06,validation,0,S,0.5,conditional,5,0.000520974620377862
Mk06-101-0,Mk06,validation,0,S,0.5,fixed,3,0.0003714532826208461
Mk06-101-0,Mk06,validation,0,S,0.5,shuffled,3,0.0003714532826208461
Mk06-101-0,Mk06,validation,0,A,0.25,conditional,3,0.0009133898785921488
Mk06-101-0,Mk06,validation,0,A,0.25,fixed,3,0.0009133898785921488
Mk06-101-0,Mk06,validation,0,A,0.25,shuffled,3,0.0009133898785921488
Mk06-101-0,Mk06,validation,0,A,0.5,conditional,3,0.0004373346340662919
Mk06-101-0,Mk06,validation,0,A,0.5,fixed,3,0.0004373346340662919
Mk06-101-0,Mk06,validation,0,A,0.5,shuffled,3,0.0004373346340662919
Mk06-101-0,Mk06,validation,0,C,0.25,conditional,3,0.0004811518699258316
Mk06-101-0,Mk06,validation,0,C,0.25,fixed,3,0.0004811518699258316
Mk06-101-0,Mk06,validation,0,C,0.25,shuffled,3,0.0004811518699258316
Mk06-101-0,Mk06,validation,0,C,0.5,conditional,3,0.00034035894659606805
Mk06-101-0,Mk06,validation,0,C,0.5,fixed,3,0.00034035894659606805
Mk06-101-0,Mk06,validation,0,C,0.5,shuffled,3,0.00034035894659606805
Mk06-101-0,Mk06,validation,0,W,0.25,conditional,5,0.0004773565038994768
Mk06-101-0,Mk06,validation,0,W,0.25,fixed,3,0.0004203111142553906
Mk06-101-0,Mk06,validation,0,W,0.25,shuffled,3,0.0004203111142553906
Mk06-101-0,Mk06,validation,0,W,0.5,conditional,3,0.0005473931295297874
Mk06-101-0,Mk06,validation,0,W,0.5,fixed,3,0.0005473931295297874
Mk06-101-0,Mk06,validation,0,W,0.5,shuffled,3,0.0005473931295297874
Mk06-101-0,Mk06,validation,0,L,0.25,conditional,3,0.00043607733677424276
Mk06-101-0,Mk06,validation,0,L,0.25,fixed,3,0.00043607733677424276
Mk06-101-0,Mk06,validation,0,L,0.25,shuffled,5,0.0005497528507738093
Mk06-101-0,Mk06,validation,0,L,0.5,conditional,3,0.0004373346340662919
Mk06-101-0,Mk06,validation,0,L,0.5,fixed,3,0.0004373346340662919
Mk06-101-0,Mk06,validation,0,L,0.5,shuffled,3,0.0004373346340662919
Mk06-101-19,Mk06,validation,19,R,0.25,conditional,5,0.0003216871610067448
Mk06-101-19,Mk06,validation,19,R,0.25,fixed,3,0.00011170084448805235
Mk06-101-19,Mk06,validation,19,R,0.25,shuffled,5,0.0003216871610067448
Mk06-101-19,Mk06,validation,19,R,0.5,conditional,3,0.00019035056448888453
Mk06-101-19,Mk06,validation,19,R,0.5,fixed,3,0.00019035056448888453
Mk06-101-19,Mk06,validation,19,R,0.5,shuffled,3,0.00019035056448888453
Mk06-101-19,Mk06,validation,19,S,0.25,conditional,5,0.0002248019030564812
Mk06-101-19,Mk06,validation,19,S,0.25,fixed,3,1.3820924780441063e-05
Mk06-101-19,Mk06,validation,19,S,0.25,shuffled,3,1.3820924780441063e-05
Mk06-101-19,Mk06,validation,19,S,0.5,conditional,5,5.239248708630379e-05
Mk06-101-19,Mk06,validation,19,S,0.5,fixed,3,0.0003609828505709139
Mk06-101-19,Mk06,validation,19,S,0.5,shuffled,3,0.0003609828505709139
Mk06-101-19,Mk06,validation,19,A,0.25,conditional,3,0.0001239552971047127
Mk06-101-19,Mk06,validation,19,A,0.25,fixed,3,0.0001239552971047127
Mk06-101-19,Mk06,validation,19,A,0.25,shuffled,3,0.0001239552971047127
Mk06-101-19,Mk06,validation,19,A,0.5,conditional,3,0.00038654600593157276
Mk06-101-19,Mk06,validation,19,A,0.5,fixed,3,0.00038654600593157276
Mk06-101-19,Mk06,validation,19,A,0.5,shuffled,3,0.00038654600593157276
Mk06-101-19,Mk06,validation,19,C,0.25,conditional,3,0.00014475235282036952
Mk06-101-19,Mk06,validation,19,C,0.25,fixed,3,0.00014475235282036952
Mk06-101-19,Mk06,validation,19,C,0.25,shuffled,3,0.00014475235282036952
Mk06-101-19,Mk06,validation,19,C,0.5,conditional,3,0.00038654600593157276
Mk06-101-19,Mk06,validation,19,C,0.5,fixed,3,0.00038654600593157276
Mk06-101-19,Mk06,validation,19,C,0.5,shuffled,3,0.00038654600593157276
Mk06-101-19,Mk06,validation,19,W,0.25,conditional,5,0.00010191960224710181
Mk06-101-19,Mk06,validation,19,W,0.25,fixed,3,7.1096166071655e-05
Mk06-101-19,Mk06,validation,19,W,0.25,shuffled,3,7.1096166071655e-05
Mk06-101-19,Mk06,validation,19,W,0.5,conditional,3,0.0002638386061266696
Mk06-101-19,Mk06,validation,19,W,0.5,fixed,3,0.0002638386061266696
Mk06-101-19,Mk06,validation,19,W,0.5,shuffled,3,0.0002638386061266696
Mk06-101-19,Mk06,validation,19,L,0.25,conditional,3,0.00013988259345271777
Mk06-101-19,Mk06,validation,19,L,0.25,fixed,3,0.00013988259345271777
Mk06-101-19,Mk06,validation,19,L,0.25,shuffled,5,0.0001454328452493262
Mk06-101-19,Mk06,validation,19,L,0.5,conditional,3,0.00039397955560519583
Mk06-101-19,Mk06,validation,19,L,0.5,fixed,3,0.00039397955560519583
Mk06-101-19,Mk06,validation,19,L,0.5,shuffled,3,0.00039397955560519583
Mk06-101-9,Mk06,validation,9,R,0.25,conditional,5,0.00023090379317119913
Mk06-101-9,Mk06,validation,9,R,0.25,fixed,3,0.000390906736715544
Mk06-101-9,Mk06,validation,9,R,0.25,shuffled,5,0.00023090379317119913
Mk06-101-9,Mk06,validation,9,R,0.5,conditional,3,0.0002660446508672061
Mk06-101-9,Mk06,validation,9,R,0.5,fixed,3,0.0002660446508672061
Mk06-101-9,Mk06,validation,9,R,0.5,shuffled,3,0.0002660446508672061
Mk06-101-9,Mk06,validation,9,S,0.25,conditional,5,0.000394480536477412
Mk06-101-9,Mk06,validation,9,S,0.25,fixed,3,0.0003555100428242855
Mk06-101-9,Mk06,validation,9,S,0.25,shuffled,3,0.0003555100428242855
Mk06-101-9,Mk06,validation,9,S,0.5,conditional,5,0.0003250460154769633
Mk06-101-9,Mk06,validation,9,S,0.5,fixed,3,0.000458011132328706
Mk06-101-9,Mk06,validation,9,S,0.5,shuffled,3,0.000458011132328706
Mk06-101-9,Mk06,validation,9,A,0.25,conditional,3,0.0003540684922951224
Mk06-101-9,Mk06,validation,9,A,0.25,fixed,3,0.0003540684922951224
Mk06-101-9,Mk06,validation,9,A,0.25,shuffled,3,0.0003540684922951224
Mk06-101-9,Mk06,validation,9,A,0.5,conditional,3,0.0004430574961467866
Mk06-101-9,Mk06,validation,9,A,0.5,fixed,3,0.0004430574961467866
Mk06-101-9,Mk06,validation,9,A,0.5,shuffled,3,0.0004430574961467866
Mk06-101-9,Mk06,validation,9,C,0.25,conditional,3,0.00021899156464479588
Mk06-101-9,Mk06,validation,9,C,0.25,fixed,3,0.00021899156464479588
Mk06-101-9,Mk06,validation,9,C,0.25,shuffled,3,0.00021899156464479588
Mk06-101-9,Mk06,validation,9,C,0.5,conditional,3,0.0003988971555753961
Mk06-101-9,Mk06,validation,9,C,0.5,fixed,3,0.0003988971555753961
Mk06-101-9,Mk06,validation,9,C,0.5,shuffled,3,0.0003988971555753961
Mk06-101-9,Mk06,validation,9,W,0.25,conditional,5,0.0005947162366874061
Mk06-101-9,Mk06,validation,9,W,0.25,fixed,3,0.0004162808557917075
Mk06-101-9,Mk06,validation,9,W,0.25,shuffled,3,0.0004162808557917075
Mk06-101-9,Mk06,validation,9,W,0.5,conditional,3,0.00035569573849365555
Mk06-101-9,Mk06,validation,9,W,0.5,fixed,3,0.00035569573849365555
Mk06-101-9,Mk06,validation,9,W,0.5,shuffled,3,0.00035569573849365555
Mk06-101-9,Mk06,validation,9,L,0.25,conditional,3,0.000498354755451137
Mk06-101-9,Mk06,validation,9,L,0.25,fixed,3,0.000498354755451137
Mk06-101-9,Mk06,validation,9,L,0.25,shuffled,5,0.00044615807372198353
Mk06-101-9,Mk06,validation,9,L,0.5,conditional,3,0.00038599096992100935
Mk06-101-9,Mk06,validation,9,L,0.5,fixed,3,0.00038599096992100935
Mk06-101-9,Mk06,validation,9,L,0.5,shuffled,3,0.00038599096992100935
Mk06-202-0,Mk06,validation,0,R,0.25,conditional,5,0.0007456956567960608
Mk06-202-0,Mk06,validation,0,R,0.25,fixed,3,0.0003254775291877348
Mk06-202-0,Mk06,validation,0,R,0.25,shuffled,5,0.0007456956567960608
Mk06-202-0,Mk06,validation,0,R,0.5,conditional,3,0.00018397974015384164
Mk06-202-0,Mk06,validation,0,R,0.5,fixed,3,0.00018397974015384164
Mk06-202-0,Mk06,validation,0,R,0.5,shuffled,3,0.00018397974015384164
Mk06-202-0,Mk06,validation,0,S,0.25,conditional,5,0.0005953615226076877
Mk06-202-0,Mk06,validation,0,S,0.25,fixed,3,0.0002618687871717025
Mk06-202-0,Mk06,validation,0,S,0.25,shuffled,3,0.0002618687871717025
Mk06-202-0,Mk06,validation,0,S,0.5,conditional,5,0.0005113592543460661
Mk06-202-0,Mk06,validation,0,S,0.5,fixed,3,4.125882337632021e-05
Mk06-202-0,Mk06,validation,0,S,0.5,shuffled,3,4.125882337632021e-05
Mk06-202-0,Mk06,validation,0,A,0.25,conditional,3,0.00025171082699201023
Mk06-202-0,Mk06,validation,0,A,0.25,fixed,3,0.00025171082699201023
Mk06-202-0,Mk06,validation,0,A,0.25,shuffled,3,0.00025171082699201023
Mk06-202-0,Mk06,validation,0,A,0.5,conditional,3,0.0003864537935476913
Mk06-202-0,Mk06,validation,0,A,0.5,fixed,3,0.0003864537935476913
Mk06-202-0,Mk06,validation,0,A,0.5,shuffled,3,0.0003864537935476913
Mk06-202-0,Mk06,validation,0,C,0.25,conditional,3,0.000320060441972473
Mk06-202-0,Mk06,validation,0,C,0.25,fixed,3,0.000320060441972473
Mk06-202-0,Mk06,validation,0,C,0.25,shuffled,3,0.000320060441972473
Mk06-202-0,Mk06,validation,0,C,0.5,conditional,3,0.00019117712653956578
Mk06-202-0,Mk06,validation,0,C,0.5,fixed,3,0.00019117712653956578
Mk06-202-0,Mk06,validation,0,C,0.5,shuffled,3,0.00019117712653956578
Mk06-202-0,Mk06,validation,0,W,0.25,conditional,5,0.000686957863953931
Mk06-202-0,Mk06,validation,0,W,0.25,fixed,3,0.0010385538467847155
Mk06-202-0,Mk06,validation,0,W,0.25,shuffled,3,0.0010385538467847155
Mk06-202-0,Mk06,validation,0,W,0.5,conditional,3,0.0003951421638242754
Mk06-202-0,Mk06,validation,0,W,0.5,fixed,3,0.0003951421638242754
Mk06-202-0,Mk06,validation,0,W,0.5,shuffled,3,0.0003951421638242754
Mk06-202-0,Mk06,validation,0,L,0.25,conditional,3,0.0009852197913487676
Mk06-202-0,Mk06,validation,0,L,0.25,fixed,3,0.0009852197913487676
Mk06-202-0,Mk06,validation,0,L,0.25,shuffled,5,0.000556551721112224
Mk06-202-0,Mk06,validation,0,L,0.5,conditional,3,0.00046036366496616886
Mk06-202-0,Mk06,validation,0,L,0.5,fixed,3,0.00046036366496616886
Mk06-202-0,Mk06,validation,0,L,0.5,shuffled,3,0.00046036366496616886
Mk06-202-19,Mk06,validation,19,R,0.25,conditional,5,8.385139113782267e-05
Mk06-202-19,Mk06,validation,19,R,0.25,fixed,3,0.00028113453794446864
Mk06-202-19,Mk06,validation,19,R,0.25,shuffled,5,8.385139113782267e-05
Mk06-202-19,Mk06,validation,19,R,0.5,conditional,3,0.0001485538786447877
Mk06-202-19,Mk06,validation,19,R,0.5,fixed,3,0.0001485538786447877
Mk06-202-19,Mk06,validation,19,R,0.5,shuffled,3,0.0001485538786447877
Mk06-202-19,Mk06,validation,19,S,0.25,conditional,5,0.00012159004714861182
Mk06-202-19,Mk06,validation,19,S,0.25,fixed,3,0.00018089165774471164
Mk06-202-19,Mk06,validation,19,S,0.25,shuffled,3,0.00018089165774471164
Mk06-202-19,Mk06,validation,19,S,0.5,conditional,5,0.00012125627128135965
Mk06-202-19,Mk06,validation,19,S,0.5,fixed,3,0.0001802625645908895
Mk06-202-19,Mk06,validation,19,S,0.5,shuffled,3,0.0001802625645908895
Mk06-202-19,Mk06,validation,19,A,0.25,conditional,3,0.00014730311472612337
Mk06-202-19,Mk06,validation,19,A,0.25,fixed,3,0.00014730311472612337
Mk06-202-19,Mk06,validation,19,A,0.25,shuffled,3,0.00014730311472612337
Mk06-202-19,Mk06,validation,19,A,0.5,conditional,3,0.00012887706481411543
Mk06-202-19,Mk06,validation,19,A,0.5,fixed,3,0.00012887706481411543
Mk06-202-19,Mk06,validation,19,A,0.5,shuffled,3,0.00012887706481411543
Mk06-202-19,Mk06,validation,19,C,0.25,conditional,3,0.0002144603763993615
Mk06-202-19,Mk06,validation,19,C,0.25,fixed,3,0.0002144603763993615
Mk06-202-19,Mk06,validation,19,C,0.25,shuffled,3,0.0002144603763993615
Mk06-202-19,Mk06,validation,19,C,0.5,conditional,3,0.0001334073329037076
Mk06-202-19,Mk06,validation,19,C,0.5,fixed,3,0.0001334073329037076
Mk06-202-19,Mk06,validation,19,C,0.5,shuffled,3,0.0001334073329037076
Mk06-202-19,Mk06,validation,19,W,0.25,conditional,5,8.385139113782267e-05
Mk06-202-19,Mk06,validation,19,W,0.25,fixed,3,0.0002942637417808068
Mk06-202-19,Mk06,validation,19,W,0.25,shuffled,3,0.0002942637417808068
Mk06-202-19,Mk06,validation,19,W,0.5,conditional,3,0.00011517393681455001
Mk06-202-19,Mk06,validation,19,W,0.5,fixed,3,0.00011517393681455001
Mk06-202-19,Mk06,validation,19,W,0.5,shuffled,3,0.00011517393681455001
Mk06-202-19,Mk06,validation,19,L,0.25,conditional,3,0.00020839659725713274
Mk06-202-19,Mk06,validation,19,L,0.25,fixed,3,0.00020839659725713274
Mk06-202-19,Mk06,validation,19,L,0.25,shuffled,5,0.00012159004714861182
Mk06-202-19,Mk06,validation,19,L,0.5,conditional,3,6.62969784127287e-05
Mk06-202-19,Mk06,validation,19,L,0.5,fixed,3,6.62969784127287e-05
Mk06-202-19,Mk06,validation,19,L,0.5,shuffled,3,6.62969784127287e-05
Mk06-202-9,Mk06,validation,9,R,0.25,conditional,5,0.00024279760586822145
Mk06-202-9,Mk06,validation,9,R,0.25,fixed,3,0.00025352125151050913
Mk06-202-9,Mk06,validation,9,R,0.25,shuffled,5,0.00024279760586822145
Mk06-202-9,Mk06,validation,9,R,0.5,conditional,3,0.00022289047573890446
Mk06-202-9,Mk06,validation,9,R,0.5,fixed,3,0.00022289047573890446
Mk06-202-9,Mk06,validation,9,R,0.5,shuffled,3,0.00022289047573890446
Mk06-202-9,Mk06,validation,9,S,0.25,conditional,5,0.0003014924885733022
Mk06-202-9,Mk06,validation,9,S,0.25,fixed,3,0.00022043209622693506
Mk06-202-9,Mk06,validation,9,S,0.25,shuffled,3,0.00022043209622693506
Mk06-202-9,Mk06,validation,9,S,0.5,conditional,5,0.000514632829194484
Mk06-202-9,Mk06,validation,9,S,0.5,fixed,3,0.0003286725095752615
Mk06-202-9,Mk06,validation,9,S,0.5,shuffled,3,0.0003286725095752615
Mk06-202-9,Mk06,validation,9,A,0.25,conditional,3,0.0003888534699889874
Mk06-202-9,Mk06,validation,9,A,0.25,fixed,3,0.0003888534699889874
Mk06-202-9,Mk06,validation,9,A,0.25,shuffled,3,0.0003888534699889874
Mk06-202-9,Mk06,validation,9,A,0.5,conditional,3,0.0002818953077512059
Mk06-202-9,Mk06,validation,9,A,0.5,fixed,3,0.0002818953077512059
Mk06-202-9,Mk06,validation,9,A,0.5,shuffled,3,0.0002818953077512059
Mk06-202-9,Mk06,validation,9,C,0.25,conditional,3,0.00029845018822482274
Mk06-202-9,Mk06,validation,9,C,0.25,fixed,3,0.00029845018822482274
Mk06-202-9,Mk06,validation,9,C,0.25,shuffled,3,0.00029845018822482274
Mk06-202-9,Mk06,validation,9,C,0.5,conditional,3,0.00033286746417470815
Mk06-202-9,Mk06,validation,9,C,0.5,fixed,3,0.00033286746417470815
Mk06-202-9,Mk06,validation,9,C,0.5,shuffled,3,0.00033286746417470815
Mk06-202-9,Mk06,validation,9,W,0.25,conditional,5,0.00032647143828917763
Mk06-202-9,Mk06,validation,9,W,0.25,fixed,3,0.00044779976168278745
Mk06-202-9,Mk06,validation,9,W,0.25,shuffled,3,0.00044779976168278745
Mk06-202-9,Mk06,validation,9,W,0.5,conditional,3,0.00020314250056006653
Mk06-202-9,Mk06,validation,9,W,0.5,fixed,3,0.00020314250056006653
Mk06-202-9,Mk06,validation,9,W,0.5,shuffled,3,0.00020314250056006653
Mk06-202-9,Mk06,validation,9,L,0.25,conditional,3,0.00022963863272695788
Mk06-202-9,Mk06,validation,9,L,0.25,fixed,3,0.00022963863272695788
Mk06-202-9,Mk06,validation,9,L,0.25,shuffled,5,0.00032647143828917763
Mk06-202-9,Mk06,validation,9,L,0.5,conditional,3,0.00033351789952445446
Mk06-202-9,Mk06,validation,9,L,0.5,fixed,3,0.00033351789952445446
Mk06-202-9,Mk06,validation,9,L,0.5,shuffled,3,0.00033351789952445446
Mk06-303-0,Mk06,validation,0,R,0.25,conditional,5,0.0006398503313383142
Mk06-303-0,Mk06,validation,0,R,0.25,fixed,3,0.0003123844100278753
Mk06-303-0,Mk06,validation,0,R,0.25,shuffled,5,0.0006398503313383142
Mk06-303-0,Mk06,validation,0,R,0.5,conditional,3,0.00042426178152802046
Mk06-303-0,Mk06,validation,0,R,0.5,fixed,3,0.00042426178152802046
Mk06-303-0,Mk06,validation,0,R,0.5,shuffled,3,0.00042426178152802046
Mk06-303-0,Mk06,validation,0,S,0.25,conditional,5,0.0003980826630666145
Mk06-303-0,Mk06,validation,0,S,0.25,fixed,3,0.0002786068978254407
Mk06-303-0,Mk06,validation,0,S,0.25,shuffled,3,0.0002786068978254407
Mk06-303-0,Mk06,validation,0,S,0.5,conditional,5,0.0006410206326952916
Mk06-303-0,Mk06,validation,0,S,0.5,fixed,3,0.000564644288881405
Mk06-303-0,Mk06,validation,0,S,0.5,shuffled,3,0.000564644288881405
Mk06-303-0,Mk06,validation,0,A,0.25,conditional,3,0.0008119428270287093
Mk06-303-0,Mk06,validation,0,A,0.25,fixed,3,0.0008119428270287093
Mk06-303-0,Mk06,validation,0,A,0.25,shuffled,3,0.0008119428270287093
Mk06-303-0,Mk06,validation,0,A,0.5,conditional,3,0.0005201682861213107
Mk06-303-0,Mk06,validation,0,A,0.5,fixed,3,0.0005201682861213107
Mk06-303-0,Mk06,validation,0,A,0.5,shuffled,3,0.0005201682861213107
Mk06-303-0,Mk06,validation,0,C,0.25,conditional,3,0.0004191526418781323
Mk06-303-0,Mk06,validation,0,C,0.25,fixed,3,0.0004191526418781323
Mk06-303-0,Mk06,validation,0,C,0.25,shuffled,3,0.0004191526418781323
Mk06-303-0,Mk06,validation,0,C,0.5,conditional,3,0.0004418484283702903
Mk06-303-0,Mk06,validation,0,C,0.5,fixed,3,0.0004418484283702903
Mk06-303-0,Mk06,validation,0,C,0.5,shuffled,3,0.0004418484283702903
Mk06-303-0,Mk06,validation,0,W,0.25,conditional,5,0.000553860252518964
Mk06-303-0,Mk06,validation,0,W,0.25,fixed,3,0.0004833677866370799
Mk06-303-0,Mk06,validation,0,W,0.25,shuffled,3,0.0004833677866370799
Mk06-303-0,Mk06,validation,0,W,0.5,conditional,3,0.0004651087661632744
Mk06-303-0,Mk06,validation,0,W,0.5,fixed,3,0.0004651087661632744
Mk06-303-0,Mk06,validation,0,W,0.5,shuffled,3,0.0004651087661632744
Mk06-303-0,Mk06,validation,0,L,0.25,conditional,3,0.0005201115824633285
Mk06-303-0,Mk06,validation,0,L,0.25,fixed,3,0.0005201115824633285
Mk06-303-0,Mk06,validation,0,L,0.25,shuffled,5,0.0005102175023056402
Mk06-303-0,Mk06,validation,0,L,0.5,conditional,3,0.0003962379061275729
Mk06-303-0,Mk06,validation,0,L,0.5,fixed,3,0.0003962379061275729
Mk06-303-0,Mk06,validation,0,L,0.5,shuffled,3,0.0003962379061275729
Mk06-303-19,Mk06,validation,19,R,0.25,conditional,5,4.980404272724442e-06
Mk06-303-19,Mk06,validation,19,R,0.25,fixed,3,6.013014357600225e-05
Mk06-303-19,Mk06,validation,19,R,0.25,shuffled,5,4.980404272724442e-06
Mk06-303-19,Mk06,validation,19,R,0.5,conditional,3,0.00017549267474650625
Mk06-303-19,Mk06,validation,19,R,0.5,fixed,3,0.00017549267474650625
Mk06-303-19,Mk06,validation,19,R,0.5,shuffled,3,0.00017549267474650625
Mk06-303-19,Mk06,validation,19,S,0.25,conditional,5,0.00012148156509041669
Mk06-303-19,Mk06,validation,19,S,0.25,fixed,3,0.00012058705934488792
Mk06-303-19,Mk06,validation,19,S,0.25,shuffled,3,0.00012058705934488792
Mk06-303-19,Mk06,validation,19,S,0.5,conditional,5,0.00010751634312250486
Mk06-303-19,Mk06,validation,19,S,0.5,fixed,3,1.1120623869513149e-05
Mk06-303-19,Mk06,validation,19,S,0.5,shuffled,3,1.1120623869513149e-05
Mk06-303-19,Mk06,validation,19,A,0.25,conditional,3,0.00013531450905650941
Mk06-303-19,Mk06,validation,19,A,0.25,fixed,3,0.00013531450905650941
Mk06-303-19,Mk06,validation,19,A,0.25,shuffled,3,0.00013531450905650941
Mk06-303-19,Mk06,validation,19,A,0.5,conditional,3,0.0001900114706966692
Mk06-303-19,Mk06,validation,19,A,0.5,fixed,3,0.0001900114706966692
Mk06-303-19,Mk06,validation,19,A,0.5,shuffled,3,0.0001900114706966692
Mk06-303-19,Mk06,validation,19,C,0.25,conditional,3,0.0001961393701096049
Mk06-303-19,Mk06,validation,19,C,0.25,fixed,3,0.0001961393701096049
Mk06-303-19,Mk06,validation,19,C,0.25,shuffled,3,0.0001961393701096049
Mk06-303-19,Mk06,validation,19,C,0.5,conditional,3,9.279884795566588e-05
Mk06-303-19,Mk06,validation,19,C,0.5,fixed,3,9.279884795566588e-05
Mk06-303-19,Mk06,validation,19,C,0.5,shuffled,3,9.279884795566588e-05
Mk06-303-19,Mk06,validation,19,W,0.25,conditional,5,0.00010190415832623142
Mk06-303-19,Mk06,validation,19,W,0.25,fixed,3,7.446569887641086e-05
Mk06-303-19,Mk06,validation,19,W,0.25,shuffled,3,7.446569887641086e-05
Mk06-303-19,Mk06,validation,19,W,0.5,conditional,3,0.0002759869160579076
Mk06-303-19,Mk06,validation,19,W,0.5,fixed,3,0.0002759869160579076
Mk06-303-19,Mk06,validation,19,W,0.5,shuffled,3,0.0002759869160579076
Mk06-303-19,Mk06,validation,19,L,0.25,conditional,3,7.30020552305111e-05
Mk06-303-19,Mk06,validation,19,L,0.25,fixed,3,7.30020552305111e-05
Mk06-303-19,Mk06,validation,19,L,0.25,shuffled,5,4.434769491343813e-05
Mk06-303-19,Mk06,validation,19,L,0.5,conditional,3,0.00024252736882481862
Mk06-303-19,Mk06,validation,19,L,0.5,fixed,3,0.00024252736882481862
Mk06-303-19,Mk06,validation,19,L,0.5,shuffled,3,0.00024252736882481862
Mk06-303-9,Mk06,validation,9,R,0.25,conditional,5,0.00017365317464917225
Mk06-303-9,Mk06,validation,9,R,0.25,fixed,3,0.00015536643519238453
Mk06-303-9,Mk06,validation,9,R,0.25,shuffled,5,0.00017365317464917225
Mk06-303-9,Mk06,validation,9,R,0.5,conditional,3,0.00022264451651153767
Mk06-303-9,Mk06,validation,9,R,0.5,fixed,3,0.00022264451651153767
Mk06-303-9,Mk06,validation,9,R,0.5,shuffled,3,0.00022264451651153767
Mk06-303-9,Mk06,validation,9,S,0.25,conditional,5,0.00034994022356408264
Mk06-303-9,Mk06,validation,9,S,0.25,fixed,3,0.00019575542152266748
Mk06-303-9,Mk06,validation,9,S,0.25,shuffled,3,0.00019575542152266748
Mk06-303-9,Mk06,validation,9,S,0.5,conditional,5,0.0001965606555828435
Mk06-303-9,Mk06,validation,9,S,0.5,fixed,3,0.00023832066031773653
Mk06-303-9,Mk06,validation,9,S,0.5,shuffled,3,0.00023832066031773653
Mk06-303-9,Mk06,validation,9,A,0.25,conditional,3,0.00020210705967597695
Mk06-303-9,Mk06,validation,9,A,0.25,fixed,3,0.00020210705967597695
Mk06-303-9,Mk06,validation,9,A,0.25,shuffled,3,0.00020210705967597695
Mk06-303-9,Mk06,validation,9,A,0.5,conditional,3,0.0002382081536783907
Mk06-303-9,Mk06,validation,9,A,0.5,fixed,3,0.0002382081536783907
Mk06-303-9,Mk06,validation,9,A,0.5,shuffled,3,0.0002382081536783907
Mk06-303-9,Mk06,validation,9,C,0.25,conditional,3,0.00021074747380374383
Mk06-303-9,Mk06,validation,9,C,0.25,fixed,3,0.00021074747380374383
Mk06-303-9,Mk06,validation,9,C,0.25,shuffled,3,0.00021074747380374383
Mk06-303-9,Mk06,validation,9,C,0.5,conditional,3,0.00023832066031773653
Mk06-303-9,Mk06,validation,9,C,0.5,fixed,3,0.00023832066031773653
Mk06-303-9,Mk06,validation,9,C,0.5,shuffled,3,0.00023832066031773653
Mk06-303-9,Mk06,validation,9,W,0.25,conditional,5,9.219878670439065e-05
Mk06-303-9,Mk06,validation,9,W,0.25,fixed,3,0.00029006137259300234
Mk06-303-9,Mk06,validation,9,W,0.25,shuffled,3,0.00029006137259300234
Mk06-303-9,Mk06,validation,9,W,0.5,conditional,3,0.0002860631254804836
Mk06-303-9,Mk06,validation,9,W,0.5,fixed,3,0.0002860631254804836
Mk06-303-9,Mk06,validation,9,W,0.5,shuffled,3,0.0002860631254804836
Mk06-303-9,Mk06,validation,9,L,0.25,conditional,3,8.441096860269477e-05
Mk06-303-9,Mk06,validation,9,L,0.25,fixed,3,8.441096860269477e-05
Mk06-303-9,Mk06,validation,9,L,0.25,shuffled,5,0.00020528074548895186
Mk06-303-9,Mk06,validation,9,L,0.5,conditional,3,0.00014819912644121612
Mk06-303-9,Mk06,validation,9,L,0.5,fixed,3,0.00014819912644121612
Mk06-303-9,Mk06,validation,9,L,0.5,shuffled,3,0.00014819912644121612
