state,instance,split,seed,generation,population_index,fraction,n,rep,group,rng_seed,feature_seconds_all_groups,attempts,evaluated,outside,noop,duplicate,decodes,gain,gain_per_decode,gain_per_budget,wall_seconds
Mk01-101-0,Mk01,explore,101,0,10,0.25,1,0,R,9561338373926103009,0.0004171999971731566,320,0,319,1,0,0,0.0,,0.0,0.007843300001695752
Mk01-101-0,Mk01,explore,101,0,10,0.25,1,0,S,9561338373926103009,0.0004171999971731566,320,1,318,1,0,1,2.2551405187698492e-17,2.2551405187698492e-17,2.8189256484623115e-18,0.008573700004490092
Mk01-101-0,Mk01,explore,101,0,10,0.25,1,0,A,9561338373926103009,0.0004171999971731566,320,2,317,1,0,2,0.0005973997775403639,0.00029869988877018194,7.467497219254549e-05,0.009761000001162756
Mk01-101-0,Mk01,explore,101,0,10,0.25,1,0,C,9561338373926103009,0.0004171999971731566,320,2,317,1,0,2,2.2551405187698492e-17,1.1275702593849246e-17,2.8189256484623115e-18,0.009041000004799571
Mk01-101-0,Mk01,explore,101,0,10,0.25,1,0,W,9561338373926103009,0.0004171999971731566,320,1,318,1,0,1,0.00901518666404067,0.00901518666404067,0.0011268983330050837,0.008790899999439716
Mk01-101-0,Mk01,explore,101,0,10,0.25,1,0,L,9561338373926103009,0.0004171999971731566,320,1,318,1,0,1,0.00901518666404067,0.00901518666404067,0.0011268983330050837,0.008233500004280359
Mk01-101-0,Mk01,explore,101,0,10,0.25,1,1,R,17183962027243724064,0.0003954999992856756,320,0,316,4,0,0,0.0,,0.0,0.007966500001202803
Mk01-101-0,Mk01,explore,101,0,10,0.25,1,1,S,17183962027243724064,0.0003954999992856756,320,2,314,4,0,2,2.2551405187698492e-17,1.1275702593849246e-17,2.8189256484623115e-18,0.009178899999824353
Mk01-101-0,Mk01,explore,101,0,10,0.25,1,1,A,17183962027243724064,0.0003954999992856756,320,1,315,4,0,1,2.2551405187698492e-17,2.2551405187698492e-17,2.8189256484623115e-18,0.008926399998017587
Mk01-101-0,Mk01,explore,101,0,10,0.25,1,1,C,17183962027243724064,0.0003954999992856756,320,2,314,4,0,2,2.2551405187698492e-17,1.1275702593849246e-17,2.8189256484623115e-18,0.009145299998635892
Mk01-101-0,Mk01,explore,101,0,10,0.25,1,1,W,17183962027243724064,0.0003954999992856756,320,1,315,4,0,1,0.00833248051035543,0.00833248051035543,0.0010415600637944287,0.008860699999786448
Mk01-101-0,Mk01,explore,101,0,10,0.25,1,1,L,17183962027243724064,0.0003954999992856756,320,0,316,4,0,0,0.0,,0.0,0.007544600004621316
Mk01-101-0,Mk01,explore,101,0,10,0.25,1,2,R,14041882538413400741,0.0004017999963252805,320,0,320,0,0,0,0.0,,0.0,0.008118899997498374
Mk01-101-0,Mk01,explore,101,0,10,0.25,1,2,S,14041882538413400741,0.0004017999963252805,320,2,318,0,0,2,0.008044711150919042,0.004022355575459521,0.0010055888938648803,0.009254299999156501
Mk01-101-0,Mk01,explore,101,0,10,0.25,1,2,A,14041882538413400741,0.0004017999963252805,320,1,319,0,0,1,2.2551405187698492e-17,2.2551405187698492e-17,2.8189256484623115e-18,0.008857299995725043
Mk01-101-0,Mk01,explore,101,0,10,0.25,1,2,C,14041882538413400741,0.0004017999963252805,320,2,318,0,0,2,2.2551405187698492e-17,1.1275702593849246e-17,2.8189256484623115e-18,0.009563600004184991
Mk01-101-0,Mk01,explore,101,0,10,0.25,1,2,W,14041882538413400741,0.0004017999963252805,320,2,318,0,0,2,0.00901518666404067,0.004507593332020335,0.0011268983330050837,0.009528499998850748
Mk01-101-0,Mk01,explore,101,0,10,0.25,1,2,L,14041882538413400741,0.0004017999963252805,320,3,317,0,0,3,0.013926032230840773,0.004642010743613591,0.0017407540288550967,0.010568900004727766
Mk01-101-0,Mk01,explore,101,0,10,0.25,2,0,R,2704435347701455234,0.00039819999801693484,320,0,320,0,0,0,0.0,,0.0,0.010113600001204759
Mk01-101-0,Mk01,explore,101,0,10,0.25,2,0,S,2704435347701455234,0.00039819999801693484,320,0,320,0,0,0,0.0,,0.0,0.010504300000320654
Mk01-101-0,Mk01,explore,101,0,10,0.25,2,0,A,2704435347701455234,0.00039819999801693484,320,0,320,0,0,0,0.0,,0.0,0.010741099998995196
Mk01-101-0,Mk01,explore,101,0,10,0.25,2,0,C,2704435347701455234,0.00039819999801693484,320,0,320,0,0,0,0.0,,0.0,0.01010849999875063
Mk01-101-0,Mk01,explore,101,0,10,0.25,2,0,W,2704435347701455234,0.00039819999801693484,320,0,320,0,0,0,0.0,,0.0,0.010591700003715232
Mk01-101-0,Mk01,explore,101,0,10,0.25,2,0,L,2704435347701455234,0.00039819999801693484,320,0,320,0,0,0,0.0,,0.0,0.010700400001951493
Mk01-101-0,Mk01,explore,101,0,10,0.25,2,1,R,1799740749815687894,0.0004095999975106679,320,0,319,1,0,0,0.0,,0.0,0.010153499999432825
Mk01-101-0,Mk01,explore,101,0,10,0.25,2,1,S,1799740749815687894,0.0004095999975106679,320,0,319,1,0,0,0.0,,0.0,0.010555500004556961
Mk01-101-0,Mk01,explore,101,0,10,0.25,2,1,A,1799740749815687894,0.0004095999975106679,320,1,318,1,0,1,2.2551405187698492e-17,2.2551405187698492e-17,2.8189256484623115e-18,0.011568999994779006
Mk01-101-0,Mk01,explore,101,0,10,0.25,2,1,C,1799740749815687894,0.0004095999975106679,320,0,319,1,0,0,0.0,,0.0,0.010131800001545344
Mk01-101-0,Mk01,explore,101,0,10,0.25,2,1,W,1799740749815687894,0.0004095999975106679,320,0,319,1,0,0,0.0,,0.0,0.010353999998187646
Mk01-101-0,Mk01,explore,101,0,10,0.25,2,1,L,1799740749815687894,0.0004095999975106679,320,0,319,1,0,0,0.0,,0.0,0.010286099997756537
Mk01-101-0,Mk01,explore,101,0,10,0.25,2,2,R,11069395938400872051,0.0004030999989481643,320,0,320,0,0,0,0.0,,0.0,0.010453399998368695
Mk01-101-0,Mk01,explore,101,0,10,0.25,2,2,S,11069395938400872051,0.0004030999989481643,320,0,320,0,0,0,0.0,,0.0,0.011298799996438902
Mk01-101-0,Mk01,explore,101,0,10,0.25,2,2,A,11069395938400872051,0.0004030999989481643,320,0,320,0,0,0,0.0,,0.0,0.009947799997462425
Mk01-101-0,Mk01,explore,101,0,10,0.25,2,2,C,11069395938400872051,0.0004030999989481643,320,0,320,0,0,0,0.0,,0.0,0.01052229999913834
Mk01-101-0,Mk01,explore,101,0,10,0.25,2,2,W,11069395938400872051,0.0004030999989481643,320,0,320,0,0,0,0.0,,0.0,0.0106554000012693
Mk01-101-0,Mk01,explore,101,0,10,0.25,2,2,L,11069395938400872051,0.0004030999989481643,320,0,320,0,0,0,0.0,,0.0,0.009932500004651956
Mk01-101-0,Mk01,explore,101,0,10,0.25,3,0,R,2607593753275373419,0.0003991999983554706,54,8,38,0,8,8,0.001341744356134664,0.000167718044516833,0.000167718044516833,0.008339699998032302
Mk01-101-0,Mk01,explore,101,0,10,0.25,3,0,S,2607593753275373419,0.0003991999983554706,96,8,75,0,13,8,0.008948851357711464,0.001118606419713933,0.001118606419713933,0.008720800004084595
Mk01-101-0,Mk01,explore,101,0,10,0.25,3,0,A,2607593753275373419,0.0003991999983554706,33,8,24,0,1,8,0.010929710334361692,0.0013662137917952114,0.0013662137917952114,0.007576699994388036
Mk01-101-0,Mk01,explore,101,0,10,0.25,3,0,C,2607593753275373419,0.0003991999983554706,82,8,67,0,7,8,0.010929710334361692,0.0013662137917952114,0.0013662137917952114,0.008433499999227934
Mk01-101-0,Mk01,explore,101,0,10,0.25,3,0,W,2607593753275373419,0.0003991999983554706,35,8,26,0,1,8,0.01515938659227715,0.0018949233240346437,0.0018949233240346437,0.007808300004398916
Mk01-101-0,Mk01,explore,101,0,10,0.25,3,0,L,2607593753275373419,0.0003991999983554706,13,8,5,0,0,8,0.01515938659227715,0.0018949233240346437,0.0018949233240346437,0.0067445000022416934
Mk01-101-0,Mk01,explore,101,0,10,0.25,3,1,R,8941446366896886547,0.00039819999801693484,28,8,19,0,1,8,0.0012793911477383558,0.00015992389346729447,0.00015992389346729447,0.00782949999847915
Mk01-101-0,Mk01,explore,101,0,10,0.25,3,1,S,8941446366896886547,0.00039819999801693484,30,8,22,0,0,8,0.009013177364647866,0.0011266471705809833,0.0011266471705809833,0.0071704999936628155
Mk01-101-0,Mk01,explore,101,0,10,0.25,3,1,A,8941446366896886547,0.00039819999801693484,36,8,27,0,1,8,0.010929710334361692,0.0013662137917952114,0.0013662137917952114,0.007870299996284302
Mk01-101-0,Mk01,explore,101,0,10,0.25,3,1,C,8941446366896886547,0.00039819999801693484,32,8,24,0,0,8,0.010929710334361692,0.0013662137917952114,0.0013662137917952114,0.007192199998826254
Mk01-101-0,Mk01,explore,101,0,10,0.25,3,1,W,8941446366896886547,0.00039819999801693484,34,8,25,0,1,8,0.010929710334361692,0.0013662137917952114,0.0013662137917952114,0.007704100004048087
Mk01-101-0,Mk01,explore,101,0,10,0.25,3,1,L,8941446366896886547,0.00039819999801693484,75,8,62,0,5,8,0.019641889549439198,0.0024552361936798998,0.0024552361936798998,0.008602300003985874
Mk01-101-0,Mk01,explore,101,0,10,0.25,3,2,R,13513008415393168437,0.00039730000571580604,129,8,105,0,16,8,0.008948851357711464,0.001118606419713933,0.001118606419713933,0.010399200000392739
Mk01-101-0,Mk01,explore,101,0,10,0.25,3,2,S,13513008415393168437,0.00039730000571580604,80,8,64,0,8,8,0.005365602758446709,0.0006707003448058386,0.0006707003448058386,0.008491200002026744
Mk01-101-0,Mk01,explore,101,0,10,0.25,3,2,A,13513008415393168437,0.00039730000571580604,40,8,29,0,3,8,0.010929710334361692,0.0013662137917952114,0.0013662137917952114,0.007781699998304248
Mk01-101-0,Mk01,explore,101,0,10,0.25,3,2,C,13513008415393168437,0.00039730000571580604,55,8,44,0,3,8,0.010929710334361692,0.0013662137917952114,0.0013662137917952114,0.007919100004073698
Mk01-101-0,Mk01,explore,101,0,10,0.25,3,2,W,13513008415393168437,0.00039730000571580604,66,8,49,0,9,8,0.019641889549439198,0.0024552361936798998,0.0024552361936798998,0.008401800005231053
Mk01-101-0,Mk01,explore,101,0,10,0.25,3,2,L,13513008415393168437,0.00039730000571580604,40,8,29,0,3,8,0.019641889549439198,0.0024552361936798998,0.0024552361936798998,0.007550700000138022
Mk01-101-0,Mk01,explore,101,0,10,0.25,4,0,R,10021893449756127752,0.0005099999980302528,5,2,1,0,2,7,8.818432012243187e-05,1.2597760017490267e-05,1.1023040015303983e-05,0.0047774999984540045
Mk01-101-0,Mk01,explore,101,0,10,0.25,4,0,S,10021893449756127752,0.0005099999980302528,5,2,1,0,2,7,8.818432012243187e-05,1.2597760017490267e-05,1.1023040015303983e-05,0.004566699994029477
Mk01-101-0,Mk01,explore,101,0,10,0.25,4,0,A,10021893449756127752,0.0005099999980302528,6,1,4,0,1,7,8.818432012243187e-05,1.2597760017490267e-05,1.1023040015303983e-05,0.004337699996540323
Mk01-101-0,Mk01,explore,101,0,10,0.25,4,0,C,10021893449756127752,0.0005099999980302528,6,1,4,0,1,7,8.818432012243187e-05,1.2597760017490267e-05,1.1023040015303983e-05,0.004755399997520726
Mk01-101-0,Mk01,explore,101,0,10,0.25,4,0,W,10021893449756127752,0.0005099999980302528,7,0,7,0,0,7,0.0,0.0,0.0,0.004134899994824082
Mk01-101-0,Mk01,explore,101,0,10,0.25,4,0,L,10021893449756127752,0.0005099999980302528,7,0,7,0,0,7,0.0,0.0,0.0,0.004127899999730289
Mk01-101-0,Mk01,explore,101,0,10,0.25,4,1,R,11957686921564354870,0.00039120000292314216,5,2,3,0,0,7,0.004098850291927476,0.0005855500417039251,0.0005123562864909345,0.0046571999992011115
Mk01-101-0,Mk01,explore,101,0,10,0.25,4,1,S,11957686921564354870,0.00039120000292314216,5,3,2,0,0,8,0.0,0.0,0.0,0.005660199996782467
Mk01-101-0,Mk01,explore,101,0,10,0.25,4,1,A,11957686921564354870,0.00039120000292314216,7,0,7,0,0,7,0.0,0.0,0.0,0.004133000002184417
Mk01-101-0,Mk01,explore,101,0,10,0.25,4,1,C,11957686921564354870,0.00039120000292314216,6,1,5,0,0,7,0.0,0.0,0.0,0.004327000002376735
Mk01-101-0,Mk01,explore,101,0,10,0.25,4,1,W,11957686921564354870,0.00039120000292314216,7,0,7,0,0,7,0.0,0.0,0.0,0.004494100001465995
Mk01-101-0,Mk01,explore,101,0,10,0.25,4,1,L,11957686921564354870,0.00039120000292314216,7,0,7,0,0,7,0.0,0.0,0.0,0.004123499995330349
Mk01-101-0,Mk01,explore,101,0,10,0.25,4,2,R,3124149455067922545,0.0003956000000471249,6,1,5,0,0,7,0.0,0.0,0.0,0.0043656999987433665
Mk01-101-0,Mk01,explore,101,0,10,0.25,4,2,S,3124149455067922545,0.0003956000000471249,5,2,2,0,1,7,8.818432012243187e-05,1.2597760017490267e-05,1.1023040015303983e-05,0.004549000004772097
Mk01-101-0,Mk01,explore,101,0,10,0.25,4,2,A,3124149455067922545,0.0003956000000471249,6,1,5,0,0,7,8.818432012243187e-05,1.2597760017490267e-05,1.1023040015303983e-05,0.0046249000006355345
Mk01-101-0,Mk01,explore,101,0,10,0.25,4,2,C,3124149455067922545,0.0003956000000471249,5,2,2,0,1,7,8.818432012243187e-05,1.2597760017490267e-05,1.1023040015303983e-05,0.00482959999499144
Mk01-101-0,Mk01,explore,101,0,10,0.25,4,2,W,3124149455067922545,0.0003956000000471249,7,0,7,0,0,7,0.0,0.0,0.0,0.004073500000231434
Mk01-101-0,Mk01,explore,101,0,10,0.25,4,2,L,3124149455067922545,0.0003956000000471249,7,0,7,0,0,7,0.0,0.0,0.0,0.005139100001542829
Mk01-101-0,Mk01,explore,101,0,10,0.25,5,0,R,7065681514930813205,0.0004578000007313676,26,8,17,0,1,8,0.017016812946164632,0.002127101618270579,0.002127101618270579,0.006946800000150688
Mk01-101-0,Mk01,explore,101,0,10,0.25,5,0,S,7065681514930813205,0.0004578000007313676,26,8,17,0,1,8,0.019390675162505457,0.002423834395313182,0.002423834395313182,0.007110599995939992
Mk01-101-0,Mk01,explore,101,0,10,0.25,5,0,A,7065681514930813205,0.0004578000007313676,39,8,30,0,1,8,0.017057012703009723,0.0021321265878762154,0.0021321265878762154,0.008179799995559733
Mk01-101-0,Mk01,explore,101,0,10,0.25,5,0,C,7065681514930813205,0.0004578000007313676,39,8,29,0,2,8,0.019390675162505457,0.002423834395313182,0.002423834395313182,0.007063400000333786
Mk01-101-0,Mk01,explore,101,0,10,0.25,5,0,W,7065681514930813205,0.0004578000007313676,52,8,42,0,2,8,0.01965079123620901,0.0024563489045261264,0.0024563489045261264,0.008335500002431218
Mk01-101-0,Mk01,explore,101,0,10,0.25,5,0,L,7065681514930813205,0.0004578000007313676,28,8,18,0,2,8,0.019684635900635128,0.002460579487579391,0.002460579487579391,0.006881499997689389
Mk01-101-0,Mk01,explore,101,0,10,0.25,5,1,R,17030853037537132519,0.0008569000056013465,11,8,3,0,0,8,0.013530433800463459,0.0016913042250579324,0.0016913042250579324,0.0073188999958802015
Mk01-101-0,Mk01,explore,101,0,10,0.25,5,1,S,17030853037537132519,0.0008569000056013465,21,8,12,0,1,8,0.01949107625163251,0.0024363845314540637,0.0024363845314540637,0.006657999998424202
Mk01-101-0,Mk01,explore,101,0,10,0.25,5,1,A,17030853037537132519,0.0008569000056013465,27,8,18,0,1,8,0.020309259538009196,0.0025386574422511495,0.0025386574422511495,0.007539600002928637
Mk01-101-0,Mk01,explore,101,0,10,0.25,5,1,C,17030853037537132519,0.0008569000056013465,25,8,16,0,1,8,0.02025515794673966,0.0025318947433424577,0.0025318947433424577,0.006782299999031238
Mk01-101-0,Mk01,explore,101,0,10,0.25,5,1,W,17030853037537132519,0.0008569000056013465,54,8,42,0,4,8,0.014024670639242563,0.0017530838299053204,0.0017530838299053204,0.008278700006485451
Mk01-101-0,Mk01,explore,101,0,10,0.25,5,1,L,17030853037537132519,0.0008569000056013465,25,8,17,0,0,8,0.01646562321899532,0.002058202902374415,0.002058202902374415,0.006887200004712213
Mk01-101-0,Mk01,explore,101,0,10,0.25,5,2,R,11173523613141322042,0.0003966000003856607,26,8,16,0,2,8,0.0225355527966834,0.002816944099585425,0.002816944099585425,0.007906400001957081
Mk01-101-0,Mk01,explore,101,0,10,0.25,5,2,S,11173523613141322042,0.0003966000003856607,26,8,15,0,3,8,0.013917668042489775,0.0017397085053112219,0.0017397085053112219,0.00694389999989653
Mk01-101-0,Mk01,explore,101,0,10,0.25,5,2,A,11173523613141322042,0.0003966000003856607,40,8,31,0,1,8,0.017016812946164632,0.002127101618270579,0.002127101618270579,0.007791500000166707
Mk01-101-0,Mk01,explore,101,0,10,0.25,5,2,C,11173523613141322042,0.0003966000003856607,39,8,27,0,4,8,0.01356182067037034,0.0016952275837962924,0.0016952275837962924,0.0072422999946866184
Mk01-101-0,Mk01,explore,101,0,10,0.25,5,2,W,11173523613141322042,0.0003966000003856607,40,8,32,0,0,8,0.013136177858951244,0.0016420222323689055,0.0016420222323689055,0.007913599998573773
Mk01-101-0,Mk01,explore,101,0,10,0.25,5,2,L,11173523613141322042,0.0003966000003856607,33,8,23,0,2,8,0.017016812946164632,0.002127101618270579,0.002127101618270579,0.007102900002792012
Mk01-101-0,Mk01,explore,101,0,10,0.25,6,0,R,14283355467250569895,0.0003969999961555004,6,1,0,0,5,7,2.2551405187698492e-17,3.221629312528356e-18,2.8189256484623115e-18,0.0045193999976618215
Mk01-101-0,Mk01,explore,101,0,10,0.25,6,0,S,14283355467250569895,0.0003969999961555004,6,1,0,0,5,7,2.2551405187698492e-17,3.221629312528356e-18,2.8189256484623115e-18,0.004656800003431272
Mk01-101-0,Mk01,explore,101,0,10,0.25,6,0,A,14283355467250569895,0.0003969999961555004,6,1,0,0,5,7,2.2551405187698492e-17,3.221629312528356e-18,2.8189256484623115e-18,0.004369499998574611
Mk01-101-0,Mk01,explore,101,0,10,0.25,6,0,C,14283355467250569895,0.0003969999961555004,6,1,0,0,5,7,2.2551405187698492e-17,3.221629312528356e-18,2.8189256484623115e-18,0.0043700000023818575
Mk01-101-0,Mk01,explore,101,0,10,0.25,6,0,W,14283355467250569895,0.0003969999961555004,7,0,7,0,0,7,0.0,0.0,0.0,0.004629900002328213
Mk01-101-0,Mk01,explore,101,0,10,0.25,6,0,L,14283355467250569895,0.0003969999961555004,6,1,0,0,5,7,2.2551405187698492e-17,3.221629312528356e-18,2.8189256484623115e-18,0.004357099998742342
Mk01-101-0,Mk01,explore,101,0,10,0.25,6,1,R,11188146548007959103,0.00039449999894713983,6,1,0,0,5,7,2.2551405187698492e-17,3.221629312528356e-18,2.8189256484623115e-18,0.004369499998574611
Mk01-101-0,Mk01,explore,101,0,10,0.25,6,1,S,11188146548007959103,0.00039449999894713983,6,1,0,0,5,7,2.2551405187698492e-17,3.221629312528356e-18,2.8189256484623115e-18,0.004679400000895839
Mk01-101-0,Mk01,explore,101,0,10,0.25,6,1,A,11188146548007959103,0.00039449999894713983,6,1,0,0,5,7,2.2551405187698492e-17,3.221629312528356e-18,2.8189256484623115e-18,0.005024300000513904
Mk01-101-0,Mk01,explore,101,0,10,0.25,6,1,C,11188146548007959103,0.00039449999894713983,6,1,0,0,5,7,2.2551405187698492e-17,3.221629312528356e-18,2.8189256484623115e-18,0.00437919999967562
Mk01-101-0,Mk01,explore,101,0,10,0.25,6,1,W,11188146548007959103,0.00039449999894713983,7,0,7,0,0,7,0.0,0.0,0.0,0.004164999998465646
Mk01-101-0,Mk01,explore,101,0,10,0.25,6,1,L,11188146548007959103,0.00039449999894713983,6,1,0,0,5,7,2.2551405187698492e-17,3.221629312528356e-18,2.8189256484623115e-18,0.004960800004482735
Mk01-101-0,Mk01,explore,101,0,10,0.25,6,2,R,2419321177885460419,0.0004140999953961,7,0,7,0,0,7,0.0,0.0,0.0,0.004180299998552073
Mk01-101-0,Mk01,explore,101,0,10,0.25,6,2,S,2419321177885460419,0.0004140999953961,6,1,0,0,5,7,2.2551405187698492e-17,3.221629312528356e-18,2.8189256484623115e-18,0.004363000000012107
Mk01-101-0,Mk01,explore,101,0,10,0.25,6,2,A,2419321177885460419,0.0004140999953961,6,1,0,0,5,7,2.2551405187698492e-17,3.221629312528356e-18,2.8189256484623115e-18,0.0043667999998433515
Mk01-101-0,Mk01,explore,101,0,10,0.25,6,2,C,2419321177885460419,0.0004140999953961,6,1,0,0,5,7,2.2551405187698492e-17,3.221629312528356e-18,2.8189256484623115e-18,0.004820300004212186
Mk01-101-0,Mk01,explore,101,0,10,0.25,6,2,W,2419321177885460419,0.0004140999953961,7,0,7,0,0,7,0.0,0.0,0.0,0.004167600003711414
Mk01-101-0,Mk01,explore,101,0,10,0.25,6,2,L,2419321177885460419,0.0004140999953961,6,1,0,0,5,7,2.2551405187698492e-17,3.221629312528356e-18,2.8189256484623115e-18,0.004363800006103702
Mk01-101-0,Mk01,explore,101,0,10,0.5,1,0,R,12786368997530810769,0.0004015000013168901,320,5,311,2,2,5,0.015679409316029527,0.0031358818632059053,0.001959926164503691,0.012316300002567004
Mk01-101-0,Mk01,explore,101,0,10,0.5,1,0,S,12786368997530810769,0.0004015000013168901,320,2,315,2,1,2,0.0,0.0,0.0,0.011223100002098363
Mk01-101-0,Mk01,explore,101,0,10,0.5,1,0,A,12786368997530810769,0.0004015000013168901,320,3,314,2,1,3,0.013561400989726516,0.004520466996575505,0.0016951751237158144,0.010227899998426437
Mk01-101-0,Mk01,explore,101,0,10,0.5,1,0,C,12786368997530810769,0.0004015000013168901,320,2,316,2,0,2,0.013561400989726516,0.006780700494863258,0.0016951751237158144,0.010022100002970546
Mk01-101-0,Mk01,explore,101,0,10,0.5,1,0,W,12786368997530810769,0.0004015000013168901,320,4,314,2,0,4,0.013926032230840773,0.0034815080577101933,0.0017407540288550967,0.011402500000258442
Mk01-101-0,Mk01,explore,101,0,10,0.5,1,0,L,12786368997530810769,0.0004015000013168901,320,7,310,2,1,7,0.0175385912643961,0.0025055130377708715,0.0021923239080495127,0.0133066000053077
Mk01-101-0,Mk01,explore,101,0,10,0.5,1,1,R,14951186543059130062,0.0005030000029364601,195,8,186,0,1,8,0.022145420547059196,0.0027681775683823994,0.0027681775683823994,0.011311200003547128
Mk01-101-0,Mk01,explore,101,0,10,0.5,1,1,S,14951186543059130062,0.0005030000029364601,320,6,314,0,0,6,0.008988504654633462,0.001498084109105577,0.0011235630818291827,0.013255199999548495
Mk01-101-0,Mk01,explore,101,0,10,0.5,1,1,A,14951186543059130062,0.0005030000029364601,207,8,198,0,1,8,0.009834483494341116,0.0012293104367926396,0.0012293104367926396,0.011947099999815691
Mk01-101-0,Mk01,explore,101,0,10,0.5,1,1,C,14951186543059130062,0.0005030000029364601,314,8,304,0,2,8,0.01424039761068808,0.00178004970133601,0.00178004970133601,0.015003600005002227
Mk01-101-0,Mk01,explore,101,0,10,0.5,1,1,W,14951186543059130062,0.0005030000029364601,314,8,306,0,0,8,0.013561400989726516,0.0016951751237158144,0.0016951751237158144,0.014397799997823313
Mk01-101-0,Mk01,explore,101,0,10,0.5,1,1,L,14951186543059130062,0.0005030000029364601,320,5,315,0,0,5,0.013561400989726516,0.002712280197945303,0.0016951751237158144,0.011871699993207585
Mk01-101-0,Mk01,explore,101,0,10,0.5,1,2,R,4946144930872295661,0.0004053999946336262,320,4,313,3,0,4,4.9966683053851574e-05,1.2491670763462893e-05,6.245835381731447e-06,0.011228299998037983
Mk01-101-0,Mk01,explore,101,0,10,0.5,1,2,S,4946144930872295661,0.0004053999946336262,320,4,313,3,0,4,0.008988504654633462,0.0022471261636583654,0.0011235630818291827,0.011404400000174064
Mk01-101-0,Mk01,explore,101,0,10,0.5,1,2,A,4946144930872295661,0.0004053999946336262,320,4,313,3,0,4,0.009834483494341116,0.002458620873585279,0.0012293104367926396,0.010839199996553361
Mk01-101-0,Mk01,explore,101,0,10,0.5,1,2,C,4946144930872295661,0.0004053999946336262,320,5,312,3,0,5,0.008988504654633462,0.0017977009309266922,0.0011235630818291827,0.01198840000142809
Mk01-101-0,Mk01,explore,101,0,10,0.5,1,2,W,4946144930872295661,0.0004053999946336262,312,8,301,3,0,8,3.2959746043559335e-17,4.119968255444917e-18,4.119968255444917e-18,0.0144637999983388
Mk01-101-0,Mk01,explore,101,0,10,0.5,1,2,L,4946144930872295661,0.0004053999946336262,320,6,311,3,0,6,0.02091845809383109,0.0034864096823051817,0.002614807261728886,0.01309190000029048
Mk01-101-0,Mk01,explore,101,0,10,0.5,2,0,R,8638071383423275349,0.0004084000029251911,320,0,320,0,0,0,0.0,,0.0,0.010257200003252365
Mk01-101-0,Mk01,explore,101,0,10,0.5,2,0,S,8638071383423275349,0.0004084000029251911,320,1,319,0,0,1,0.0,0.0,0.0,0.011403399999835528
Mk01-101-0,Mk01,explore,101,0,10,0.5,2,0,A,8638071383423275349,0.0004084000029251911,320,1,319,0,0,1,0.0,0.0,0.0,0.011484700000437442
Mk01-101-0,Mk01,explore,101,0,10,0.5,2,0,C,8638071383423275349,0.0004084000029251911,320,0,320,0,0,0,0.0,,0.0,0.01028720000613248
Mk01-101-0,Mk01,explore,101,0,10,0.5,2,0,W,8638071383423275349,0.0004084000029251911,320,1,319,0,0,1,0.0,0.0,0.0,0.011079200005042367
Mk01-101-0,Mk01,explore,101,0,10,0.5,2,0,L,8638071383423275349,0.0004084000029251911,320,1,319,0,0,1,0.0,0.0,0.0,0.011413300002459437
Mk01-101-0,Mk01,explore,101,0,10,0.5,2,1,R,6232314739299500931,0.0003994000071543269,320,1,319,0,0,1,0.0,0.0,0.0,0.011150199999974575
Mk01-101-0,Mk01,explore,101,0,10,0.5,2,1,S,6232314739299500931,0.0003994000071543269,320,0,320,0,0,0,0.0,,0.0,0.009952799999155104
Mk01-101-0,Mk01,explore,101,0,10,0.5,2,1,A,6232314739299500931,0.0003994000071543269,320,0,320,0,0,0,0.0,,0.0,0.0112550000048941
Mk01-101-0,Mk01,explore,101,0,10,0.5,2,1,C,6232314739299500931,0.0003994000071543269,320,0,320,0,0,0,0.0,,0.0,0.00998500000423519
Mk01-101-0,Mk01,explore,101,0,10,0.5,2,1,W,6232314739299500931,0.0003994000071543269,320,0,320,0,0,0,0.0,,0.0,0.011902999998710584
Mk01-101-0,Mk01,explore,101,0,10,0.5,2,1,L,6232314739299500931,0.0003994000071543269,320,1,319,0,0,1,0.010272048283438423,0.010272048283438423,0.0012840060354298028,0.011607500004174653
Mk01-101-0,Mk01,explore,101,0,10,0.5,2,2,R,11430254957318351041,0.00040330000047106296,320,3,317,0,0,3,0.0,0.0,0.0,0.013042099999438506
Mk01-101-0,Mk01,explore,101,0,10,0.5,2,2,S,11430254957318351041,0.00040330000047106296,320,0,320,0,0,0,0.0,,0.0,0.010194499998760875
Mk01-101-0,Mk01,explore,101,0,10,0.5,2,2,A,11430254957318351041,0.00040330000047106296,320,0,320,0,0,0,0.0,,0.0,0.01061900000058813
Mk01-101-0,Mk01,explore,101,0,10,0.5,2,2,C,11430254957318351041,0.00040330000047106296,320,0,320,0,0,0,0.0,,0.0,0.01078609999967739
Mk01-101-0,Mk01,explore,101,0,10,0.5,2,2,W,11430254957318351041,0.00040330000047106296,320,0,320,0,0,0,0.0,,0.0,0.010179999997490086
Mk01-101-0,Mk01,explore,101,0,10,0.5,2,2,L,11430254957318351041,0.00040330000047106296,320,2,318,0,0,2,0.0,0.0,0.0,0.012454099996830337
Mk01-101-0,Mk01,explore,101,0,10,0.5,3,0,R,7909069958814817961,0.0004090000002179295,12,8,4,0,0,8,0.004499937583969433,0.0005624921979961791,0.0005624921979961791,0.007131799997296184
Mk01-101-0,Mk01,explore,101,0,10,0.5,3,0,S,7909069958814817961,0.0004090000002179295,17,8,9,0,0,8,0.005043353714195167,0.0006304192142743959,0.0006304192142743959,0.007250200003909413
Mk01-101-0,Mk01,explore,101,0,10,0.5,3,0,A,7909069958814817961,0.0004090000002179295,20,8,12,0,0,8,0.005035473629331853,0.0006294342036664816,0.0006294342036664816,0.00742059999902267
Mk01-101-0,Mk01,explore,101,0,10,0.5,3,0,C,7909069958814817961,0.0004090000002179295,18,8,10,0,0,8,0.005043353714195167,0.0006304192142743959,0.0006304192142743959,0.007208099996205419
Mk01-101-0,Mk01,explore,101,0,10,0.5,3,0,W,7909069958814817961,0.0004090000002179295,23,8,15,0,0,8,0.004245888849047568,0.000530736106130946,0.000530736106130946,0.007092799998645205
Mk01-101-0,Mk01,explore,101,0,10,0.5,3,0,L,7909069958814817961,0.0004090000002179295,23,8,15,0,0,8,0.004507811195704382,0.0005634763994630477,0.0005634763994630477,0.007385499993688427
Mk01-101-0,Mk01,explore,101,0,10,0.5,3,1,R,12269693713638653149,0.00040780000563245267,16,8,8,0,0,8,0.010929710334361692,0.0013662137917952114,0.0013662137917952114,0.0067009999984293245
Mk01-101-0,Mk01,explore,101,0,10,0.5,3,1,S,12269693713638653149,0.00040780000563245267,16,8,8,0,0,8,0.010929710334361692,0.0013662137917952114,0.0013662137917952114,0.007768299998133443
Mk01-101-0,Mk01,explore,101,0,10,0.5,3,1,A,12269693713638653149,0.00040780000563245267,16,8,6,0,2,8,0.010929710334361692,0.0013662137917952114,0.0013662137917952114,0.006747300001734402
Mk01-101-0,Mk01,explore,101,0,10,0.5,3,1,C,12269693713638653149,0.00040780000563245267,24,8,15,0,1,8,0.010929710334361692,0.0013662137917952114,0.0013662137917952114,0.007571399997686967
Mk01-101-0,Mk01,explore,101,0,10,0.5,3,1,W,12269693713638653149,0.00040780000563245267,13,8,5,0,0,8,0.011058886729763245,0.0013823608412204056,0.0013823608412204056,0.006677800003672019
Mk01-101-0,Mk01,explore,101,0,10,0.5,3,1,L,12269693713638653149,0.00040780000563245267,11,8,3,0,0,8,0.011058886729763245,0.0013823608412204056,0.0013823608412204056,0.006570300000021234
Mk01-101-0,Mk01,explore,101,0,10,0.5,3,2,R,12366994052217115622,0.0004757999995490536,14,8,4,0,2,8,0.016537383812867047,0.002067172976608381,0.002067172976608381,0.0070024999949964695
Mk01-101-0,Mk01,explore,101,0,10,0.5,3,2,S,12366994052217115622,0.0004757999995490536,15,8,6,0,1,8,0.019641889549439198,0.0024552361936798998,0.0024552361936798998,0.006630900003074203
Mk01-101-0,Mk01,explore,101,0,10,0.5,3,2,A,12366994052217115622,0.0004757999995490536,23,8,12,0,3,8,0.016537383812867047,0.002067172976608381,0.002067172976608381,0.007945999997900799
Mk01-101-0,Mk01,explore,101,0,10,0.5,3,2,C,12366994052217115622,0.0004757999995490536,23,8,11,0,4,8,0.019641889549439198,0.0024552361936798998,0.0024552361936798998,0.006855099993117619
Mk01-101-0,Mk01,explore,101,0,10,0.5,3,2,W,12366994052217115622,0.0004757999995490536,12,8,3,0,1,8,0.019641889549439198,0.0024552361936798998,0.0024552361936798998,0.007190000003902242
Mk01-101-0,Mk01,explore,101,0,10,0.5,3,2,L,12366994052217115622,0.0004757999995490536,15,8,5,0,2,8,0.019641889549439198,0.0024552361936798998,0.0024552361936798998,0.006728299995302223
Mk01-101-0,Mk01,explore,101,0,10,0.5,4,0,R,9747608618240965639,0.0004071000003023073,6,1,4,0,1,7,0.0,0.0,0.0,0.004537400003755465
Mk01-101-0,Mk01,explore,101,0,10,0.5,4,0,S,9747608618240965639,0.0004071000003023073,4,3,1,0,0,7,0.0,0.0,0.0,0.005133600003318861
Mk01-101-0,Mk01,explore,101,0,10,0.5,4,0,A,9747608618240965639,0.0004071000003023073,7,0,7,0,0,7,0.0,0.0,0.0,0.004160900003626011
Mk01-101-0,Mk01,explore,101,0,10,0.5,4,0,C,9747608618240965639,0.0004071000003023073,4,3,1,0,0,7,0.0,0.0,0.0,0.004772200001752935
Mk01-101-0,Mk01,explore,101,0,10,0.5,4,0,W,9747608618240965639,0.0004071000003023073,6,1,5,0,0,7,0.004098850291927476,0.0005855500417039251,0.0005123562864909345,0.004915399993478786
Mk01-101-0,Mk01,explore,101,0,10,0.5,4,0,L,9747608618240965639,0.0004071000003023073,5,2,3,0,0,7,0.004098850291927476,0.0005855500417039251,0.0005123562864909345,0.004562000001897104
Mk01-101-0,Mk01,explore,101,0,10,0.5,4,1,R,13474159237507914192,0.0004039999985252507,6,2,4,0,0,8,0.0,0.0,0.0,0.005163900001207367
Mk01-101-0,Mk01,explore,101,0,10,0.5,4,1,S,13474159237507914192,0.0004039999985252507,5,2,2,0,1,7,8.818432012243187e-05,1.2597760017490267e-05,1.1023040015303983e-05,0.005404799994721543
Mk01-101-0,Mk01,explore,101,0,10,0.5,4,1,A,13474159237507914192,0.0004039999985252507,6,2,3,0,1,8,8.818432012243187e-05,1.1023040015303983e-05,1.1023040015303983e-05,0.005175699996470939
Mk01-101-0,Mk01,explore,101,0,10,0.5,4,1,C,13474159237507914192,0.0004039999985252507,5,2,2,0,1,7,8.818432012243187e-05,1.2597760017490267e-05,1.1023040015303983e-05,0.004569799995806534
Mk01-101-0,Mk01,explore,101,0,10,0.5,4,1,W,13474159237507914192,0.0004039999985252507,5,2,1,0,2,7,0.004098850291927476,0.0005855500417039251,0.0005123562864909345,0.005099800000607502
Mk01-101-0,Mk01,explore,101,0,10,0.5,4,1,L,13474159237507914192,0.0004039999985252507,6,2,3,0,1,8,0.004098850291927476,0.0005123562864909345,0.0005123562864909345,0.005147700001543853
Mk01-101-0,Mk01,explore,101,0,10,0.5,4,2,R,6298597461798865209,0.00041449999844189733,6,1,4,0,1,7,0.0,0.0,0.0,0.00435480000305688
Mk01-101-0,Mk01,explore,101,0,10,0.5,4,2,S,6298597461798865209,0.00041449999844189733,4,3,1,0,0,7,8.818432012243187e-05,1.2597760017490267e-05,1.1023040015303983e-05,0.004874499994912185
Mk01-101-0,Mk01,explore,101,0,10,0.5,4,2,A,6298597461798865209,0.00041449999844189733,5,2,3,0,0,7,8.818432012243187e-05,1.2597760017490267e-05,1.1023040015303983e-05,0.004960699996445328
Mk01-101-0,Mk01,explore,101,0,10,0.5,4,2,C,6298597461798865209,0.00041449999844189733,4,3,1,0,0,7,8.818432012243187e-05,1.2597760017490267e-05,1.1023040015303983e-05,0.004773399996338412
Mk01-101-0,Mk01,explore,101,0,10,0.5,4,2,W,6298597461798865209,0.00041449999844189733,5,2,3,0,0,7,0.004098850291927476,0.0005855500417039251,0.0005123562864909345,0.004765700003190432
Mk01-101-0,Mk01,explore,101,0,10,0.5,4,2,L,6298597461798865209,0.00041449999844189733,5,3,2,0,0,8,0.004098850291927476,0.0005123562864909345,0.0005123562864909345,0.005726200004573911
Mk01-101-0,Mk01,explore,101,0,10,0.5,5,0,R,1412825157688258310,0.0004071000003023073,12,8,4,0,0,8,0.01061070376661854,0.0013263379708273175,0.0013263379708273175,0.0066587000037543476
Mk01-101-0,Mk01,explore,101,0,10,0.5,5,0,S,1412825157688258310,0.0004071000003023073,18,8,8,0,2,8,0.013373105528412666,0.0016716381910515832,0.0016716381910515832,0.007141499998397194
Mk01-101-0,Mk01,explore,101,0,10,0.5,5,0,A,1412825157688258310,0.0004071000003023073,18,8,8,0,2,8,0.021477266635288955,0.0026846583294111194,0.0026846583294111194,0.00679360000503948
Mk01-101-0,Mk01,explore,101,0,10,0.5,5,0,C,1412825157688258310,0.0004071000003023073,16,8,6,0,2,8,0.013453720489220644,0.0016817150611525805,0.0016817150611525805,0.006745299993781373
Mk01-101-0,Mk01,explore,101,0,10,0.5,5,0,W,1412825157688258310,0.0004071000003023073,17,8,8,0,1,8,0.021745406276063188,0.0027181757845078985,0.0027181757845078985,0.007008300002780743
Mk01-101-0,Mk01,explore,101,0,10,0.5,5,0,L,1412825157688258310,0.0004071000003023073,11,8,3,0,0,8,0.021745406276063188,0.0027181757845078985,0.0027181757845078985,0.006615099999180529
Mk01-101-0,Mk01,explore,101,0,10,0.5,5,1,R,12208124480223521745,0.00040499999886378646,9,8,0,0,1,8,0.012920245612739687,0.001615030701592461,0.001615030701592461,0.007234199998492841
Mk01-101-0,Mk01,explore,101,0,10,0.5,5,1,S,12208124480223521745,0.00040499999886378646,14,8,6,0,0,8,0.008255329980497076,0.0010319162475621345,0.0010319162475621345,0.006696399999782443
Mk01-101-0,Mk01,explore,101,0,10,0.5,5,1,A,12208124480223521745,0.00040499999886378646,17,8,9,0,0,8,0.008439595410584965,0.0010549494263231206,0.0010549494263231206,0.007382299998425879
Mk01-101-0,Mk01,explore,101,0,10,0.5,5,1,C,12208124480223521745,0.00040499999886378646,16,8,7,0,1,8,0.008255329980497076,0.0010319162475621345,0.0010319162475621345,0.006768100000044797
Mk01-101-0,Mk01,explore,101,0,10,0.5,5,1,W,12208124480223521745,0.00040499999886378646,18,8,9,0,1,8,0.004594806487293055,0.0005743508109116318,0.0005743508109116318,0.007092699997883756
Mk01-101-0,Mk01,explore,101,0,10,0.5,5,1,L,12208124480223521745,0.00040499999886378646,22,8,13,0,1,8,0.017016812946164632,0.002127101618270579,0.002127101618270579,0.007186800001363736
Mk01-101-0,Mk01,explore,101,0,10,0.5,5,2,R,10098401767254579935,0.0004078999991179444,9,8,1,0,0,8,0.01793504749644071,0.002241880937055089,0.002241880937055089,0.006943100001080893
Mk01-101-0,Mk01,explore,101,0,10,0.5,5,2,S,10098401767254579935,0.0004078999991179444,14,8,6,0,0,8,0.009336279712888093,0.0011670349641110117,0.0011670349641110117,0.006703899998683482
Mk01-101-0,Mk01,explore,101,0,10,0.5,5,2,A,10098401767254579935,0.0004078999991179444,20,8,12,0,0,8,0.021477266635288955,0.0026846583294111194,0.0026846583294111194,0.006739900003594812
Mk01-101-0,Mk01,explore,101,0,10,0.5,5,2,C,10098401767254579935,0.0004078999991179444,25,8,17,0,0,8,0.009336279712888093,0.0011670349641110117,0.0011670349641110117,0.007426999996823724
Mk01-101-0,Mk01,explore,101,0,10,0.5,5,2,W,10098401767254579935,0.0004078999991179444,20,8,12,0,0,8,0.021705206519218097,0.002713150814902262,0.002713150814902262,0.006679699996311683
Mk01-101-0,Mk01,explore,101,0,10,0.5,5,2,L,10098401767254579935,0.0004078999991179444,11,8,3,0,0,8,0.027223946369736865,0.003402993296217108,0.003402993296217108,0.007728500000666827
Mk01-101-0,Mk01,explore,101,0,10,0.5,6,0,R,4025671762059998441,0.00040129999979399145,7,0,7,0,0,7,0.0,0.0,0.0,0.004267000003892463
Mk01-101-0,Mk01,explore,101,0,10,0.5,6,0,S,4025671762059998441,0.00040129999979399145,6,1,0,0,5,7,2.2551405187698492e-17,3.221629312528356e-18,2.8189256484623115e-18,0.005258400000457186
Mk01-101-0,Mk01,explore,101,0,10,0.5,6,0,A,4025671762059998441,0.00040129999979399145,6,1,0,0,5,7,2.2551405187698492e-17,3.221629312528356e-18,2.8189256484623115e-18,0.005239500002062414
Mk01-101-0,Mk01,explore,101,0,10,0.5,6,0,C,4025671762059998441,0.00040129999979399145,6,1,0,0,5,7,2.2551405187698492e-17,3.221629312528356e-18,2.8189256484623115e-18,0.004291999997803941
Mk01-101-0,Mk01,explore,101,0,10,0.5,6,0,W,4025671762059998441,0.00040129999979399145,6,1,0,0,5,7,2.2551405187698492e-17,3.221629312528356e-18,2.8189256484623115e-18,0.00429959999746643
Mk01-101-0,Mk01,explore,101,0,10,0.5,6,0,L,4025671762059998441,0.00040129999979399145,6,1,0,0,5,7,2.2551405187698492e-17,3.221629312528356e-18,2.8189256484623115e-18,0.004878299994743429
Mk01-101-0,Mk01,explore,101,0,10,0.5,6,1,R,3661132694522657976,0.0004609000025084242,7,0,7,0,0,7,0.0,0.0,0.0,0.004097400000318885
Mk01-101-0,Mk01,explore,101,0,10,0.5,6,1,S,3661132694522657976,0.0004609000025084242,6,1,0,0,5,7,2.2551405187698492e-17,3.221629312528356e-18,2.8189256484623115e-18,0.0042787999991560355
Mk01-101-0,Mk01,explore,101,0,10,0.5,6,1,A,3661132694522657976,0.0004609000025084242,6,1,0,0,5,7,2.2551405187698492e-17,3.221629312528356e-18,2.8189256484623115e-18,0.00427040000067791
Mk01-101-0,Mk01,explore,101,0,10,0.5,6,1,C,3661132694522657976,0.0004609000025084242,6,1,0,0,5,7,2.2551405187698492e-17,3.221629312528356e-18,2.8189256484623115e-18,0.005779499995696824
Mk01-101-0,Mk01,explore,101,0,10,0.5,6,1,W,3661132694522657976,0.0004609000025084242,6,1,0,0,5,7,2.2551405187698492e-17,3.221629312528356e-18,2.8189256484623115e-18,0.0043011000016122125
Mk01-101-0,Mk01,explore,101,0,10,0.5,6,1,L,3661132694522657976,0.0004609000025084242,6,1,0,0,5,7,2.2551405187698492e-17,3.221629312528356e-18,2.8189256484623115e-18,0.0042897000021184795
Mk01-101-0,Mk01,explore,101,0,10,0.5,6,2,R,11516268354986522192,0.00040520000038668513,6,1,0,0,5,7,2.2551405187698492e-17,3.221629312528356e-18,2.8189256484623115e-18,0.005188999995880295
Mk01-101-0,Mk01,explore,101,0,10,0.5,6,2,S,11516268354986522192,0.00040520000038668513,6,1,0,0,5,7,2.2551405187698492e-17,3.221629312528356e-18,2.8189256484623115e-18,0.004311299999244511
Mk01-101-0,Mk01,explore,101,0,10,0.5,6,2,A,11516268354986522192,0.00040520000038668513,6,1,0,0,5,7,2.2551405187698492e-17,3.221629312528356e-18,2.8189256484623115e-18,0.004336599995440338
Mk01-101-0,Mk01,explore,101,0,10,0.5,6,2,C,11516268354986522192,0.00040520000038668513,6,1,0,0,5,7,2.2551405187698492e-17,3.221629312528356e-18,2.8189256484623115e-18,0.004378800003905781
Mk01-101-0,Mk01,explore,101,0,10,0.5,6,2,W,11516268354986522192,0.00040520000038668513,6,1,0,0,5,7,2.2551405187698492e-17,3.221629312528356e-18,2.8189256484623115e-18,0.004782500000146683
Mk01-101-0,Mk01,explore,101,0,10,0.5,6,2,L,11516268354986522192,0.00040520000038668513,6,1,0,0,5,7,2.2551405187698492e-17,3.221629312528356e-18,2.8189256484623115e-18,0.004397299999254756
Mk01-101-9,Mk01,explore,101,9,18,0.25,1,0,R,1883470073184980205,0.00039060000563040376,320,1,319,0,0,1,0.0,0.0,0.0,0.01067709999915678
Mk01-101-9,Mk01,explore,101,9,18,0.25,1,0,S,1883470073184980205,0.00039060000563040376,320,2,318,0,0,2,0.0,0.0,0.0,0.009287600005336571
Mk01-101-9,Mk01,explore,101,9,18,0.25,1,0,A,1883470073184980205,0.00039060000563040376,320,0,320,0,0,0,0.0,,0.0,0.007940900002722628
Mk01-101-9,Mk01,explore,101,9,18,0.25,1,0,C,1883470073184980205,0.00039060000563040376,320,1,319,0,0,1,0.0,0.0,0.0,0.008506099999067374
Mk01-101-9,Mk01,explore,101,9,18,0.25,1,0,W,1883470073184980205,0.00039060000563040376,320,0,320,0,0,0,0.0,,0.0,0.009942600001522806
Mk01-101-9,Mk01,explore,101,9,18,0.25,1,0,L,1883470073184980205,0.00039060000563040376,320,0,320,0,0,0,0.0,,0.0,0.007653000000573229
Mk01-101-9,Mk01,explore,101,9,18,0.25,1,1,R,9785602403686995428,0.00041290000081062317,320,1,319,0,0,1,0.0,0.0,0.0,0.009361000003991649
Mk01-101-9,Mk01,explore,101,9,18,0.25,1,1,S,9785602403686995428,0.00041290000081062317,320,2,318,0,0,2,0.0,0.0,0.0,0.01080039999942528
Mk01-101-9,Mk01,explore,101,9,18,0.25,1,1,A,9785602403686995428,0.00041290000081062317,320,1,319,0,0,1,0.0,0.0,0.0,0.00851209999382263
Mk01-101-9,Mk01,explore,101,9,18,0.25,1,1,C,9785602403686995428,0.00041290000081062317,320,2,318,0,0,2,0.0,0.0,0.0,0.009575999996741302
Mk01-101-9,Mk01,explore,101,9,18,0.25,1,1,W,9785602403686995428,0.00041290000081062317,320,1,319,0,0,1,0.0,0.0,0.0,0.008832399995299056
Mk01-101-9,Mk01,explore,101,9,18,0.25,1,1,L,9785602403686995428,0.00041290000081062317,320,3,317,0,0,3,1.0408340855860843e-17,3.469446951953614e-18,1.3010426069826053e-18,0.010145799999008887
Mk01-101-9,Mk01,explore,101,9,18,0.25,1,2,R,16092564434053930605,0.0003995000006398186,320,0,319,1,0,0,0.0,,0.0,0.0078075999990687706
Mk01-101-9,Mk01,explore,101,9,18,0.25,1,2,S,16092564434053930605,0.0003995000006398186,320,0,319,1,0,0,0.0,,0.0,0.00786800000059884
Mk01-101-9,Mk01,explore,101,9,18,0.25,1,2,A,16092564434053930605,0.0003995000006398186,320,2,316,1,1,2,0.0,0.0,0.0,0.00944770000205608
Mk01-101-9,Mk01,explore,101,9,18,0.25,1,2,C,16092564434053930605,0.0003995000006398186,320,0,319,1,0,0,0.0,,0.0,0.007835999997041654
Mk01-101-9,Mk01,explore,101,9,18,0.25,1,2,W,16092564434053930605,0.0003995000006398186,320,1,318,1,0,1,0.0,0.0,0.0,0.008669700000609737
Mk01-101-9,Mk01,explore,101,9,18,0.25,1,2,L,16092564434053930605,0.0003995000006398186,320,1,317,1,1,1,1.0408340855860843e-17,1.0408340855860843e-17,1.3010426069826053e-18,0.008663099994009826
Mk01-101-9,Mk01,explore,101,9,18,0.25,2,0,R,12426290342278095535,0.00040350000199396163,320,0,320,0,0,0,0.0,,0.0,0.010610799996356945
Mk01-101-9,Mk01,explore,101,9,18,0.25,2,0,S,12426290342278095535,0.00040350000199396163,320,0,320,0,0,0,0.0,,0.0,0.01005789999908302
Mk01-101-9,Mk01,explore,101,9,18,0.25,2,0,A,12426290342278095535,0.00040350000199396163,320,0,320,0,0,0,0.0,,0.0,0.010913099999015685
Mk01-101-9,Mk01,explore,101,9,18,0.25,2,0,C,12426290342278095535,0.00040350000199396163,320,0,320,0,0,0,0.0,,0.0,0.010484600003110245
Mk01-101-9,Mk01,explore,101,9,18,0.25,2,0,W,12426290342278095535,0.00040350000199396163,320,0,320,0,0,0,0.0,,0.0,0.010358600004110485
Mk01-101-9,Mk01,explore,101,9,18,0.25,2,0,L,12426290342278095535,0.00040350000199396163,320,0,320,0,0,0,0.0,,0.0,0.011226300004636869
Mk01-101-9,Mk01,explore,101,9,18,0.25,2,1,R,4646674887664130342,0.00041290000081062317,320,0,320,0,0,0,0.0,,0.0,0.009961999996448867
Mk01-101-9,Mk01,explore,101,9,18,0.25,2,1,S,4646674887664130342,0.00041290000081062317,320,0,320,0,0,0,0.0,,0.0,0.010583000002952758
Mk01-101-9,Mk01,explore,101,9,18,0.25,2,1,A,4646674887664130342,0.00041290000081062317,320,0,320,0,0,0,0.0,,0.0,0.010778900003060699
Mk01-101-9,Mk01,explore,101,9,18,0.25,2,1,C,4646674887664130342,0.00041290000081062317,320,0,320,0,0,0,0.0,,0.0,0.009870800000499003
Mk01-101-9,Mk01,explore,101,9,18,0.25,2,1,W,4646674887664130342,0.00041290000081062317,320,0,320,0,0,0,0.0,,0.0,0.010651900003722403
Mk01-101-9,Mk01,explore,101,9,18,0.25,2,1,L,4646674887664130342,0.00041290000081062317,320,0,320,0,0,0,0.0,,0.0,0.01052470000286121
Mk01-101-9,Mk01,explore,101,9,18,0.25,2,2,R,14338068095264775110,0.0004121999954804778,320,0,320,0,0,0,0.0,,0.0,0.01012559999799123
Mk01-101-9,Mk01,explore,101,9,18,0.25,2,2,S,14338068095264775110,0.0004121999954804778,320,0,320,0,0,0,0.0,,0.0,0.011010399997758213
Mk01-101-9,Mk01,explore,101,9,18,0.25,2,2,A,14338068095264775110,0.0004121999954804778,320,0,320,0,0,0,0.0,,0.0,0.010587000004306901
Mk01-101-9,Mk01,explore,101,9,18,0.25,2,2,C,14338068095264775110,0.0004121999954804778,320,0,320,0,0,0,0.0,,0.0,0.010109499999089167
Mk01-101-9,Mk01,explore,101,9,18,0.25,2,2,W,14338068095264775110,0.0004121999954804778,320,0,320,0,0,0,0.0,,0.0,0.010628900003212038
Mk01-101-9,Mk01,explore,101,9,18,0.25,2,2,L,14338068095264775110,0.0004121999954804778,320,0,320,0,0,0,0.0,,0.0,0.010094700002809986
Mk01-101-9,Mk01,explore,101,9,18,0.25,3,0,R,11908354322243082772,0.0005001999961677939,117,8,102,0,7,8,0.0002831294850820353,3.5391185635254415e-05,3.5391185635254415e-05,0.00992720000067493
Mk01-101-9,Mk01,explore,101,9,18,0.25,3,0,S,11908354322243082772,0.0005001999961677939,41,8,32,0,1,8,0.0038283027764398677,0.00047853784705498346,0.00047853784705498346,0.007951899999170564
Mk01-101-9,Mk01,explore,101,9,18,0.25,3,0,A,11908354322243082772,0.0005001999961677939,34,8,21,0,5,8,0.014288729515668704,0.001786091189458588,0.001786091189458588,0.007150700002966914
Mk01-101-9,Mk01,explore,101,9,18,0.25,3,0,C,11908354322243082772,0.0005001999961677939,62,8,50,0,4,8,0.004093464965636154,0.0005116831207045193,0.0005116831207045193,0.00836890000209678
Mk01-101-9,Mk01,explore,101,9,18,0.25,3,0,W,11908354322243082772,0.0005001999961677939,80,8,62,0,10,8,0.013328295038291365,0.0016660368797864207,0.0016660368797864207,0.008414000003540423
Mk01-101-9,Mk01,explore,101,9,18,0.25,3,0,L,11908354322243082772,0.0005001999961677939,62,8,45,0,9,8,0.0041398575939602805,0.0005174821992450351,0.0005174821992450351,0.008355800004210323
Mk01-101-9,Mk01,explore,101,9,18,0.25,3,1,R,6320310661839642365,0.00039850000030128285,56,8,42,0,6,8,0.021880621722607636,0.0027350777153259545,0.0027350777153259545,0.007750799995847046
Mk01-101-9,Mk01,explore,101,9,18,0.25,3,1,S,6320310661839642365,0.00039850000030128285,46,8,36,0,2,8,0.0008035343450286288,0.0001004417931285786,0.0001004417931285786,0.00807389999681618
Mk01-101-9,Mk01,explore,101,9,18,0.25,3,1,A,6320310661839642365,0.00039850000030128285,24,8,14,0,2,8,0.011245909979792993,0.0014057387474741242,0.0014057387474741242,0.006905300004291348
Mk01-101-9,Mk01,explore,101,9,18,0.25,3,1,C,6320310661839642365,0.00039850000030128285,46,8,35,0,3,8,0.011245909979792993,0.0014057387474741242,0.0014057387474741242,0.008279800000309478
Mk01-101-9,Mk01,explore,101,9,18,0.25,3,1,W,6320310661839642365,0.00039850000030128285,192,8,155,0,29,8,0.013328295038291365,0.0016660368797864207,0.0016660368797864207,0.01156030000129249
Mk01-101-9,Mk01,explore,101,9,18,0.25,3,1,L,6320310661839642365,0.00039850000030128285,73,8,58,0,7,8,0.01755123018880489,0.002193903773600611,0.002193903773600611,0.008996399999887217
Mk01-101-9,Mk01,explore,101,9,18,0.25,3,2,R,12689870792418192979,0.0003980000037699938,49,8,35,0,6,8,0.021880621722607636,0.0027350777153259545,0.0027350777153259545,0.007543100000475533
Mk01-101-9,Mk01,explore,101,9,18,0.25,3,2,S,12689870792418192979,0.0003980000037699938,65,8,52,0,5,8,0.004093464965636154,0.0005116831207045193,0.0005116831207045193,0.008483099998557009
Mk01-101-9,Mk01,explore,101,9,18,0.25,3,2,A,12689870792418192979,0.0003980000037699938,41,8,27,0,6,8,0.01921852591219588,0.002402315739024485,0.002402315739024485,0.007331699998758268
Mk01-101-9,Mk01,explore,101,9,18,0.25,3,2,C,12689870792418192979,0.0003980000037699938,65,8,51,0,6,8,0.011448537208543873,0.0014310671510679841,0.0014310671510679841,0.008241600000474136
Mk01-101-9,Mk01,explore,101,9,18,0.25,3,2,W,12689870792418192979,0.0003980000037699938,53,8,38,0,7,8,0.013328295038291365,0.0016660368797864207,0.0016660368797864207,0.00816540000232635
Mk01-101-9,Mk01,explore,101,9,18,0.25,3,2,L,12689870792418192979,0.0003980000037699938,40,8,28,0,4,8,0.01755123018880489,0.002193903773600611,0.002193903773600611,0.007435099993017502
Mk01-101-9,Mk01,explore,101,9,18,0.25,4,0,R,8168769263018531934,0.00039989999640965834,7,0,7,0,0,7,0.0,0.0,0.0,0.004079099999216851
Mk01-101-9,Mk01,explore,101,9,18,0.25,4,0,S,8168769263018531934,0.00039989999640965834,7,0,7,0,0,7,0.0,0.0,0.0,0.004557899999781512
Mk01-101-9,Mk01,explore,101,9,18,0.25,4,0,A,8168769263018531934,0.00039989999640965834,7,0,7,0,0,7,0.0,0.0,0.0,0.004072900002938695
Mk01-101-9,Mk01,explore,101,9,18,0.25,4,0,C,8168769263018531934,0.00039989999640965834,7,0,7,0,0,7,0.0,0.0,0.0,0.004067499998200219
Mk01-101-9,Mk01,explore,101,9,18,0.25,4,0,W,8168769263018531934,0.00039989999640965834,7,1,6,0,0,8,0.0,0.0,0.0,0.0048206999999820255
Mk01-101-9,Mk01,explore,101,9,18,0.25,4,0,L,8168769263018531934,0.00039989999640965834,6,1,4,0,1,7,0.0,0.0,0.0,0.004795299995748792
Mk01-101-9,Mk01,explore,101,9,18,0.25,4,1,R,9363545845436184705,0.0003969000026700087,6,1,5,0,0,7,5.5561593200676926e-05,7.937370457239562e-06,6.945199150084616e-06,0.004269500001100823
Mk01-101-9,Mk01,explore,101,9,18,0.25,4,1,S,9363545845436184705,0.0003969000026700087,7,0,7,0,0,7,0.0,0.0,0.0,0.004092700000910554
Mk01-101-9,Mk01,explore,101,9,18,0.25,4,1,A,9363545845436184705,0.0003969000026700087,6,1,5,0,0,7,5.5561593200676926e-05,7.937370457239562e-06,6.945199150084616e-06,0.004683899998781271
Mk01-101-9,Mk01,explore,101,9,18,0.25,4,1,C,9363545845436184705,0.0003969000026700087,6,1,5,0,0,7,5.5561593200676926e-05,7.937370457239562e-06,6.945199150084616e-06,0.004401899997901637
Mk01-101-9,Mk01,explore,101,9,18,0.25,4,1,W,9363545845436184705,0.0003969000026700087,6,1,5,0,0,7,0.0,0.0,0.0,0.004256300002452917
Mk01-101-9,Mk01,explore,101,9,18,0.25,4,1,L,9363545845436184705,0.0003969000026700087,5,2,3,0,0,7,0.0,0.0,0.0,0.0046536999943782575
Mk01-101-9,Mk01,explore,101,9,18,0.25,4,2,R,5346435559113513931,0.0003961000038543716,7,0,7,0,0,7,0.0,0.0,0.0,0.004470600004424341
Mk01-101-9,Mk01,explore,101,9,18,0.25,4,2,S,5346435559113513931,0.0003961000038543716,7,0,7,0,0,7,0.0,0.0,0.0,0.004076800003531389
Mk01-101-9,Mk01,explore,101,9,18,0.25,4,2,A,5346435559113513931,0.0003961000038543716,7,0,7,0,0,7,0.0,0.0,0.0,0.004061100000399165
Mk01-101-9,Mk01,explore,101,9,18,0.25,4,2,C,5346435559113513931,0.0003961000038543716,7,0,7,0,0,7,0.0,0.0,0.0,0.004127400003199
Mk01-101-9,Mk01,explore,101,9,18,0.25,4,2,W,5346435559113513931,0.0003961000038543716,6,1,4,0,1,7,0.0,0.0,0.0,0.004574200000206474
Mk01-101-9,Mk01,explore,101,9,18,0.25,4,2,L,5346435559113513931,0.0003961000038543716,6,1,4,0,1,7,0.0,0.0,0.0,0.0042651000039768405
Mk01-101-9,Mk01,explore,101,9,18,0.25,5,0,R,3661240124625098062,0.0003952000042772852,9,8,1,0,0,8,0.006876457213059241,0.0008595571516324051,0.0008595571516324051,0.006434599999920465
Mk01-101-9,Mk01,explore,101,9,18,0.25,5,0,S,3661240124625098062,0.0003952000042772852,23,8,14,0,1,8,0.007135169481082419,0.0008918961851353024,0.0008918961851353024,0.008741999998164829
Mk01-101-9,Mk01,explore,101,9,18,0.25,5,0,A,3661240124625098062,0.0003952000042772852,46,8,37,0,1,8,0.007135169481082419,0.0008918961851353024,0.0008918961851353024,0.0072512000042479485
Mk01-101-9,Mk01,explore,101,9,18,0.25,5,0,C,3661240124625098062,0.0003952000042772852,24,8,15,0,1,8,0.007135169481082419,0.0008918961851353024,0.0008918961851353024,0.00728539999545319
Mk01-101-9,Mk01,explore,101,9,18,0.25,5,0,W,3661240124625098062,0.0003952000042772852,53,8,45,0,0,8,0.006830050021017263,0.0008537562526271579,0.0008537562526271579,0.0074838000000454485
Mk01-101-9,Mk01,explore,101,9,18,0.25,5,0,L,3661240124625098062,0.0003952000042772852,53,8,44,0,1,8,0.0,0.0,0.0,0.007953899999847636
Mk01-101-9,Mk01,explore,101,9,18,0.25,5,1,R,10719717273300585040,0.0003995000006398186,17,8,8,0,1,8,0.0034554561820325964,0.00043193202275407456,0.00043193202275407456,0.006636300000536721
Mk01-101-9,Mk01,explore,101,9,18,0.25,5,1,S,10719717273300585040,0.0003995000006398186,32,8,24,0,0,8,0.008952173546204518,0.0011190216932755648,0.0011190216932755648,0.007383799995295703
Mk01-101-9,Mk01,explore,101,9,18,0.25,5,1,A,10719717273300585040,0.0003995000006398186,26,8,17,0,1,8,0.006830050021017263,0.0008537562526271579,0.0008537562526271579,0.0068212999976822175
Mk01-101-9,Mk01,explore,101,9,18,0.25,5,1,C,10719717273300585040,0.0003995000006398186,32,8,23,0,1,8,0.008952173546204518,0.0011190216932755648,0.0011190216932755648,0.0074261000045225956
Mk01-101-9,Mk01,explore,101,9,18,0.25,5,1,W,10719717273300585040,0.0003995000006398186,45,8,37,0,0,8,0.008576390583030809,0.0010720488228788511,0.0010720488228788511,0.007276399999682326
Mk01-101-9,Mk01,explore,101,9,18,0.25,5,1,L,10719717273300585040,0.0003995000006398186,33,8,24,0,1,8,0.0034554561820325964,0.00043193202275407456,0.00043193202275407456,0.007556699994893279
Mk01-101-9,Mk01,explore,101,9,18,0.25,5,2,R,9719727307215418541,0.0004006000017398037,13,8,5,0,0,8,0.0025554720960014148,0.00031943401200017684,0.00031943401200017684,0.006573999999091029
Mk01-101-9,Mk01,explore,101,9,18,0.25,5,2,S,9719727307215418541,0.0004006000017398037,26,8,17,0,1,8,0.0,0.0,0.0,0.006857399996079039
Mk01-101-9,Mk01,explore,101,9,18,0.25,5,2,A,9719727307215418541,0.0004006000017398037,34,8,26,0,0,8,0.006232171044571666,0.0007790213805714582,0.0007790213805714582,0.007219200000690762
Mk01-101-9,Mk01,explore,101,9,18,0.25,5,2,C,9719727307215418541,0.0004006000017398037,26,8,17,0,1,8,0.002724445533186527,0.00034055569164831586,0.00034055569164831586,0.006822600000305101
Mk01-101-9,Mk01,explore,101,9,18,0.25,5,2,W,9719727307215418541,0.0004006000017398037,30,8,21,0,1,8,0.008286527520284555,0.0010358159400355694,0.0010358159400355694,0.007412899998598732
Mk01-101-9,Mk01,explore,101,9,18,0.25,5,2,L,9719727307215418541,0.0004006000017398037,38,8,29,0,1,8,0.006232171044571666,0.0007790213805714582,0.0007790213805714582,0.007078600006934721
Mk01-101-9,Mk01,explore,101,9,18,0.25,6,0,R,15408235072302832997,0.00039770000148564577,6,1,0,0,5,7,0.0,0.0,0.0,0.004901599997538142
Mk01-101-9,Mk01,explore,101,9,18,0.25,6,0,S,15408235072302832997,0.00039770000148564577,7,0,7,0,0,7,0.0,0.0,0.0,0.004114099996513687
Mk01-101-9,Mk01,explore,101,9,18,0.25,6,0,A,15408235072302832997,0.00039770000148564577,7,0,7,0,0,7,0.0,0.0,0.0,0.004099099998711608
Mk01-101-9,Mk01,explore,101,9,18,0.25,6,0,C,15408235072302832997,0.00039770000148564577,7,0,7,0,0,7,0.0,0.0,0.0,0.004088400004548021
Mk01-101-9,Mk01,explore,101,9,18,0.25,6,0,W,15408235072302832997,0.00039770000148564577,7,0,7,0,0,7,0.0,0.0,0.0,0.004556699997920077
Mk01-101-9,Mk01,explore,101,9,18,0.25,6,0,L,15408235072302832997,0.00039770000148564577,7,0,7,0,0,7,0.0,0.0,0.0,0.004098199999134522
Mk01-101-9,Mk01,explore,101,9,18,0.25,6,1,R,1852012242959178198,0.000396099996578414,7,0,7,0,0,7,0.0,0.0,0.0,0.0041035999965970404
Mk01-101-9,Mk01,explore,101,9,18,0.25,6,1,S,1852012242959178198,0.000396099996578414,7,0,7,0,0,7,0.0,0.0,0.0,0.004088599998794962
Mk01-101-9,Mk01,explore,101,9,18,0.25,6,1,A,1852012242959178198,0.000396099996578414,7,0,7,0,0,7,0.0,0.0,0.0,0.004510499995376449
Mk01-101-9,Mk01,explore,101,9,18,0.25,6,1,C,1852012242959178198,0.000396099996578414,7,0,7,0,0,7,0.0,0.0,0.0,0.00409139999828767
Mk01-101-9,Mk01,explore,101,9,18,0.25,6,1,W,1852012242959178198,0.000396099996578414,7,0,7,0,0,7,0.0,0.0,0.0,0.004107100001419894
Mk01-101-9,Mk01,explore,101,9,18,0.25,6,1,L,1852012242959178198,0.000396099996578414,7,0,7,0,0,7,0.0,0.0,0.0,0.004201800002192613
Mk01-101-9,Mk01,explore,101,9,18,0.25,6,2,R,5050161746856133976,0.000472699997771997,6,1,0,0,5,7,0.0,0.0,0.0,0.0046407999980147
Mk01-101-9,Mk01,explore,101,9,18,0.25,6,2,S,5050161746856133976,0.000472699997771997,7,0,7,0,0,7,0.0,0.0,0.0,0.004107799999474082
Mk01-101-9,Mk01,explore,101,9,18,0.25,6,2,A,5050161746856133976,0.000472699997771997,7,0,7,0,0,7,0.0,0.0,0.0,0.004089099995326251
Mk01-101-9,Mk01,explore,101,9,18,0.25,6,2,C,5050161746856133976,0.000472699997771997,7,0,7,0,0,7,0.0,0.0,0.0,0.004277500003809109
Mk01-101-9,Mk01,explore,101,9,18,0.25,6,2,W,5050161746856133976,0.000472699997771997,7,0,7,0,0,7,0.0,0.0,0.0,0.0041581999976187944
Mk01-101-9,Mk01,explore,101,9,18,0.25,6,2,L,5050161746856133976,0.000472699997771997,7,0,7,0,0,7,0.0,0.0,0.0,0.004123799997614697
Mk01-101-9,Mk01,explore,101,9,18,0.5,1,0,R,17587710964918222989,0.00040350000199396163,204,8,195,1,0,8,0.0017372877364110542,0.00021716096705138178,0.00021716096705138178,0.011505599999509286
Mk01-101-9,Mk01,explore,101,9,18,0.5,1,0,S,17587710964918222989,0.00040350000199396163,320,5,314,1,0,5,0.0,0.0,0.0,0.011958400005823933
Mk01-101-9,Mk01,explore,101,9,18,0.5,1,0,A,17587710964918222989,0.00040350000199396163,320,3,316,1,0,3,0.0,0.0,0.0,0.010020900001109112
Mk01-101-9,Mk01,explore,101,9,18,0.5,1,0,C,17587710964918222989,0.00040350000199396163,320,1,318,1,0,1,0.0,0.0,0.0,0.00867879999714205
Mk01-101-9,Mk01,explore,101,9,18,0.5,1,0,W,17587710964918222989,0.00040350000199396163,320,4,315,1,0,4,0.0,0.0,0.0,0.010774300004413817
Mk01-101-9,Mk01,explore,101,9,18,0.5,1,0,L,17587710964918222989,0.00040350000199396163,188,8,179,1,0,8,0.0031540698580885315,0.00039425873226106643,0.00039425873226106643,0.011395599998650141
Mk01-101-9,Mk01,explore,101,9,18,0.5,1,1,R,3203095746448423527,0.00040499999886378646,320,6,312,2,0,6,0.0,0.0,0.0,0.012884700001450256
Mk01-101-9,Mk01,explore,101,9,18,0.5,1,1,S,3203095746448423527,0.00040499999886378646,320,2,315,2,1,2,0.0,0.0,0.0,0.009016199997859076
Mk01-101-9,Mk01,explore,101,9,18,0.5,1,1,A,3203095746448423527,0.00040499999886378646,320,5,313,2,0,5,0.003587749794837532,0.0007175499589675064,0.0004484687243546915,0.01228409999748692
Mk01-101-9,Mk01,explore,101,9,18,0.5,1,1,C,3203095746448423527,0.00040499999886378646,320,7,310,2,1,7,0.003587749794837532,0.0005125356849767903,0.0004484687243546915,0.013709899998502806
Mk01-101-9,Mk01,explore,101,9,18,0.5,1,1,W,3203095746448423527,0.00040499999886378646,320,4,314,2,0,4,0.003587749794837532,0.000896937448709383,0.0004484687243546915,0.011372799999662675
Mk01-101-9,Mk01,explore,101,9,18,0.5,1,1,L,3203095746448423527,0.00040499999886378646,199,8,189,2,0,8,3.158704975292359e-05,3.948381219115449e-06,3.948381219115449e-06,0.010810400002810638
Mk01-101-9,Mk01,explore,101,9,18,0.5,1,2,R,15403600001876497675,0.000396099996578414,320,3,317,0,0,3,0.0,0.0,0.0,0.011130999999295454
Mk01-101-9,Mk01,explore,101,9,18,0.5,1,2,S,15403600001876497675,0.000396099996578414,320,3,317,0,0,3,0.0,0.0,0.0,0.011131199993542396
Mk01-101-9,Mk01,explore,101,9,18,0.5,1,2,A,15403600001876497675,0.000396099996578414,320,4,315,0,1,4,0.0,0.0,0.0,0.010612100006255787
Mk01-101-9,Mk01,explore,101,9,18,0.5,1,2,C,15403600001876497675,0.000396099996578414,320,4,316,0,0,4,0.0,0.0,0.0,0.011254400000325404
Mk01-101-9,Mk01,explore,101,9,18,0.5,1,2,W,15403600001876497675,0.000396099996578414,320,2,318,0,0,2,0.0,0.0,0.0,0.009761099994648248
Mk01-101-9,Mk01,explore,101,9,18,0.5,1,2,L,15403600001876497675,0.000396099996578414,141,8,133,0,0,8,3.158704975292359e-05,3.948381219115449e-06,3.948381219115449e-06,0.009713399995234795
Mk01-101-9,Mk01,explore,101,9,18,0.5,2,0,R,16623409320152367598,0.0004121000019949861,320,0,320,0,0,0,0.0,,0.0,0.011769299999286886
Mk01-101-9,Mk01,explore,101,9,18,0.5,2,0,S,16623409320152367598,0.0004121000019949861,320,1,319,0,0,1,0.0,0.0,0.0,0.011974500004725996
Mk01-101-9,Mk01,explore,101,9,18,0.5,2,0,A,16623409320152367598,0.0004121000019949861,320,0,320,0,0,0,0.0,,0.0,0.010238399998343084
Mk01-101-9,Mk01,explore,101,9,18,0.5,2,0,C,16623409320152367598,0.0004121000019949861,320,0,320,0,0,0,0.0,,0.0,0.010739199999079574
Mk01-101-9,Mk01,explore,101,9,18,0.5,2,0,W,16623409320152367598,0.0004121000019949861,320,0,320,0,0,0,0.0,,0.0,0.010579599998891354
Mk01-101-9,Mk01,explore,101,9,18,0.5,2,0,L,16623409320152367598,0.0004121000019949861,320,2,318,0,0,2,0.0,0.0,0.0,0.011831300005724188
Mk01-101-9,Mk01,explore,101,9,18,0.5,2,1,R,3837261684318977310,0.0006404000014299527,320,0,320,0,0,0,0.0,,0.0,0.01068729999678908
Mk01-101-9,Mk01,explore,101,9,18,0.5,2,1,S,3837261684318977310,0.0006404000014299527,320,1,319,0,0,1,0.0,0.0,0.0,0.011492199999338482
Mk01-101-9,Mk01,explore,101,9,18,0.5,2,1,A,3837261684318977310,0.0006404000014299527,320,0,320,0,0,0,0.0,,0.0,0.010145300002477597
Mk01-101-9,Mk01,explore,101,9,18,0.5,2,1,C,3837261684318977310,0.0006404000014299527,320,1,319,0,0,1,0.0,0.0,0.0,0.012259900002391078
Mk01-101-9,Mk01,explore,101,9,18,0.5,2,1,W,3837261684318977310,0.0006404000014299527,320,0,320,0,0,0,0.0,,0.0,0.010763300000689924
Mk01-101-9,Mk01,explore,101,9,18,0.5,2,1,L,3837261684318977310,0.0006404000014299527,320,0,320,0,0,0,0.0,,0.0,0.010156199998164084
Mk01-101-9,Mk01,explore,101,9,18,0.5,2,2,R,13769744804303614624,0.0004155999995418824,320,0,320,0,0,0,0.0,,0.0,0.010665499998140149
Mk01-101-9,Mk01,explore,101,9,18,0.5,2,2,S,13769744804303614624,0.0004155999995418824,320,0,320,0,0,0,0.0,,0.0,0.01070379999873694
Mk01-101-9,Mk01,explore,101,9,18,0.5,2,2,A,13769744804303614624,0.0004155999995418824,320,0,320,0,0,0,0.0,,0.0,0.010127000001375563
Mk01-101-9,Mk01,explore,101,9,18,0.5,2,2,C,13769744804303614624,0.0004155999995418824,320,0,320,0,0,0,0.0,,0.0,0.010921399996732362
Mk01-101-9,Mk01,explore,101,9,18,0.5,2,2,W,13769744804303614624,0.0004155999995418824,320,0,320,0,0,0,0.0,,0.0,0.010526599995500874
Mk01-101-9,Mk01,explore,101,9,18,0.5,2,2,L,13769744804303614624,0.0004155999995418824,320,2,318,0,0,2,0.0,0.0,0.0,0.01177109999844106
Mk01-101-9,Mk01,explore,101,9,18,0.5,3,0,R,3399119619307800307,0.0004954000032739714,11,8,3,0,0,8,0.013328295038291365,0.0016660368797864207,0.0016660368797864207,0.0068974000023445114
Mk01-101-9,Mk01,explore,101,9,18,0.5,3,0,S,3399119619307800307,0.0004954000032739714,19,8,9,0,2,8,0.01755123018880489,0.002193903773600611,0.002193903773600611,0.006965000000491273
Mk01-101-9,Mk01,explore,101,9,18,0.5,3,0,A,3399119619307800307,0.0004954000032739714,21,8,12,0,1,8,0.013328295038291365,0.0016660368797864207,0.0016660368797864207,0.007528900001489092
Mk01-101-9,Mk01,explore,101,9,18,0.5,3,0,C,3399119619307800307,0.0004954000032739714,22,8,13,0,1,8,0.01755123018880489,0.002193903773600611,0.002193903773600611,0.006805999997595791
Mk01-101-9,Mk01,explore,101,9,18,0.5,3,0,W,3399119619307800307,0.0004954000032739714,14,8,6,0,0,8,0.013328295038291365,0.0016660368797864207,0.0016660368797864207,0.007293299997400027
Mk01-101-9,Mk01,explore,101,9,18,0.5,3,0,L,3399119619307800307,0.0004954000032739714,20,8,11,0,1,8,0.01755123018880489,0.002193903773600611,0.002193903773600611,0.006801499999710359
Mk01-101-9,Mk01,explore,101,9,18,0.5,3,1,R,5083845871675773719,0.0004062000007252209,23,8,13,0,2,8,0.0041398575939602805,0.0005174821992450351,0.0005174821992450351,0.007181400003901217
Mk01-101-9,Mk01,explore,101,9,18,0.5,3,1,S,5083845871675773719,0.0004062000007252209,14,8,6,0,0,8,0.014288729515668704,0.001786091189458588,0.001786091189458588,0.006689300003927201
Mk01-101-9,Mk01,explore,101,9,18,0.5,3,1,A,5083845871675773719,0.0004062000007252209,14,8,4,0,2,8,0.014288729515668704,0.001786091189458588,0.001786091189458588,0.007027599996945355
Mk01-101-9,Mk01,explore,101,9,18,0.5,3,1,C,5083845871675773719,0.0004062000007252209,15,8,6,0,1,8,0.014288729515668704,0.001786091189458588,0.001786091189458588,0.006971299997530878
Mk01-101-9,Mk01,explore,101,9,18,0.5,3,1,W,5083845871675773719,0.0004062000007252209,20,8,11,0,1,8,0.00018887604990912646,2.3609506238640807e-05,2.3609506238640807e-05,0.0068138999995426275
Mk01-101-9,Mk01,explore,101,9,18,0.5,3,1,L,5083845871675773719,0.0004062000007252209,22,8,13,0,1,8,0.004033747233371784,0.000504218404171473,0.000504218404171473,0.007250000002386514
Mk01-101-9,Mk01,explore,101,9,18,0.5,3,2,R,10732760801336989189,0.00041459999920334667,14,8,5,0,1,8,0.003522881412158665,0.00044036017651983314,0.00044036017651983314,0.006653800002823118
Mk01-101-9,Mk01,explore,101,9,18,0.5,3,2,S,10732760801336989189,0.00041459999920334667,17,8,9,0,0,8,0.003522881412158665,0.00044036017651983314,0.00044036017651983314,0.007356900001468603
Mk01-101-9,Mk01,explore,101,9,18,0.5,3,2,A,10732760801336989189,0.00041459999920334667,20,8,11,0,1,8,0.021880621722607636,0.0027350777153259545,0.0027350777153259545,0.006781500000215601
Mk01-101-9,Mk01,explore,101,9,18,0.5,3,2,C,10732760801336989189,0.00041459999920334667,17,8,8,0,1,8,0.021880621722607636,0.0027350777153259545,0.0027350777153259545,0.00701880000269739
Mk01-101-9,Mk01,explore,101,9,18,0.5,3,2,W,10732760801336989189,0.00041459999920334667,23,8,14,0,1,8,0.003522881412158665,0.00044036017651983314,0.00044036017651983314,0.006870000004710164
Mk01-101-9,Mk01,explore,101,9,18,0.5,3,2,L,10732760801336989189,0.00041459999920334667,14,8,6,0,0,8,0.021880621722607636,0.0027350777153259545,0.0027350777153259545,0.006619599997065961
Mk01-101-9,Mk01,explore,101,9,18,0.5,4,0,R,13510473293375122893,0.0004959000070812181,4,3,1,0,0,7,0.0002831294850820353,4.044706929743362e-05,3.5391185635254415e-05,0.004882499997620471
Mk01-101-9,Mk01,explore,101,9,18,0.5,4,0,S,13510473293375122893,0.0004959000070812181,6,1,5,0,0,7,0.0002831294850820353,4.044706929743362e-05,3.5391185635254415e-05,0.004250400001183152
Mk01-101-9,Mk01,explore,101,9,18,0.5,4,0,A,13510473293375122893,0.0004959000070812181,5,2,2,0,1,7,0.0024510379996898132,0.0003501482856699733,0.00030637974996122665,0.0045227999944472685
Mk01-101-9,Mk01,explore,101,9,18,0.5,4,0,C,13510473293375122893,0.0004959000070812181,7,0,7,0,0,7,0.0,0.0,0.0,0.004687500004365575
Mk01-101-9,Mk01,explore,101,9,18,0.5,4,0,W,13510473293375122893,0.0004959000070812181,6,2,4,0,0,8,0.0,0.0,0.0,0.00505410000187112
Mk01-101-9,Mk01,explore,101,9,18,0.5,4,0,L,13510473293375122893,0.0004959000070812181,5,2,3,0,0,7,0.0002831294850820353,4.044706929743362e-05,3.5391185635254415e-05,0.004425700004503597
Mk01-101-9,Mk01,explore,101,9,18,0.5,4,1,R,15420465700608398555,0.00039769999420968816,5,2,3,0,0,7,0.0,0.0,0.0,0.00488259999838192
Mk01-101-9,Mk01,explore,101,9,18,0.5,4,1,S,15420465700608398555,0.00039769999420968816,6,1,5,0,0,7,0.0002831294850820353,4.044706929743362e-05,3.5391185635254415e-05,0.004361500003142282
Mk01-101-9,Mk01,explore,101,9,18,0.5,4,1,A,15420465700608398555,0.00039769999420968816,4,3,1,0,0,7,0.0024510379996898132,0.0003501482856699733,0.00030637974996122665,0.004549700002826285
Mk01-101-9,Mk01,explore,101,9,18,0.5,4,1,C,15420465700608398555,0.00039769999420968816,7,0,7,0,0,7,0.0,0.0,0.0,0.003964099996665027
Mk01-101-9,Mk01,explore,101,9,18,0.5,4,1,W,15420465700608398555,0.00039769999420968816,5,2,3,0,0,7,0.0,0.0,0.0,0.005322599994542543
Mk01-101-9,Mk01,explore,101,9,18,0.5,4,1,L,15420465700608398555,0.00039769999420968816,5,3,2,0,0,8,0.0002831294850820353,3.5391185635254415e-05,3.5391185635254415e-05,0.00512929999968037
Mk01-101-9,Mk01,explore,101,9,18,0.5,4,2,R,17191953923228671518,0.0003956000000471249,6,1,5,0,0,7,0.0,0.0,0.0,0.004162400000495836
Mk01-101-9,Mk01,explore,101,9,18,0.5,4,2,S,17191953923228671518,0.0003956000000471249,6,1,5,0,0,7,0.0,0.0,0.0,0.0044434000010369346
Mk01-101-9,Mk01,explore,101,9,18,0.5,4,2,A,17191953923228671518,0.0003956000000471249,6,1,4,0,1,7,0.0,0.0,0.0,0.0044928999996045604
Mk01-101-9,Mk01,explore,101,9,18,0.5,4,2,C,17191953923228671518,0.0003956000000471249,7,0,7,0,0,7,0.0,0.0,0.0,0.003978199994890019
Mk01-101-9,Mk01,explore,101,9,18,0.5,4,2,W,17191953923228671518,0.0003956000000471249,5,3,2,0,0,8,0.0,0.0,0.0,0.0051335999960429035
Mk01-101-9,Mk01,explore,101,9,18,0.5,4,2,L,17191953923228671518,0.0003956000000471249,4,3,0,0,1,7,0.0,0.0,0.0,0.00576050000381656
Mk01-101-9,Mk01,explore,101,9,18,0.5,5,0,R,9702918300340160593,0.00040249999437946826,10,8,2,0,0,8,0.008952173546204518,0.0011190216932755648,0.0011190216932755648,0.006363899999996647
Mk01-101-9,Mk01,explore,101,9,18,0.5,5,0,S,9702918300340160593,0.00040249999437946826,12,8,4,0,0,8,0.008952173546204518,0.0011190216932755648,0.0011190216932755648,0.006942400003026705
Mk01-101-9,Mk01,explore,101,9,18,0.5,5,0,A,9702918300340160593,0.00040249999437946826,20,8,12,0,0,8,0.008952173546204518,0.0011190216932755648,0.0011190216932755648,0.006779900002584327
Mk01-101-9,Mk01,explore,101,9,18,0.5,5,0,C,9702918300340160593,0.00040249999437946826,17,8,8,0,1,8,0.008952173546204518,0.0011190216932755648,0.0011190216932755648,0.006494300003396347
Mk01-101-9,Mk01,explore,101,9,18,0.5,5,0,W,9702918300340160593,0.00040249999437946826,11,8,3,0,0,8,0.008952173546204518,0.0011190216932755648,0.0011190216932755648,0.0073190999974031
Mk01-101-9,Mk01,explore,101,9,18,0.5,5,0,L,9702918300340160593,0.00040249999437946826,11,8,3,0,0,8,0.008952173546204518,0.0011190216932755648,0.0011190216932755648,0.006367399997543544
Mk01-101-9,Mk01,explore,101,9,18,0.5,5,1,R,12436498852961847479,0.0004033999939565547,9,8,1,0,0,8,0.0018305700934825569,0.0002288212616853196,0.0002288212616853196,0.007342500000959262
Mk01-101-9,Mk01,explore,101,9,18,0.5,5,1,S,12436498852961847479,0.0004033999939565547,18,8,10,0,0,8,0.0,0.0,0.0,0.006532899999001529
Mk01-101-9,Mk01,explore,101,9,18,0.5,5,1,A,12436498852961847479,0.0004033999939565547,17,8,9,0,0,8,0.0025470254153670026,0.0003183781769208753,0.0003183781769208753,0.007249800000863615
Mk01-101-9,Mk01,explore,101,9,18,0.5,5,1,C,12436498852961847479,0.0004033999939565547,12,8,4,0,0,8,0.0007238828710410799,9.048535888013499e-05,9.048535888013499e-05,0.006425199993827846
Mk01-101-9,Mk01,explore,101,9,18,0.5,5,1,W,12436498852961847479,0.0004033999939565547,15,8,7,0,0,8,0.0018779185045581393,0.00023473981306976741,0.00023473981306976741,0.0069268000006559305
Mk01-101-9,Mk01,explore,101,9,18,0.5,5,1,L,12436498852961847479,0.0004033999939565547,15,8,7,0,0,8,0.0007238828710410799,9.048535888013499e-05,9.048535888013499e-05,0.00675279999995837
Mk01-101-9,Mk01,explore,101,9,18,0.5,5,2,R,14937487570666233108,0.00039939999987836927,8,8,0,0,0,8,0.0016622407337885184,0.0002077800917235648,0.0002077800917235648,0.00632640000549145
Mk01-101-9,Mk01,explore,101,9,18,0.5,5,2,S,14937487570666233108,0.00039939999987836927,19,8,11,0,0,8,0.0,0.0,0.0,0.007473800003936049
Mk01-101-9,Mk01,explore,101,9,18,0.5,5,2,A,14937487570666233108,0.00039939999987836927,22,8,14,0,0,8,0.008952173546204518,0.0011190216932755648,0.0011190216932755648,0.006590199998754542
Mk01-101-9,Mk01,explore,101,9,18,0.5,5,2,C,14937487570666233108,0.00039939999987836927,24,8,16,0,0,8,0.008952173546204518,0.0011190216932755648,0.0011190216932755648,0.007809700000507291
Mk01-101-9,Mk01,explore,101,9,18,0.5,5,2,W,14937487570666233108,0.00039939999987836927,10,8,2,0,0,8,0.0016622407337885184,0.0002077800917235648,0.0002077800917235648,0.006351700001687277
Mk01-101-9,Mk01,explore,101,9,18,0.5,5,2,L,14937487570666233108,0.00039939999987836927,17,8,9,0,0,8,0.0016622407337885184,0.0002077800917235648,0.0002077800917235648,0.007266900000104215
Mk01-101-9,Mk01,explore,101,9,18,0.5,6,0,R,2865779010207227983,0.00040219999937107787,7,0,7,0,0,7,0.0,0.0,0.0,0.004016899998532608
Mk01-101-9,Mk01,explore,101,9,18,0.5,6,0,S,2865779010207227983,0.00040219999937107787,6,1,0,0,5,7,0.0,0.0,0.0,0.004221700000925921
Mk01-101-9,Mk01,explore,101,9,18,0.5,6,0,A,2865779010207227983,0.00040219999937107787,7,0,7,0,0,7,0.0,0.0,0.0,0.004547799995634705
Mk01-101-9,Mk01,explore,101,9,18,0.5,6,0,C,2865779010207227983,0.00040219999937107787,7,0,7,0,0,7,0.0,0.0,0.0,0.004299499996704981
Mk01-101-9,Mk01,explore,101,9,18,0.5,6,0,W,2865779010207227983,0.00040219999937107787,6,1,0,0,5,7,0.0,0.0,0.0,0.004329900002630893
Mk01-101-9,Mk01,explore,101,9,18,0.5,6,0,L,2865779010207227983,0.00040219999937107787,7,0,7,0,0,7,0.0,0.0,0.0,0.004099600002518855
Mk01-101-9,Mk01,explore,101,9,18,0.5,6,1,R,16287555987853376742,0.0004028999974252656,7,0,7,0,0,7,0.0,0.0,0.0,0.004727100000309292
Mk01-101-9,Mk01,explore,101,9,18,0.5,6,1,S,16287555987853376742,0.0004028999974252656,6,1,0,0,5,7,0.0,0.0,0.0,0.004364299995359033
Mk01-101-9,Mk01,explore,101,9,18,0.5,6,1,A,16287555987853376742,0.0004028999974252656,7,0,7,0,0,7,0.0,0.0,0.0,0.004090000002179295
Mk01-101-9,Mk01,explore,101,9,18,0.5,6,1,C,16287555987853376742,0.0004028999974252656,7,0,7,0,0,7,0.0,0.0,0.0,0.004081099999893922
Mk01-101-9,Mk01,explore,101,9,18,0.5,6,1,W,16287555987853376742,0.0004028999974252656,6,1,0,0,5,7,0.0,0.0,0.0,0.00483890000032261
Mk01-101-9,Mk01,explore,101,9,18,0.5,6,1,L,16287555987853376742,0.0004028999974252656,7,0,7,0,0,7,0.0,0.0,0.0,0.004119500001252163
Mk01-101-9,Mk01,explore,101,9,18,0.5,6,2,R,10441950086447720463,0.0004098999997950159,6,1,0,0,5,7,0.0,0.0,0.0,0.004312400000344496
Mk01-101-9,Mk01,explore,101,9,18,0.5,6,2,S,10441950086447720463,0.0004098999997950159,6,1,0,0,5,7,0.0,0.0,0.0,0.004300800006603822
Mk01-101-9,Mk01,explore,101,9,18,0.5,6,2,A,10441950086447720463,0.0004098999997950159,7,0,7,0,0,7,0.0,0.0,0.0,0.004774699998961296
Mk01-101-9,Mk01,explore,101,9,18,0.5,6,2,C,10441950086447720463,0.0004098999997950159,7,0,7,0,0,7,0.0,0.0,0.0,0.004093099996680394
Mk01-101-9,Mk01,explore,101,9,18,0.5,6,2,W,10441950086447720463,0.0004098999997950159,6,1,0,0,5,7,0.0,0.0,0.0,0.004297699997550808
Mk01-101-9,Mk01,explore,101,9,18,0.5,6,2,L,10441950086447720463,0.0004098999997950159,7,0,7,0,0,7,0.0,0.0,0.0,0.004219799993734341
Mk01-101-19,Mk01,explore,101,19,14,0.25,1,0,R,5121967193955905947,0.00041230000351788476,320,2,317,1,0,2,0.0,0.0,0.0,0.009228900002199225
Mk01-101-19,Mk01,explore,101,19,14,0.25,1,0,S,5121967193955905947,0.00041230000351788476,320,1,318,1,0,1,0.0,0.0,0.0,0.008810200000880286
Mk01-101-19,Mk01,explore,101,19,14,0.25,1,0,A,5121967193955905947,0.00041230000351788476,320,1,318,1,0,1,0.0,0.0,0.0,0.008411299997533206
Mk01-101-19,Mk01,explore,101,19,14,0.25,1,0,C,5121967193955905947,0.00041230000351788476,320,3,316,1,0,3,0.0,0.0,0.0,0.010373600001912564
Mk01-101-19,Mk01,explore,101,19,14,0.25,1,0,W,5121967193955905947,0.00041230000351788476,320,1,318,1,0,1,0.0,0.0,0.0,0.008380300001590513
Mk01-101-19,Mk01,explore,101,19,14,0.25,1,0,L,5121967193955905947,0.00041230000351788476,320,1,318,1,0,1,0.0014868048222031437,0.0014868048222031437,0.00018585060277539296,0.011715699998603668
Mk01-101-19,Mk01,explore,101,19,14,0.25,1,1,R,658597031422550948,0.0004079999998793937,320,1,317,2,0,1,0.0,0.0,0.0,0.009318500000517815
Mk01-101-19,Mk01,explore,101,19,14,0.25,1,1,S,658597031422550948,0.0004079999998793937,320,1,316,2,1,1,0.0,0.0,0.0,0.008355000005394686
Mk01-101-19,Mk01,explore,101,19,14,0.25,1,1,A,658597031422550948,0.0004079999998793937,320,2,316,2,0,2,0.0,0.0,0.0,0.009631300003093202
Mk01-101-19,Mk01,explore,101,19,14,0.25,1,1,C,658597031422550948,0.0004079999998793937,320,2,316,2,0,2,0.0,0.0,0.0,0.009096599998883903
Mk01-101-19,Mk01,explore,101,19,14,0.25,1,1,W,658597031422550948,0.0004079999998793937,320,2,316,2,0,2,0.0047996078953352166,0.0023998039476676083,0.0005999509869169021,0.009567299995978829
Mk01-101-19,Mk01,explore,101,19,14,0.25,1,1,L,658597031422550948,0.0004079999998793937,320,2,316,2,0,2,0.0047996078953352166,0.0023998039476676083,0.0005999509869169021,0.009394599997904152
Mk01-101-19,Mk01,explore,101,19,14,0.25,1,2,R,3868658494684525421,0.000629599999228958,320,1,318,1,0,1,0.0,0.0,0.0,0.008744799997657537
Mk01-101-19,Mk01,explore,101,19,14,0.25,1,2,S,3868658494684525421,0.000629599999228958,320,2,317,1,0,2,0.0,0.0,0.0,0.009637100003601518
Mk01-101-19,Mk01,explore,101,19,14,0.25,1,2,A,3868658494684525421,0.000629599999228958,320,1,318,1,0,1,0.0,0.0,0.0,0.008473599998978898
Mk01-101-19,Mk01,explore,101,19,14,0.25,1,2,C,3868658494684525421,0.000629599999228958,320,2,317,1,0,2,0.0,0.0,0.0,0.009765499999048188
Mk01-101-19,Mk01,explore,101,19,14,0.25,1,2,W,3868658494684525421,0.000629599999228958,320,0,319,1,0,0,0.0,,0.0,0.007638299997779541
Mk01-101-19,Mk01,explore,101,19,14,0.25,1,2,L,3868658494684525421,0.000629599999228958,320,0,319,1,0,0,0.0,,0.0,0.008167599997250363
Mk01-101-19,Mk01,explore,101,19,14,0.25,2,0,R,15079609097614456917,0.0004042000000481494,320,0,320,0,0,0,0.0,,0.0,0.010157500000786968
Mk01-101-19,Mk01,explore,101,19,14,0.25,2,0,S,15079609097614456917,0.0004042000000481494,320,0,320,0,0,0,0.0,,0.0,0.010600000001431908
Mk01-101-19,Mk01,explore,101,19,14,0.25,2,0,A,15079609097614456917,0.0004042000000481494,320,0,320,0,0,0,0.0,,0.0,0.01058710000506835
Mk01-101-19,Mk01,explore,101,19,14,0.25,2,0,C,15079609097614456917,0.0004042000000481494,320,0,320,0,0,0,0.0,,0.0,0.010125199994945433
Mk01-101-19,Mk01,explore,101,19,14,0.25,2,0,W,15079609097614456917,0.0004042000000481494,320,0,320,0,0,0,0.0,,0.0,0.010844399999768939
Mk01-101-19,Mk01,explore,101,19,14,0.25,2,0,L,15079609097614456917,0.0004042000000481494,320,0,320,0,0,0,0.0,,0.0,0.010752400005003437
Mk01-101-19,Mk01,explore,101,19,14,0.25,2,1,R,11661483945879850664,0.0004425000006449409,320,0,320,0,0,0,0.0,,0.0,0.010026600000855979
Mk01-101-19,Mk01,explore,101,19,14,0.25,2,1,S,11661483945879850664,0.0004425000006449409,320,0,320,0,0,0,0.0,,0.0,0.010947199996735435
Mk01-101-19,Mk01,explore,101,19,14,0.25,2,1,A,11661483945879850664,0.0004425000006449409,320,0,320,0,0,0,0.0,,0.0,0.011372900000424124
Mk01-101-19,Mk01,explore,101,19,14,0.25,2,1,C,11661483945879850664,0.0004425000006449409,320,0,320,0,0,0,0.0,,0.0,0.010585300005914178
Mk01-101-19,Mk01,explore,101,19,14,0.25,2,1,W,11661483945879850664,0.0004425000006449409,320,0,320,0,0,0,0.0,,0.0,0.01093169999512611
Mk01-101-19,Mk01,explore,101,19,14,0.25,2,1,L,11661483945879850664,0.0004425000006449409,320,0,320,0,0,0,0.0,,0.0,0.00993239999661455
Mk01-101-19,Mk01,explore,101,19,14,0.25,2,2,R,10184895432801904544,0.00040190000436268747,320,0,320,0,0,0,0.0,,0.0,0.011342999998305459
Mk01-101-19,Mk01,explore,101,19,14,0.25,2,2,S,10184895432801904544,0.00040190000436268747,320,0,320,0,0,0,0.0,,0.0,0.012353300000540912
Mk01-101-19,Mk01,explore,101,19,14,0.25,2,2,A,10184895432801904544,0.00040190000436268747,320,0,320,0,0,0,0.0,,0.0,0.010269300000800285
Mk01-101-19,Mk01,explore,101,19,14,0.25,2,2,C,10184895432801904544,0.00040190000436268747,320,0,320,0,0,0,0.0,,0.0,0.01029479999851901
Mk01-101-19,Mk01,explore,101,19,14,0.25,2,2,W,10184895432801904544,0.00040190000436268747,320,0,320,0,0,0,0.0,,0.0,0.010806099999172147
Mk01-101-19,Mk01,explore,101,19,14,0.25,2,2,L,10184895432801904544,0.00040190000436268747,320,0,320,0,0,0,0.0,,0.0,0.010153499999432825
Mk01-101-19,Mk01,explore,101,19,14,0.25,3,0,R,14234933517835514577,0.0004085000036866404,42,8,32,0,2,8,0.002169539512725374,0.00027119243909067177,0.00027119243909067177,0.008046599999943282
Mk01-101-19,Mk01,explore,101,19,14,0.25,3,0,S,14234933517835514577,0.0004085000036866404,93,8,79,0,6,8,0.00042774596860992685,5.3468246076240856e-05,5.3468246076240856e-05,0.008622100001957733
Mk01-101-19,Mk01,explore,101,19,14,0.25,3,0,A,14234933517835514577,0.0004085000036866404,33,8,23,0,2,8,0.011794689103003157,0.0014743361378753946,0.0014743361378753946,0.007465299997420516
Mk01-101-19,Mk01,explore,101,19,14,0.25,3,0,C,14234933517835514577,0.0004085000036866404,54,8,44,0,2,8,0.00042774596860992685,5.3468246076240856e-05,5.3468246076240856e-05,0.007582800004456658
Mk01-101-19,Mk01,explore,101,19,14,0.25,3,0,W,14234933517835514577,0.0004085000036866404,31,8,20,0,3,8,0.0019605688477415933,0.00024507110596769916,0.00024507110596769916,0.007405100004689302
Mk01-101-19,Mk01,explore,101,19,14,0.25,3,0,L,14234933517835514577,0.0004085000036866404,31,8,20,0,3,8,0.0019316338218522359,0.00024145422773152948,0.00024145422773152948,0.0069521999976132065
Mk01-101-19,Mk01,explore,101,19,14,0.25,3,1,R,13900808005107292655,0.0005008999942219816,36,8,25,0,3,8,0.0013164036162485564,0.00016455045203106955,0.00016455045203106955,0.007678200003283564
Mk01-101-19,Mk01,explore,101,19,14,0.25,3,1,S,13900808005107292655,0.0005008999942219816,65,8,50,0,7,8,0.00042774596860992685,5.3468246076240856e-05,5.3468246076240856e-05,0.008258499998191837
Mk01-101-19,Mk01,explore,101,19,14,0.25,3,1,A,13900808005107292655,0.0005008999942219816,26,8,17,0,1,8,0.011794689103003157,0.0014743361378753946,0.0014743361378753946,0.007182800000009593
Mk01-101-19,Mk01,explore,101,19,14,0.25,3,1,C,13900808005107292655,0.0005008999942219816,73,8,57,0,8,8,0.0017306216501946758,0.00021632770627433447,0.00021632770627433447,0.008049399999435991
Mk01-101-19,Mk01,explore,101,19,14,0.25,3,1,W,13900808005107292655,0.0005008999942219816,34,8,24,0,2,8,0.0019605688477415933,0.00024507110596769916,0.00024507110596769916,0.007662399999389891
Mk01-101-19,Mk01,explore,101,19,14,0.25,3,1,L,13900808005107292655,0.0005008999942219816,82,8,61,0,13,8,0.0013164036162485564,0.00016455045203106955,0.00016455045203106955,0.008380100000067614
Mk01-101-19,Mk01,explore,101,19,14,0.25,3,2,R,18282360807861838655,0.00039260000630747527,49,8,38,0,3,8,0.001622976964952864,0.000202872120619108,0.000202872120619108,0.0079429000033997
Mk01-101-19,Mk01,explore,101,19,14,0.25,3,2,S,18282360807861838655,0.00039260000630747527,89,8,76,0,5,8,0.0006353024111917949,7.941280139897437e-05,7.941280139897437e-05,0.008563999996113125
Mk01-101-19,Mk01,explore,101,19,14,0.25,3,2,A,18282360807861838655,0.00039260000630747527,67,8,55,0,4,8,0.011794689103003157,0.0014743361378753946,0.0014743361378753946,0.008048900002904702
Mk01-101-19,Mk01,explore,101,19,14,0.25,3,2,C,18282360807861838655,0.00039260000630747527,76,8,65,0,3,8,0.001882588650943125,0.00023532358136789063,0.00023532358136789063,0.008517599999322556
Mk01-101-19,Mk01,explore,101,19,14,0.25,3,2,W,18282360807861838655,0.00039260000630747527,45,8,33,0,4,8,0.00019554325279070445,2.4442906598838056e-05,2.4442906598838056e-05,0.007371400002739392
Mk01-101-19,Mk01,explore,101,19,14,0.25,3,2,L,18282360807861838655,0.00039260000630747527,47,8,35,0,4,8,0.0019316338218522359,0.00024145422773152948,0.00024145422773152948,0.007661399999051355
Mk01-101-19,Mk01,explore,101,19,14,0.25,4,0,R,3662534196463848830,0.00039909999759402126,5,2,3,0,0,7,0.0,0.0,0.0,0.0044965999986743554
Mk01-101-19,Mk01,explore,101,19,14,0.25,4,0,S,3662534196463848830,0.00039909999759402126,7,0,7,0,0,7,0.0,0.0,0.0,0.003992699996160809
Mk01-101-19,Mk01,explore,101,19,14,0.25,4,0,A,3662534196463848830,0.00039909999759402126,7,1,6,0,0,8,7.440843741530513e-05,9.301054676913141e-06,9.301054676913141e-06,0.0047408999962499365
Mk01-101-19,Mk01,explore,101,19,14,0.25,4,0,C,3662534196463848830,0.00039909999759402126,7,0,7,0,0,7,0.0,0.0,0.0,0.0052141999985906295
Mk01-101-19,Mk01,explore,101,19,14,0.25,4,0,W,3662534196463848830,0.00039909999759402126,4,3,1,0,0,7,0.0,0.0,0.0,0.004789099999470636
Mk01-101-19,Mk01,explore,101,19,14,0.25,4,0,L,3662534196463848830,0.00039909999759402126,6,1,5,0,0,7,0.0,0.0,0.0,0.005553999995754566
Mk01-101-19,Mk01,explore,101,19,14,0.25,4,1,R,15923869465047895024,0.00043110000115120783,6,1,5,0,0,7,0.0,0.0,0.0,0.005013699999835808
Mk01-101-19,Mk01,explore,101,19,14,0.25,4,1,S,15923869465047895024,0.00043110000115120783,7,0,7,0,0,7,0.0,0.0,0.0,0.004119899997022003
Mk01-101-19,Mk01,explore,101,19,14,0.25,4,1,A,15923869465047895024,0.00043110000115120783,6,1,5,0,0,7,0.0,0.0,0.0,0.0042534000021987595
Mk01-101-19,Mk01,explore,101,19,14,0.25,4,1,C,15923869465047895024,0.00043110000115120783,7,0,7,0,0,7,0.0,0.0,0.0,0.003967600001487881
Mk01-101-19,Mk01,explore,101,19,14,0.25,4,1,W,15923869465047895024,0.00043110000115120783,5,3,2,0,0,8,0.0,0.0,0.0,0.005852499998582061
Mk01-101-19,Mk01,explore,101,19,14,0.25,4,1,L,15923869465047895024,0.00043110000115120783,7,0,7,0,0,7,0.0,0.0,0.0,0.003996899999037851
Mk01-101-19,Mk01,explore,101,19,14,0.25,4,2,R,1837676211222420524,0.0003907999998773448,7,0,7,0,0,7,0.0,0.0,0.0,0.004015099999378435
Mk01-101-19,Mk01,explore,101,19,14,0.25,4,2,S,1837676211222420524,0.0003907999998773448,7,0,7,0,0,7,0.0,0.0,0.0,0.004533400002401322
Mk01-101-19,Mk01,explore,101,19,14,0.25,4,2,A,1837676211222420524,0.0003907999998773448,5,2,3,0,0,7,7.440843741530513e-05,1.0629776773615019e-05,9.301054676913141e-06,0.004481500000110827
Mk01-101-19,Mk01,explore,101,19,14,0.25,4,2,C,1837676211222420524,0.0003907999998773448,7,0,7,0,0,7,0.0,0.0,0.0,0.003981800000474323
Mk01-101-19,Mk01,explore,101,19,14,0.25,4,2,W,1837676211222420524,0.0003907999998773448,4,3,1,0,0,7,7.440843741530513e-05,1.0629776773615019e-05,9.301054676913141e-06,0.004568500000459608
Mk01-101-19,Mk01,explore,101,19,14,0.25,4,2,L,1837676211222420524,0.0003907999998773448,5,2,3,0,0,7,7.440843741530513e-05,1.0629776773615019e-05,9.301054676913141e-06,0.004962799997883849
Mk01-101-19,Mk01,explore,101,19,14,0.25,5,0,R,3448827039419720902,0.0003924999982700683,25,8,16,0,1,8,0.0007282522683603136,9.10315335450392e-05,9.10315335450392e-05,0.006700500001898035
Mk01-101-19,Mk01,explore,101,19,14,0.25,5,0,S,3448827039419720902,0.0003924999982700683,30,8,21,0,1,8,0.0007282522683603136,9.10315335450392e-05,9.10315335450392e-05,0.007326000006287359
Mk01-101-19,Mk01,explore,101,19,14,0.25,5,0,A,3448827039419720902,0.0003924999982700683,49,8,40,0,1,8,0.0,0.0,0.0,0.008109200003673322
Mk01-101-19,Mk01,explore,101,19,14,0.25,5,0,C,3448827039419720902,0.0003924999982700683,46,8,37,0,1,8,0.0007282522683603136,9.10315335450392e-05,9.10315335450392e-05,0.00793810000322992
Mk01-101-19,Mk01,explore,101,19,14,0.25,5,0,W,3448827039419720902,0.0003924999982700683,41,8,31,0,2,8,0.002710408718586417,0.00033880108982330213,0.00033880108982330213,0.007070400002703536
Mk01-101-19,Mk01,explore,101,19,14,0.25,5,0,L,3448827039419720902,0.0003924999982700683,44,8,33,0,3,8,0.0,0.0,0.0,0.007597099996928591
Mk01-101-19,Mk01,explore,101,19,14,0.25,5,1,R,16219259681324915767,0.00044779999734601006,26,8,17,0,1,8,0.0,0.0,0.0,0.006749399995896965
Mk01-101-19,Mk01,explore,101,19,14,0.25,5,1,S,16219259681324915767,0.00044779999734601006,36,8,28,0,0,8,0.0007282522683603136,9.10315335450392e-05,9.10315335450392e-05,0.0069671000019297935
Mk01-101-19,Mk01,explore,101,19,14,0.25,5,1,A,16219259681324915767,0.00044779999734601006,20,8,10,0,2,8,0.0,0.0,0.0,0.006849999997939449
Mk01-101-19,Mk01,explore,101,19,14,0.25,5,1,C,16219259681324915767,0.00044779999734601006,35,8,27,0,0,8,0.0007282522683603136,9.10315335450392e-05,9.10315335450392e-05,0.00731390000146348
Mk01-101-19,Mk01,explore,101,19,14,0.25,5,1,W,16219259681324915767,0.00044779999734601006,43,8,32,0,3,8,0.0026811958914973472,0.0003351494864371684,0.0003351494864371684,0.0074725999947986566
Mk01-101-19,Mk01,explore,101,19,14,0.25,5,1,L,16219259681324915767,0.00044779999734601006,24,8,15,0,1,8,0.0,0.0,0.0,0.006971800001338124
Mk01-101-19,Mk01,explore,101,19,14,0.25,5,2,R,12991460512405543119,0.0003941000031773001,8,8,0,0,0,8,0.0007282522683603136,9.10315335450392e-05,9.10315335450392e-05,0.006706699998176191
Mk01-101-19,Mk01,explore,101,19,14,0.25,5,2,S,12991460512405543119,0.0003941000031773001,24,8,16,0,0,8,0.0007282522683603136,9.10315335450392e-05,9.10315335450392e-05,0.006787199999962468
Mk01-101-19,Mk01,explore,101,19,14,0.25,5,2,A,12991460512405543119,0.0003941000031773001,33,8,24,0,1,8,0.0,0.0,0.0,0.007170800003223121
Mk01-101-19,Mk01,explore,101,19,14,0.25,5,2,C,12991460512405543119,0.0003941000031773001,30,8,22,0,0,8,0.0007282522683603136,9.10315335450392e-05,9.10315335450392e-05,0.00681540000368841
Mk01-101-19,Mk01,explore,101,19,14,0.25,5,2,W,12991460512405543119,0.0003941000031773001,45,8,36,0,1,8,0.002710408718586417,0.00033880108982330213,0.00033880108982330213,0.0076355999990482815
Mk01-101-19,Mk01,explore,101,19,14,0.25,5,2,L,12991460512405543119,0.0003941000031773001,52,8,43,0,1,8,0.0,0.0,0.0,0.0071687000017846
Mk01-101-19,Mk01,explore,101,19,14,0.25,6,0,R,2679767068026401388,0.00038520000089192763,6,1,0,0,5,7,0.0,0.0,0.0,0.004128700005821884
Mk01-101-19,Mk01,explore,101,19,14,0.25,6,0,S,2679767068026401388,0.00038520000089192763,7,0,7,0,0,7,0.0,0.0,0.0,0.004621799998858478
Mk01-101-19,Mk01,explore,101,19,14,0.25,6,0,A,2679767068026401388,0.00038520000089192763,7,0,7,0,0,7,0.0,0.0,0.0,0.003919500006304588
Mk01-101-19,Mk01,explore,101,19,14,0.25,6,0,C,2679767068026401388,0.00038520000089192763,7,0,7,0,0,7,0.0,0.0,0.0,0.003897599999618251
Mk01-101-19,Mk01,explore,101,19,14,0.25,6,0,W,2679767068026401388,0.00038520000089192763,7,0,7,0,0,7,0.0,0.0,0.0,0.003916499998013023
Mk01-101-19,Mk01,explore,101,19,14,0.25,6,0,L,2679767068026401388,0.00038520000089192763,7,0,7,0,0,7,0.0,0.0,0.0,0.004426999999850523
Mk01-101-19,Mk01,explore,101,19,14,0.25,6,1,R,4133361926922205596,0.0003876999981002882,7,0,7,0,0,7,0.0,0.0,0.0,0.0039776000048732385
Mk01-101-19,Mk01,explore,101,19,14,0.25,6,1,S,4133361926922205596,0.0003876999981002882,7,0,7,0,0,7,0.0,0.0,0.0,0.003906600002665073
Mk01-101-19,Mk01,explore,101,19,14,0.25,6,1,A,4133361926922205596,0.0003876999981002882,7,0,7,0,0,7,0.0,0.0,0.0,0.0039223999992827885
Mk01-101-19,Mk01,explore,101,19,14,0.25,6,1,C,4133361926922205596,0.0003876999981002882,7,0,7,0,0,7,0.0,0.0,0.0,0.004845399998885114
Mk01-101-19,Mk01,explore,101,19,14,0.25,6,1,W,4133361926922205596,0.0003876999981002882,7,0,7,0,0,7,0.0,0.0,0.0,0.004342200001701713
Mk01-101-19,Mk01,explore,101,19,14,0.25,6,1,L,4133361926922205596,0.0003876999981002882,7,0,7,0,0,7,0.0,0.0,0.0,0.003896100002748426
Mk01-101-19,Mk01,explore,101,19,14,0.25,6,2,R,1678998803729161820,0.0003853999951388687,7,0,7,0,0,7,0.0,0.0,0.0,0.0039220999969984405
Mk01-101-19,Mk01,explore,101,19,14,0.25,6,2,S,1678998803729161820,0.0003853999951388687,7,0,7,0,0,7,0.0,0.0,0.0,0.004384400002891198
Mk01-101-19,Mk01,explore,101,19,14,0.25,6,2,A,1678998803729161820,0.0003853999951388687,7,0,7,0,0,7,0.0,0.0,0.0,0.003925299999536946
Mk01-101-19,Mk01,explore,101,19,14,0.25,6,2,C,1678998803729161820,0.0003853999951388687,7,0,7,0,0,7,0.0,0.0,0.0,0.0039076999964891
Mk01-101-19,Mk01,explore,101,19,14,0.25,6,2,W,1678998803729161820,0.0003853999951388687,7,0,7,0,0,7,0.0,0.0,0.0,0.0039054000008036382
Mk01-101-19,Mk01,explore,101,19,14,0.25,6,2,L,1678998803729161820,0.0003853999951388687,7,0,7,0,0,7,0.0,0.0,0.0,0.0045849000016460195
Mk01-101-19,Mk01,explore,101,19,14,0.5,1,0,R,5480459196745957384,0.0003991999983554706,320,1,317,2,0,1,0.0,0.0,0.0,0.008208599996578414
Mk01-101-19,Mk01,explore,101,19,14,0.5,1,0,S,5480459196745957384,0.0003991999983554706,320,5,313,2,0,5,0.00547442876418853,0.001094885752837706,0.0006843035955235663,0.011854500000481494
Mk01-101-19,Mk01,explore,101,19,14,0.5,1,0,A,5480459196745957384,0.0003991999983554706,320,5,313,2,0,5,0.0012804825385425538,0.00025609650770851074,0.00016006031731781922,0.011890399997355416
Mk01-101-19,Mk01,explore,101,19,14,0.5,1,0,C,5480459196745957384,0.0003991999983554706,320,6,312,2,0,6,0.00547442876418853,0.0009124047940314217,0.0006843035955235663,0.011955900001339614
Mk01-101-19,Mk01,explore,101,19,14,0.5,1,0,W,5480459196745957384,0.0003991999983554706,320,3,314,2,1,3,0.0012804825385425538,0.00042682751284751794,0.00016006031731781922,0.010277599998516962
Mk01-101-19,Mk01,explore,101,19,14,0.5,1,0,L,5480459196745957384,0.0003991999983554706,320,6,311,2,1,6,0.00547442876418853,0.0009124047940314217,0.0006843035955235663,0.012739699996018317
Mk01-101-19,Mk01,explore,101,19,14,0.5,1,1,R,11411887379308736432,0.00039180000021588057,320,5,310,2,3,5,0.0,0.0,0.0,0.01221580000128597
Mk01-101-19,Mk01,explore,101,19,14,0.5,1,1,S,11411887379308736432,0.00039180000021588057,320,4,314,2,0,4,0.0,0.0,0.0,0.010646299997461028
Mk01-101-19,Mk01,explore,101,19,14,0.5,1,1,A,11411887379308736432,0.00039180000021588057,320,3,315,2,0,3,0.0,0.0,0.0,0.010412099996756297
Mk01-101-19,Mk01,explore,101,19,14,0.5,1,1,C,11411887379308736432,0.00039180000021588057,320,5,313,2,0,5,0.0,0.0,0.0,0.012323500006459653
Mk01-101-19,Mk01,explore,101,19,14,0.5,1,1,W,11411887379308736432,0.00039180000021588057,320,3,315,2,0,3,0.0,0.0,0.0,0.010206600003584754
Mk01-101-19,Mk01,explore,101,19,14,0.5,1,1,L,11411887379308736432,0.00039180000021588057,318,8,308,2,0,8,0.0014868048222031437,0.00018585060277539296,0.00018585060277539296,0.01507300000230316
Mk01-101-19,Mk01,explore,101,19,14,0.5,1,2,R,3644083894310620385,0.00039289999403990805,320,3,314,3,0,3,0.0,0.0,0.0,0.010314799998013768
Mk01-101-19,Mk01,explore,101,19,14,0.5,1,2,S,3644083894310620385,0.00039289999403990805,320,5,312,3,0,5,0.0012804825385425538,0.00025609650770851074,0.00016006031731781922,0.01162099999783095
Mk01-101-19,Mk01,explore,101,19,14,0.5,1,2,A,3644083894310620385,0.00039289999403990805,320,5,312,3,0,5,0.00547442876418853,0.001094885752837706,0.0006843035955235663,0.011414199994760565
Mk01-101-19,Mk01,explore,101,19,14,0.5,1,2,C,3644083894310620385,0.00039289999403990805,320,5,312,3,0,5,0.0012804825385425538,0.00025609650770851074,0.00016006031731781922,0.012285400000109803
Mk01-101-19,Mk01,explore,101,19,14,0.5,1,2,W,3644083894310620385,0.00039289999403990805,240,8,229,3,0,8,0.00547442876418853,0.0006843035955235663,0.0006843035955235663,0.012504999998782296
Mk01-101-19,Mk01,explore,101,19,14,0.5,1,2,L,3644083894310620385,0.00039289999403990805,213,8,203,2,0,8,0.00547442876418853,0.0006843035955235663,0.0006843035955235663,0.01119250000192551
Mk01-101-19,Mk01,explore,101,19,14,0.5,2,0,R,9104240202645747740,0.0006121999977040105,320,0,320,0,0,0,0.0,,0.0,0.010136699995200615
Mk01-101-19,Mk01,explore,101,19,14,0.5,2,0,S,9104240202645747740,0.0006121999977040105,320,1,319,0,0,1,0.0,0.0,0.0,0.0118235000045388
Mk01-101-19,Mk01,explore,101,19,14,0.5,2,0,A,9104240202645747740,0.0006121999977040105,320,0,320,0,0,0,0.0,,0.0,0.010511299995414447
Mk01-101-19,Mk01,explore,101,19,14,0.5,2,0,C,9104240202645747740,0.0006121999977040105,320,1,319,0,0,1,0.0,0.0,0.0,0.011208699994313065
Mk01-101-19,Mk01,explore,101,19,14,0.5,2,0,W,9104240202645747740,0.0006121999977040105,320,0,320,0,0,0,0.0,,0.0,0.010653700002876576
Mk01-101-19,Mk01,explore,101,19,14,0.5,2,0,L,9104240202645747740,0.0006121999977040105,320,3,317,0,0,3,0.0,0.0,0.0,0.013105199999699835
Mk01-101-19,Mk01,explore,101,19,14,0.5,2,1,R,8360681044950512474,0.0004026000024168752,320,1,319,0,0,1,0.000619422768691525,0.000619422768691525,7.742784608644063e-05,0.010912599995208438
Mk01-101-19,Mk01,explore,101,19,14,0.5,2,1,S,8360681044950512474,0.0004026000024168752,320,1,318,0,1,1,0.003135069519546998,0.003135069519546998,0.00039188368994337477,0.011369899999408517
Mk01-101-19,Mk01,explore,101,19,14,0.5,2,1,A,8360681044950512474,0.0004026000024168752,320,1,318,0,1,1,0.003135069519546998,0.003135069519546998,0.00039188368994337477,0.011590199996135198
Mk01-101-19,Mk01,explore,101,19,14,0.5,2,1,C,8360681044950512474,0.0004026000024168752,320,2,317,0,1,2,0.003135069519546998,0.001567534759773499,0.00039188368994337477,0.011658900002657901
Mk01-101-19,Mk01,explore,101,19,14,0.5,2,1,W,8360681044950512474,0.0004026000024168752,320,1,318,0,1,1,0.003135069519546998,0.003135069519546998,0.00039188368994337477,0.011669999999867287
Mk01-101-19,Mk01,explore,101,19,14,0.5,2,1,L,8360681044950512474,0.0004026000024168752,320,0,320,0,0,0,0.0,,0.0,0.010446699998283293
Mk01-101-19,Mk01,explore,101,19,14,0.5,2,2,R,18233500359771883839,0.00041060000512516126,320,0,320,0,0,0,0.0,,0.0,0.010139199999684934
Mk01-101-19,Mk01,explore,101,19,14,0.5,2,2,S,18233500359771883839,0.00041060000512516126,320,1,319,0,0,1,0.0,0.0,0.0,0.011483399997814558
Mk01-101-19,Mk01,explore,101,19,14,0.5,2,2,A,18233500359771883839,0.00041060000512516126,320,0,320,0,0,0,0.0,,0.0,0.01077140000415966
Mk01-101-19,Mk01,explore,101,19,14,0.5,2,2,C,18233500359771883839,0.00041060000512516126,320,0,320,0,0,0,0.0,,0.0,0.010119200000190176
Mk01-101-19,Mk01,explore,101,19,14,0.5,2,2,W,18233500359771883839,0.00041060000512516126,320,0,320,0,0,0,0.0,,0.0,0.01055649999761954
Mk01-101-19,Mk01,explore,101,19,14,0.5,2,2,L,18233500359771883839,0.00041060000512516126,320,1,319,0,0,1,0.0,0.0,0.0,0.011732500002835877
Mk01-101-19,Mk01,explore,101,19,14,0.5,3,0,R,16334636819326868397,0.00040359999547945336,23,8,13,0,2,8,0.0003846495562688998,4.8081194533612474e-05,4.8081194533612474e-05,0.006575200000952464
Mk01-101-19,Mk01,explore,101,19,14,0.5,3,0,S,16334636819326868397,0.00040359999547945336,16,8,7,0,1,8,0.004423728612143126,0.0005529660765178908,0.0005529660765178908,0.007310999993933365
Mk01-101-19,Mk01,explore,101,19,14,0.5,3,0,A,16334636819326868397,0.00040359999547945336,19,8,9,0,2,8,0.011794689103003157,0.0014743361378753946,0.0014743361378753946,0.006721400000969879
Mk01-101-19,Mk01,explore,101,19,14,0.5,3,0,C,16334636819326868397,0.00040359999547945336,15,8,6,0,1,8,0.011794689103003157,0.0014743361378753946,0.0014743361378753946,0.00635830000101123
Mk01-101-19,Mk01,explore,101,19,14,0.5,3,0,W,16334636819326868397,0.00040359999547945336,28,8,19,0,1,8,0.011794689103003157,0.0014743361378753946,0.0014743361378753946,0.008048899995628744
Mk01-101-19,Mk01,explore,101,19,14,0.5,3,0,L,16334636819326868397,0.00040359999547945336,16,8,6,0,2,8,0.011794689103003157,0.0014743361378753946,0.0014743361378753946,0.0063776999959372915
Mk01-101-19,Mk01,explore,101,19,14,0.5,3,1,R,6388827655517984108,0.0003934999986086041,17,8,9,0,0,8,0.0019531433945444484,0.00024414292431805605,0.00024414292431805605,0.00745880000613397
Mk01-101-19,Mk01,explore,101,19,14,0.5,3,1,S,6388827655517984108,0.0003934999986086041,16,8,7,0,1,8,0.001622976964952864,0.000202872120619108,0.000202872120619108,0.006449500004237052
Mk01-101-19,Mk01,explore,101,19,14,0.5,3,1,A,6388827655517984108,0.0003934999986086041,13,8,4,0,1,8,0.011794689103003157,0.0014743361378753946,0.0014743361378753946,0.007261100006871857
Mk01-101-19,Mk01,explore,101,19,14,0.5,3,1,C,6388827655517984108,0.0003934999986086041,11,8,2,0,1,8,0.011794689103003157,0.0014743361378753946,0.0014743361378753946,0.006306499999482185
Mk01-101-19,Mk01,explore,101,19,14,0.5,3,1,W,6388827655517984108,0.0003934999986086041,18,8,9,0,1,8,0.011794689103003157,0.0014743361378753946,0.0014743361378753946,0.00718839999899501
Mk01-101-19,Mk01,explore,101,19,14,0.5,3,1,L,6388827655517984108,0.0003934999986086041,38,8,24,0,6,8,0.011794689103003157,0.0014743361378753946,0.0014743361378753946,0.007118700006685685
Mk01-101-19,Mk01,explore,101,19,14,0.5,3,2,R,13133389135728102928,0.0003938999943784438,18,8,8,0,2,8,0.0025082267103120164,0.00031352833878900204,0.00031352833878900204,0.00659050000103889
Mk01-101-19,Mk01,explore,101,19,14,0.5,3,2,S,13133389135728102928,0.0003938999943784438,18,8,8,0,2,8,0.0025082267103120164,0.00031352833878900204,0.00031352833878900204,0.007060800002363976
Mk01-101-19,Mk01,explore,101,19,14,0.5,3,2,A,13133389135728102928,0.0003938999943784438,18,8,9,0,1,8,0.001882588650943125,0.00023532358136789063,0.00023532358136789063,0.006573400001798291
Mk01-101-19,Mk01,explore,101,19,14,0.5,3,2,C,13133389135728102928,0.0003938999943784438,19,8,10,0,1,8,0.0025082267103120164,0.00031352833878900204,0.00031352833878900204,0.007113700004993007
Mk01-101-19,Mk01,explore,101,19,14,0.5,3,2,W,13133389135728102928,0.0003938999943784438,16,8,7,0,1,8,0.0018050300876099792,0.0002256287609512474,0.0002256287609512474,0.0065260999981546775
Mk01-101-19,Mk01,explore,101,19,14,0.5,3,2,L,13133389135728102928,0.0003938999943784438,10,8,1,0,1,8,0.0025082267103120164,0.00031352833878900204,0.00031352833878900204,0.006837799999630079
Mk01-101-19,Mk01,explore,101,19,14,0.5,4,0,R,11078998826811785613,0.0004096000047866255,7,0,7,0,0,7,0.0,0.0,0.0,0.003993899998022243
Mk01-101-19,Mk01,explore,101,19,14,0.5,4,0,S,11078998826811785613,0.0004096000047866255,6,1,5,0,0,7,0.0,0.0,0.0,0.004181899996183347
Mk01-101-19,Mk01,explore,101,19,14,0.5,4,0,A,11078998826811785613,0.0004096000047866255,6,2,4,0,0,8,7.440843741530513e-05,9.301054676913141e-06,9.301054676913141e-06,0.005569000000832602
Mk01-101-19,Mk01,explore,101,19,14,0.5,4,0,C,11078998826811785613,0.0004096000047866255,6,1,5,0,0,7,0.0,0.0,0.0,0.004298199994082097
Mk01-101-19,Mk01,explore,101,19,14,0.5,4,0,W,11078998826811785613,0.0004096000047866255,5,3,1,0,1,8,0.0,0.0,0.0,0.005132700003741775
Mk01-101-19,Mk01,explore,101,19,14,0.5,4,0,L,11078998826811785613,0.0004096000047866255,5,3,1,0,1,8,0.0,0.0,0.0,0.005135699997481424
Mk01-101-19,Mk01,explore,101,19,14,0.5,4,1,R,7846223302746957257,0.0005500000042957254,5,3,2,0,0,8,0.0,0.0,0.0,0.005412099999375641
Mk01-101-19,Mk01,explore,101,19,14,0.5,4,1,S,7846223302746957257,0.0005500000042957254,7,0,7,0,0,7,0.0,0.0,0.0,0.004036500002257526
Mk01-101-19,Mk01,explore,101,19,14,0.5,4,1,A,7846223302746957257,0.0005500000042957254,4,3,1,0,0,7,7.440843741530513e-05,1.0629776773615019e-05,9.301054676913141e-06,0.004580200002237689
Mk01-101-19,Mk01,explore,101,19,14,0.5,4,1,C,7846223302746957257,0.0005500000042957254,5,2,3,0,0,7,0.0,0.0,0.0,0.004980799996701535
Mk01-101-19,Mk01,explore,101,19,14,0.5,4,1,W,7846223302746957257,0.0005500000042957254,4,3,1,0,0,7,7.440843741530513e-05,1.0629776773615019e-05,9.301054676913141e-06,0.004582199995638803
Mk01-101-19,Mk01,explore,101,19,14,0.5,4,1,L,7846223302746957257,0.0005500000042957254,5,2,3,0,0,7,7.440843741530513e-05,1.0629776773615019e-05,9.301054676913141e-06,0.004389300003822427
Mk01-101-19,Mk01,explore,101,19,14,0.5,4,2,R,735621090057720725,0.00039180000021588057,5,2,2,0,1,7,0.0,0.0,0.0,0.0045879999961471185
Mk01-101-19,Mk01,explore,101,19,14,0.5,4,2,S,735621090057720725,0.00039180000021588057,7,1,6,0,0,8,0.0,0.0,0.0,0.004861100002017338
Mk01-101-19,Mk01,explore,101,19,14,0.5,4,2,A,735621090057720725,0.00039180000021588057,5,2,3,0,0,7,0.0,0.0,0.0,0.004320799998822622
Mk01-101-19,Mk01,explore,101,19,14,0.5,4,2,C,735621090057720725,0.00039180000021588057,5,2,3,0,0,7,0.0,0.0,0.0,0.004621000000042841
Mk01-101-19,Mk01,explore,101,19,14,0.5,4,2,W,735621090057720725,0.00039180000021588057,6,2,4,0,0,8,7.440843741530513e-05,9.301054676913141e-06,9.301054676913141e-06,0.005247699999017641
Mk01-101-19,Mk01,explore,101,19,14,0.5,4,2,L,735621090057720725,0.00039180000021588057,6,1,5,0,0,7,7.440843741530513e-05,1.0629776773615019e-05,9.301054676913141e-06,0.004063200001837686
Mk01-101-19,Mk01,explore,101,19,14,0.5,5,0,R,14722218464210605321,0.00039199999446282163,9,8,0,0,1,8,0.0,0.0,0.0,0.006517800000438001
Mk01-101-19,Mk01,explore,101,19,14,0.5,5,0,S,14722218464210605321,0.00039199999446282163,19,8,9,0,2,8,0.0013599340553243112,0.0001699917569155389,0.0001699917569155389,0.007038600000669248
Mk01-101-19,Mk01,explore,101,19,14,0.5,5,0,A,14722218464210605321,0.00039199999446282163,18,8,9,0,1,8,0.0,0.0,0.0,0.006637200000113808
Mk01-101-19,Mk01,explore,101,19,14,0.5,5,0,C,14722218464210605321,0.00039199999446282163,18,8,8,0,2,8,0.0013599340553243112,0.0001699917569155389,0.0001699917569155389,0.006881300003442448
Mk01-101-19,Mk01,explore,101,19,14,0.5,5,0,W,14722218464210605321,0.00039199999446282163,18,8,9,0,1,8,0.0,0.0,0.0,0.006470300002547447
Mk01-101-19,Mk01,explore,101,19,14,0.5,5,0,L,14722218464210605321,0.00039199999446282163,21,8,11,0,2,8,0.0,0.0,0.0,0.00664870000036899
Mk01-101-19,Mk01,explore,101,19,14,0.5,5,1,R,4308519170011499248,0.0005288999964250252,9,8,0,0,1,8,0.002710408718586417,0.00033880108982330213,0.00033880108982330213,0.006352999997034203
Mk01-101-19,Mk01,explore,101,19,14,0.5,5,1,S,4308519170011499248,0.0005288999964250252,19,8,8,0,3,8,0.0034908513935954944,0.0004363564241994368,0.0004363564241994368,0.0064208999974653125
Mk01-101-19,Mk01,explore,101,19,14,0.5,5,1,A,4308519170011499248,0.0005288999964250252,19,8,10,0,1,8,0.0,0.0,0.0,0.007054900001094211
Mk01-101-19,Mk01,explore,101,19,14,0.5,5,1,C,4308519170011499248,0.0005288999964250252,18,8,8,0,2,8,0.0013599340553243112,0.0001699917569155389,0.0001699917569155389,0.0064101000025402755
Mk01-101-19,Mk01,explore,101,19,14,0.5,5,1,W,4308519170011499248,0.0005288999964250252,14,8,5,0,1,8,0.002710408718586417,0.00033880108982330213,0.00033880108982330213,0.006817199995566625
Mk01-101-19,Mk01,explore,101,19,14,0.5,5,1,L,4308519170011499248,0.0005288999964250252,13,8,4,0,1,8,0.002710408718586417,0.00033880108982330213,0.00033880108982330213,0.006291199999395758
Mk01-101-19,Mk01,explore,101,19,14,0.5,5,2,R,5430780038320393054,0.0003985999937867746,10,8,2,0,0,8,0.0,0.0,0.0,0.007314599999517668
Mk01-101-19,Mk01,explore,101,19,14,0.5,5,2,S,5430780038320393054,0.0003985999937867746,11,8,3,0,0,8,0.0,0.0,0.0,0.007975799999258015
Mk01-101-19,Mk01,explore,101,19,14,0.5,5,2,A,5430780038320393054,0.0003985999937867746,28,8,18,0,2,8,0.0015032596909837891,0.00018790746137297364,0.00018790746137297364,0.007245499997225124
Mk01-101-19,Mk01,explore,101,19,14,0.5,5,2,C,5430780038320393054,0.0003985999937867746,23,8,13,0,2,8,0.0,0.0,0.0,0.007508499998948537
Mk01-101-19,Mk01,explore,101,19,14,0.5,5,2,W,5430780038320393054,0.0003985999937867746,22,8,14,0,0,8,0.0015032596909837891,0.00018790746137297364,0.00018790746137297364,0.006600799999432638
Mk01-101-19,Mk01,explore,101,19,14,0.5,5,2,L,5430780038320393054,0.0003985999937867746,25,8,16,0,1,8,0.0015032596909837891,0.00018790746137297364,0.00018790746137297364,0.007770600001094863
Mk01-101-19,Mk01,explore,101,19,14,0.5,6,0,R,7984597993729543209,0.0003969000026700087,7,0,7,0,0,7,0.0,0.0,0.0,0.003925299999536946
Mk01-101-19,Mk01,explore,101,19,14,0.5,6,0,S,7984597993729543209,0.0003969000026700087,6,1,0,0,5,7,0.0,0.0,0.0,0.004442100005690008
Mk01-101-19,Mk01,explore,101,19,14,0.5,6,0,A,7984597993729543209,0.0003969000026700087,6,1,0,0,5,7,0.0,0.0,0.0,0.004296099999919534
Mk01-101-19,Mk01,explore,101,19,14,0.5,6,0,C,7984597993729543209,0.0003969000026700087,6,1,0,0,5,7,0.0,0.0,0.0,0.004102200000488665
Mk01-101-19,Mk01,explore,101,19,14,0.5,6,0,W,7984597993729543209,0.0003969000026700087,6,1,0,0,5,7,0.0,0.0,0.0,0.00410810000175843
Mk01-101-19,Mk01,explore,101,19,14,0.5,6,0,L,7984597993729543209,0.0003969000026700087,6,1,0,0,5,7,0.0,0.0,0.0,0.005005699997127522
Mk01-101-19,Mk01,explore,101,19,14,0.5,6,1,R,5041810299732502813,0.0003966000003856607,7,0,7,0,0,7,0.0,0.0,0.0,0.003990500001236796
Mk01-101-19,Mk01,explore,101,19,14,0.5,6,1,S,5041810299732502813,0.0003966000003856607,6,1,0,0,5,7,0.0,0.0,0.0,0.004103100000065751
Mk01-101-19,Mk01,explore,101,19,14,0.5,6,1,A,5041810299732502813,0.0003966000003856607,6,1,0,0,5,7,0.0,0.0,0.0,0.00417369999922812
Mk01-101-19,Mk01,explore,101,19,14,0.5,6,1,C,5041810299732502813,0.0003966000003856607,6,1,0,0,5,7,0.0,0.0,0.0,0.004646800000045914
Mk01-101-19,Mk01,explore,101,19,14,0.5,6,1,W,5041810299732502813,0.0003966000003856607,6,1,0,0,5,7,0.0,0.0,0.0,0.004220100003294647
Mk01-101-19,Mk01,explore,101,19,14,0.5,6,1,L,5041810299732502813,0.0003966000003856607,6,1,0,0,5,7,0.0,0.0,0.0,0.004225700002280064
Mk01-101-19,Mk01,explore,101,19,14,0.5,6,2,R,10293377148392066013,0.00039790000300854445,6,1,0,0,5,7,0.0,0.0,0.0,0.004605699999956414
Mk01-101-19,Mk01,explore,101,19,14,0.5,6,2,S,10293377148392066013,0.00039790000300854445,6,1,0,0,5,7,0.0,0.0,0.0,0.0045003999985056
Mk01-101-19,Mk01,explore,101,19,14,0.5,6,2,A,10293377148392066013,0.00039790000300854445,6,1,0,0,5,7,0.0,0.0,0.0,0.0042320000065956265
Mk01-101-19,Mk01,explore,101,19,14,0.5,6,2,C,10293377148392066013,0.00039790000300854445,6,1,0,0,5,7,0.0,0.0,0.0,0.004226199998811353
Mk01-101-19,Mk01,explore,101,19,14,0.5,6,2,W,10293377148392066013,0.00039790000300854445,6,1,0,0,5,7,0.0,0.0,0.0,0.00479079999786336
Mk01-101-19,Mk01,explore,101,19,14,0.5,6,2,L,10293377148392066013,0.00039790000300854445,6,1,0,0,5,7,0.0,0.0,0.0,0.004233799998473842
