state,instance,seed,generation,fraction,k,n,b,rep,group,action,rng_seed,region_seconds,attempts,evaluated,outside,noop,duplicate,decodes,gain,gain_per_decode,gain_per_budget,wall_seconds
Mk01-11-0,Mk01,11,0,0.25,14,1,4,0,R0,0.25-N1-b4,2607357969929612862,4.6700000098098826e-05,160,1,158,1,0,1,0.0,0.0,0.0,0.005568899999957466
Mk01-11-0,Mk01,11,0,0.25,14,1,4,0,R1,0.25-N1-b4,2607357969929612862,5.780000003596797e-05,160,0,159,1,0,0,0.0,,0.0,0.004042400000002999
Mk01-11-0,Mk01,11,0,0.25,14,1,4,0,S,0.25-N1-b4,2607357969929612862,2.6599999955578824e-05,160,1,158,1,0,1,0.0,0.0,0.0,0.004872299999988172
Mk01-11-0,Mk01,11,0,0.25,14,1,4,0,A,0.25-N1-b4,2607357969929612862,2.689999996619008e-05,160,0,159,1,0,0,0.0,,0.0,0.004298100000028171
Mk01-11-0,Mk01,11,0,0.25,14,1,4,0,C,0.25-N1-b4,2607357969929612862,3.530000003593159e-05,160,0,159,1,0,0,0.0,,0.0,0.0039381999999932304
Mk01-11-0,Mk01,11,0,0.25,14,1,4,1,R0,0.25-N1-b4,14696330386700501756,3.199999991920777e-05,160,1,159,0,0,1,0.0,0.0,0.0,0.004846499999985099
Mk01-11-0,Mk01,11,0,0.25,14,1,4,1,R1,0.25-N1-b4,14696330386700501756,4.279999996015249e-05,160,0,160,0,0,0,0.0,,0.0,0.00404270000001361
Mk01-11-0,Mk01,11,0,0.25,14,1,4,1,S,0.25-N1-b4,14696330386700501756,2.560000007179042e-05,160,0,160,0,0,0,0.0,,0.0,0.0045656999999437176
Mk01-11-0,Mk01,11,0,0.25,14,1,4,1,A,0.25-N1-b4,14696330386700501756,3.5099999990961805e-05,160,0,160,0,0,0,0.0,,0.0,0.003954700000008415
Mk01-11-0,Mk01,11,0,0.25,14,1,4,1,C,0.25-N1-b4,14696330386700501756,2.560000007179042e-05,160,0,160,0,0,0,0.0,,0.0,0.003948499999978594
Mk01-11-0,Mk01,11,0,0.25,14,1,4,2,R0,0.25-N1-b4,9961924897358870879,2.819999997427658e-05,160,1,157,2,0,1,0.01047906578240688,0.01047906578240688,0.00261976644560172,0.004772100000081991
Mk01-11-0,Mk01,11,0,0.25,14,1,4,2,R1,0.25-N1-b4,9961924897358870879,4.2499999949541234e-05,160,0,158,2,0,0,0.0,,0.0,0.004454000000009728
Mk01-11-0,Mk01,11,0,0.25,14,1,4,2,S,0.25-N1-b4,9961924897358870879,3.750000007585186e-05,160,0,158,2,0,0,0.0,,0.0,0.0039005000000997825
Mk01-11-0,Mk01,11,0,0.25,14,1,4,2,A,0.25-N1-b4,9961924897358870879,2.5800000003073364e-05,160,2,156,2,0,2,0.0,0.0,0.0,0.00563190000002578
Mk01-11-0,Mk01,11,0,0.25,14,1,4,2,C,0.25-N1-b4,9961924897358870879,2.419999998437561e-05,160,1,157,2,0,1,0.0,0.0,0.0,0.005234200000018063
Mk01-11-0,Mk01,11,0,0.25,14,1,4,3,R0,0.25-N1-b4,8207351888325197024,3.0100000003585592e-05,160,1,155,4,0,1,0.0,0.0,0.0,0.0046813000000156535
Mk01-11-0,Mk01,11,0,0.25,14,1,4,3,R1,0.25-N1-b4,8207351888325197024,4.2499999949541234e-05,160,0,156,4,0,0,0.0,,0.0,0.0038944000000356027
Mk01-11-0,Mk01,11,0,0.25,14,1,4,3,S,0.25-N1-b4,8207351888325197024,2.5300000061179162e-05,160,2,154,4,0,2,0.0,0.0,0.0,0.005639999999971224
Mk01-11-0,Mk01,11,0,0.25,14,1,4,3,A,0.25-N1-b4,8207351888325197024,3.0299999934868538e-05,160,1,155,4,0,1,0.0,0.0,0.0,0.005014700000060657
Mk01-11-0,Mk01,11,0,0.25,14,1,4,3,C,0.25-N1-b4,8207351888325197024,3.190000006725313e-05,160,2,154,4,0,2,0.0,0.0,0.0,0.0055395000000544314
Mk01-11-0,Mk01,11,0,0.25,14,1,8,0,R0,0.25-N1-b8,2607357969929612862,2.819999997427658e-05,320,2,316,2,0,2,0.0,0.0,0.0,0.010603400000036345
Mk01-11-0,Mk01,11,0,0.25,14,1,8,0,R1,0.25-N1-b8,2607357969929612862,5.9000000078412995e-05,320,1,317,2,0,1,0.0,0.0,0.0,0.00969529999997576
Mk01-11-0,Mk01,11,0,0.25,14,1,8,0,S,0.25-N1-b8,2607357969929612862,3.659999993033125e-05,320,2,316,2,0,2,0.0,0.0,0.0,0.010189900000000307
Mk01-11-0,Mk01,11,0,0.25,14,1,8,0,A,0.25-N1-b8,2607357969929612862,3.5499999967214535e-05,320,1,317,2,0,1,0.0,0.0,0.0,0.009349899999961053
Mk01-11-0,Mk01,11,0,0.25,14,1,8,0,C,0.25-N1-b8,2607357969929612862,3.619999995407852e-05,320,1,317,2,0,1,0.0,0.0,0.0,0.00908100000003742
Mk01-11-0,Mk01,11,0,0.25,14,1,8,1,R0,0.25-N1-b8,14696330386700501756,3.050000009352516e-05,320,1,318,1,0,1,0.0,0.0,0.0,0.009691500000030828
Mk01-11-0,Mk01,11,0,0.25,14,1,8,1,R1,0.25-N1-b8,14696330386700501756,6.51999999945474e-05,320,1,318,1,0,1,0.0003584575536664369,0.0003584575536664369,4.480719420830461e-05,0.008890100000030543
Mk01-11-0,Mk01,11,0,0.25,14,1,8,1,S,0.25-N1-b8,14696330386700501756,4.489999992074445e-05,320,0,319,1,0,0,0.0,,0.0,0.008902400000010857
Mk01-11-0,Mk01,11,0,0.25,14,1,8,1,A,0.25-N1-b8,14696330386700501756,7.390000007490016e-05,320,1,318,1,0,1,0.007436320628836252,0.007436320628836252,0.0009295400786045315,0.009077900000079353
Mk01-11-0,Mk01,11,0,0.25,14,1,8,1,C,0.25-N1-b8,14696330386700501756,4.1300000020783045e-05,320,0,319,1,0,0,0.0,,0.0,0.008573500000011336
Mk01-11-0,Mk01,11,0,0.25,14,1,8,2,R0,0.25-N1-b8,9961924897358870879,3.630000003340683e-05,320,1,314,5,0,1,0.01047906578240688,0.01047906578240688,0.00130988322280086,0.008520299999986491
Mk01-11-0,Mk01,11,0,0.25,14,1,8,2,R1,0.25-N1-b8,9961924897358870879,4.4399999978850246e-05,320,1,314,5,0,1,0.0,0.0,0.0,0.015746300000046176
Mk01-11-0,Mk01,11,0,0.25,14,1,8,2,S,0.25-N1-b8,9961924897358870879,3.6799999975301034e-05,320,1,314,5,0,1,0.0,0.0,0.0,0.009637200000042867
Mk01-11-0,Mk01,11,0,0.25,14,1,8,2,A,0.25-N1-b8,9961924897358870879,3.749999996216502e-05,320,2,313,5,0,2,0.0,0.0,0.0,0.01042419999998856
Mk01-11-0,Mk01,11,0,0.25,14,1,8,2,C,0.25-N1-b8,9961924897358870879,3.890000004957983e-05,320,2,313,5,0,2,0.0,0.0,0.0,0.009622299999932693
Mk01-11-0,Mk01,11,0,0.25,14,1,8,3,R0,0.25-N1-b8,8207351888325197024,3.130000004603062e-05,320,1,315,4,0,1,0.0,0.0,0.0,0.009374900000011621
Mk01-11-0,Mk01,11,0,0.25,14,1,8,3,R1,0.25-N1-b8,8207351888325197024,5.9199999896009103e-05,320,0,316,4,0,0,0.0,,0.0,0.008639399999992747
Mk01-11-0,Mk01,11,0,0.25,14,1,8,3,S,0.25-N1-b8,8207351888325197024,6.599999994705286e-05,320,2,314,4,0,2,0.0,0.0,0.0,0.010815700000080142
Mk01-11-0,Mk01,11,0,0.25,14,1,8,3,A,0.25-N1-b8,8207351888325197024,3.810000009707437e-05,320,1,315,4,0,1,0.0,0.0,0.0,0.009256199999981618
Mk01-11-0,Mk01,11,0,0.25,14,1,8,3,C,0.25-N1-b8,8207351888325197024,5.459999999857246e-05,320,2,314,4,0,2,0.0,0.0,0.0,0.010145500000021457
Mk01-11-0,Mk01,11,0,0.25,14,2,4,0,R0,0.25-N2-b4,11879687707191907126,3.249999997478881e-05,160,0,160,0,0,0,0.0,,0.0,0.0053489000000581655
Mk01-11-0,Mk01,11,0,0.25,14,2,4,0,R1,0.25-N2-b4,11879687707191907126,0.0001085999999759224,160,0,160,0,0,0,0.0,,0.0,0.005646899999987909
Mk01-11-0,Mk01,11,0,0.25,14,2,4,0,S,0.25-N2-b4,11879687707191907126,3.869999989092321e-05,160,0,160,0,0,0,0.0,,0.0,0.005276299999991352
Mk01-11-0,Mk01,11,0,0.25,14,2,4,0,A,0.25-N2-b4,11879687707191907126,2.8400000019246363e-05,160,0,160,0,0,0,0.0,,0.0,0.005438700000013341
Mk01-11-0,Mk01,11,0,0.25,14,2,4,0,C,0.25-N2-b4,11879687707191907126,3.100000003541936e-05,160,0,160,0,0,0,0.0,,0.0,0.0055677999999943495
Mk01-11-0,Mk01,11,0,0.25,14,2,4,1,R0,0.25-N2-b4,3066955024430834491,3.219999996417755e-05,160,0,160,0,0,0,0.0,,0.0,0.005266799999958494
Mk01-11-0,Mk01,11,0,0.25,14,2,4,1,R1,0.25-N2-b4,3066955024430834491,4.3500000060703314e-05,160,0,160,0,0,0,0.0,,0.0,0.005396199999950113
Mk01-11-0,Mk01,11,0,0.25,14,2,4,1,S,0.25-N2-b4,3066955024430834491,2.859999995052931e-05,160,0,160,0,0,0,0.0,,0.0,0.005599699999947916
Mk01-11-0,Mk01,11,0,0.25,14,2,4,1,A,0.25-N2-b4,3066955024430834491,3.7300000030882074e-05,160,0,160,0,0,0,0.0,,0.0,0.005396399999995083
Mk01-11-0,Mk01,11,0,0.25,14,2,4,1,C,0.25-N2-b4,3066955024430834491,2.9300000051080133e-05,160,0,160,0,0,0,0.0,,0.0,0.005318799999940893
Mk01-11-0,Mk01,11,0,0.25,14,2,4,2,R0,0.25-N2-b4,13236972792294484644,2.700000004551839e-05,160,0,160,0,0,0,0.0,,0.0,0.005796900000063943
Mk01-11-0,Mk01,11,0,0.25,14,2,4,2,R1,0.25-N2-b4,13236972792294484644,5.7599999990998185e-05,160,0,160,0,0,0,0.0,,0.0,0.005320299999993949
Mk01-11-0,Mk01,11,0,0.25,14,2,4,2,S,0.25-N2-b4,13236972792294484644,2.6999999931831553e-05,160,0,160,0,0,0,0.0,,0.0,0.005822599999987688
Mk01-11-0,Mk01,11,0,0.25,14,2,4,2,A,0.25-N2-b4,13236972792294484644,3.59000000571541e-05,160,0,160,0,0,0,0.0,,0.0,0.00576479999995172
Mk01-11-0,Mk01,11,0,0.25,14,2,4,2,C,0.25-N2-b4,13236972792294484644,3.579999997782579e-05,160,0,160,0,0,0,0.0,,0.0,0.005362100000070313
Mk01-11-0,Mk01,11,0,0.25,14,2,4,3,R0,0.25-N2-b4,4143628767322202625,2.7899999963665323e-05,160,0,160,0,0,0,0.0,,0.0,0.005723699999975906
Mk01-11-0,Mk01,11,0,0.25,14,2,4,3,R1,0.25-N2-b4,4143628767322202625,0.00011749999998755811,160,0,160,0,0,0,0.0,,0.0,0.005533199999945282
Mk01-11-0,Mk01,11,0,0.25,14,2,4,3,S,0.25-N2-b4,4143628767322202625,3.6000000022795575e-05,160,0,160,0,0,0,0.0,,0.0,0.005293400000027759
Mk01-11-0,Mk01,11,0,0.25,14,2,4,3,A,0.25-N2-b4,4143628767322202625,2.8299999939918052e-05,160,0,160,0,0,0,0.0,,0.0,0.006664300000011281
Mk01-11-0,Mk01,11,0,0.25,14,2,4,3,C,0.25-N2-b4,4143628767322202625,4.340000009506184e-05,160,0,160,0,0,0,0.0,,0.0,0.005746199999975943
Mk01-11-0,Mk01,11,0,0.25,14,2,8,0,R0,0.25-N2-b8,11879687707191907126,3.220000007786439e-05,320,0,320,0,0,0,0.0,,0.0,0.012146500000085325
Mk01-11-0,Mk01,11,0,0.25,14,2,8,0,R1,0.25-N2-b8,11879687707191907126,7.49000000723754e-05,320,0,320,0,0,0,0.0,,0.0,0.01038400000004458
Mk01-11-0,Mk01,11,0,0.25,14,2,8,0,S,0.25-N2-b8,11879687707191907126,2.819999997427658e-05,320,0,320,0,0,0,0.0,,0.0,0.01104889999999159
Mk01-11-0,Mk01,11,0,0.25,14,2,8,0,A,0.25-N2-b8,11879687707191907126,3.930000002583256e-05,320,0,320,0,0,0,0.0,,0.0,0.012112900000033733
Mk01-11-0,Mk01,11,0,0.25,14,2,8,0,C,0.25-N2-b8,11879687707191907126,3.9099999980862776e-05,320,0,320,0,0,0,0.0,,0.0,0.010889100000099461
Mk01-11-0,Mk01,11,0,0.25,14,2,8,1,R0,0.25-N2-b8,3066955024430834491,3.1600000056641875e-05,320,0,320,0,0,0,0.0,,0.0,0.011345900000037545
Mk01-11-0,Mk01,11,0,0.25,14,2,8,1,R1,0.25-N2-b8,3066955024430834491,7.769999990614451e-05,320,0,320,0,0,0,0.0,,0.0,0.011310199999911674
Mk01-11-0,Mk01,11,0,0.25,14,2,8,1,S,0.25-N2-b8,3066955024430834491,3.749999996216502e-05,320,0,320,0,0,0,0.0,,0.0,0.010352000000011685
Mk01-11-0,Mk01,11,0,0.25,14,2,8,1,A,0.25-N2-b8,3066955024430834491,2.6000000048043148e-05,320,0,320,0,0,0,0.0,,0.0,0.011128600000006372
Mk01-11-0,Mk01,11,0,0.25,14,2,8,1,C,0.25-N2-b8,3066955024430834491,3.409999999348656e-05,320,0,320,0,0,0,0.0,,0.0,0.011106900000072528
Mk01-11-0,Mk01,11,0,0.25,14,2,8,2,R0,0.25-N2-b8,13236972792294484644,3.1499999977313564e-05,320,0,320,0,0,0,0.0,,0.0,0.010530099999982667
Mk01-11-0,Mk01,11,0,0.25,14,2,8,2,R1,0.25-N2-b8,13236972792294484644,4.8400000082438055e-05,320,0,320,0,0,0,0.0,,0.0,0.010970099999894956
Mk01-11-0,Mk01,11,0,0.25,14,2,8,2,S,0.25-N2-b8,13236972792294484644,3.5099999990961805e-05,320,0,320,0,0,0,0.0,,0.0,0.011154499999975087
Mk01-11-0,Mk01,11,0,0.25,14,2,8,2,A,0.25-N2-b8,13236972792294484644,3.59000000571541e-05,320,0,320,0,0,0,0.0,,0.0,0.010722499999928914
Mk01-11-0,Mk01,11,0,0.25,14,2,8,2,C,0.25-N2-b8,13236972792294484644,3.079999999044958e-05,320,0,320,0,0,0,0.0,,0.0,0.010957800000028328
Mk01-11-0,Mk01,11,0,0.25,14,2,8,3,R0,0.25-N2-b8,4143628767322202625,3.079999999044958e-05,320,0,320,0,0,0,0.0,,0.0,0.011125499999934618
Mk01-11-0,Mk01,11,0,0.25,14,2,8,3,R1,0.25-N2-b8,4143628767322202625,5.509999994046666e-05,320,0,320,0,0,0,0.0,,0.0,0.010313699999983328
Mk01-11-0,Mk01,11,0,0.25,14,2,8,3,S,0.25-N2-b8,4143628767322202625,2.560000007179042e-05,320,0,320,0,0,0,0.0,,0.0,0.01091509999992013
Mk01-11-0,Mk01,11,0,0.25,14,2,8,3,A,0.25-N2-b8,4143628767322202625,3.72000000652406e-05,320,0,320,0,0,0,0.0,,0.0,0.01096539999991819
Mk01-11-0,Mk01,11,0,0.25,14,2,8,3,C,0.25-N2-b8,4143628767322202625,5.050000004303001e-05,320,0,320,0,0,0,0.0,,0.0,0.010323399999947469
Mk01-11-0,Mk01,11,0,0.25,14,3,4,0,R0,0.25-N3-b4,14483870710734720169,2.7599999953054066e-05,9,4,4,0,1,4,3.262659772449404e-05,8.15664943112351e-06,8.15664943112351e-06,0.004152999999973872
Mk01-11-0,Mk01,11,0,0.25,14,3,4,0,R1,0.25-N3-b4,14483870710734720169,6.78000000107204e-05,15,4,10,0,1,4,0.006181332267662576,0.001545333066915644,0.001545333066915644,0.004284199999915472
Mk01-11-0,Mk01,11,0,0.25,14,3,4,0,S,0.25-N3-b4,14483870710734720169,3.370000001723383e-05,18,4,12,0,2,4,3.262659772449404e-05,8.15664943112351e-06,8.15664943112351e-06,0.003753200000005563
Mk01-11-0,Mk01,11,0,0.25,14,3,4,0,A,0.25-N3-b4,14483870710734720169,2.7100000011159864e-05,33,4,27,0,2,4,0.002729671672021764,0.000682417918005441,0.000682417918005441,0.0041537999999263775
Mk01-11-0,Mk01,11,0,0.25,14,3,4,0,C,0.25-N3-b4,14483870710734720169,2.4000000053092663e-05,19,4,14,0,1,4,0.006181332267662576,0.001545333066915644,0.001545333066915644,0.004593599999907383
Mk01-11-0,Mk01,11,0,0.25,14,3,4,1,R0,0.25-N3-b4,2395749312522447517,3.489999994599202e-05,18,4,14,0,0,4,3.262659772449404e-05,8.15664943112351e-06,8.15664943112351e-06,0.0037977000000637418
Mk01-11-0,Mk01,11,0,0.25,14,3,4,1,R1,0.25-N3-b4,2395749312522447517,4.669999998441199e-05,21,4,15,0,2,4,0.000554652161316338,0.0001386630403290845,0.0001386630403290845,0.003830999999991036
Mk01-11-0,Mk01,11,0,0.25,14,3,4,1,S,0.25-N3-b4,2395749312522447517,2.559999995810358e-05,18,4,13,0,1,4,0.000554652161316338,0.0001386630403290845,0.0001386630403290845,0.0037203000000545217
Mk01-11-0,Mk01,11,0,0.25,14,3,4,1,A,0.25-N3-b4,2395749312522447517,2.4999999936881068e-05,26,4,20,0,2,4,0.0022082551382541366,0.0005520637845635341,0.0005520637845635341,0.004497600000036073
Mk01-11-0,Mk01,11,0,0.25,14,3,4,1,C,0.25-N3-b4,2395749312522447517,5.499999997482519e-05,10,4,6,0,0,4,0.0022082551382541366,0.0005520637845635341,0.0005520637845635341,0.003533100000026934
Mk01-11-0,Mk01,11,0,0.25,14,3,4,2,R0,0.25-N3-b4,16702067774425293557,2.7999999929306796e-05,28,4,23,0,1,4,0.0026317918788482907,0.0006579479697120727,0.0006579479697120727,0.004003399999987778
Mk01-11-0,Mk01,11,0,0.25,14,3,4,2,R1,0.25-N3-b4,16702067774425293557,4.149999995206599e-05,27,4,20,0,3,4,0.0019314945852898294,0.00048287364632245734,0.00048287364632245734,0.003994599999941784
Mk01-11-0,Mk01,11,0,0.25,14,3,4,2,S,0.25-N3-b4,16702067774425293557,2.4999999936881068e-05,28,4,24,0,0,4,0.0,0.0,0.0,0.004787899999996625
Mk01-11-0,Mk01,11,0,0.25,14,3,4,2,A,0.25-N3-b4,16702067774425293557,3.3300000040981104e-05,27,4,22,0,1,4,0.0026317918788482907,0.0006579479697120727,0.0006579479697120727,0.00389749999999367
Mk01-11-0,Mk01,11,0,0.25,14,3,4,2,C,0.25-N3-b4,16702067774425293557,2.5300000061179162e-05,43,4,38,0,1,4,0.003485477683842178,0.0008713694209605445,0.0008713694209605445,0.004416799999944487
Mk01-11-0,Mk01,11,0,0.25,14,3,4,3,R0,0.25-N3-b4,10729516434146336519,2.859999995052931e-05,16,4,12,0,0,4,0.006764765951338113,0.0016911914878345283,0.0016911914878345283,0.0037097000000585467
Mk01-11-0,Mk01,11,0,0.25,14,3,4,3,R1,0.25-N3-b4,10729516434146336519,7.279999999809661e-05,22,4,17,0,1,4,0.006181332267662576,0.001545333066915644,0.001545333066915644,0.004295500000011998
Mk01-11-0,Mk01,11,0,0.25,14,3,4,3,S,0.25-N3-b4,10729516434146336519,3.260000005411712e-05,25,4,20,0,1,4,3.262659772449404e-05,8.15664943112351e-06,8.15664943112351e-06,0.004060200000026271
Mk01-11-0,Mk01,11,0,0.25,14,3,4,3,A,0.25-N3-b4,10729516434146336519,2.7300000056129647e-05,17,4,13,0,0,4,0.010920993232180843,0.0027302483080452107,0.0027302483080452107,0.0036681000000271524
Mk01-11-0,Mk01,11,0,0.25,14,3,4,3,C,0.25-N3-b4,10729516434146336519,2.4100000018734136e-05,13,4,8,0,1,4,0.006181332267662576,0.001545333066915644,0.001545333066915644,0.003662599999984195
Mk01-11-0,Mk01,11,0,0.25,14,3,8,0,R0,0.25-N3-b8,14483870710734720169,2.819999997427658e-05,20,8,11,0,1,8,0.0044438467959884,0.00055548084949855,0.00055548084949855,0.007741699999996854
Mk01-11-0,Mk01,11,0,0.25,14,3,8,0,R1,0.25-N3-b8,14483870710734720169,5.459999999857246e-05,43,8,31,0,4,8,0.012486434605616431,0.001560804325702054,0.001560804325702054,0.007706399999960922
Mk01-11-0,Mk01,11,0,0.25,14,3,8,0,S,0.25-N3-b8,14483870710734720169,5.4399999953602673e-05,51,8,39,0,4,8,0.003485477683842178,0.00043568471048027226,0.00043568471048027226,0.008385500000031243
Mk01-11-0,Mk01,11,0,0.25,14,3,8,0,A,0.25-N3-b8,14483870710734720169,3.300000003036985e-05,61,8,48,0,5,8,0.010920993232180843,0.0013651241540226053,0.0013651241540226053,0.008375799999953415
Mk01-11-0,Mk01,11,0,0.25,14,3,8,0,C,0.25-N3-b8,14483870710734720169,4.0900000044530316e-05,112,8,97,0,7,8,0.0065063801852591075,0.0008132975231573884,0.0008132975231573884,0.009616100000016559
Mk01-11-0,Mk01,11,0,0.25,14,3,8,1,R0,0.25-N3-b8,2395749312522447517,2.960000006169139e-05,55,8,41,0,6,8,0.00022028808774280338,2.7536010967850423e-05,2.7536010967850423e-05,0.008616299999971488
Mk01-11-0,Mk01,11,0,0.25,14,3,8,1,R1,0.25-N3-b8,2395749312522447517,6.0200000007171184e-05,35,8,23,0,4,8,0.012486434605616431,0.001560804325702054,0.001560804325702054,0.007410700000036741
Mk01-11-0,Mk01,11,0,0.25,14,3,8,1,S,0.25-N3-b8,2395749312522447517,2.7600000066740904e-05,72,8,50,0,14,8,0.000554652161316338,6.933152016454225e-05,6.933152016454225e-05,0.01116429999990487
Mk01-11-0,Mk01,11,0,0.25,14,3,8,1,A,0.25-N3-b8,2395749312522447517,3.8599999925281736e-05,52,8,40,0,4,8,0.012487753582567615,0.0015609691978209518,0.0015609691978209518,0.008041599999955906
Mk01-11-0,Mk01,11,0,0.25,14,3,8,1,C,0.25-N3-b8,2395749312522447517,3.340000000662258e-05,46,8,31,0,7,8,0.006181332267662576,0.000772666533457822,0.000772666533457822,0.009800499999983003
Mk01-11-0,Mk01,11,0,0.25,14,3,8,2,R0,0.25-N3-b8,16702067774425293557,5.880000003344321e-05,108,8,89,0,11,8,0.007628311080345189,0.0009535388850431487,0.0009535388850431487,0.012819700000022749
Mk01-11-0,Mk01,11,0,0.25,14,3,8,2,R1,0.25-N3-b8,16702067774425293557,0.00011219999998957064,95,8,78,0,9,8,0.0019314945852898294,0.00024143682316122867,0.00024143682316122867,0.010753999999906227
Mk01-11-0,Mk01,11,0,0.25,14,3,8,2,S,0.25-N3-b8,16702067774425293557,7.070000003750465e-05,167,8,146,0,13,8,0.003485477683842178,0.00043568471048027226,0.00043568471048027226,0.01941999999996824
Mk01-11-0,Mk01,11,0,0.25,14,3,8,2,A,0.25-N3-b8,16702067774425293557,4.1300000020783045e-05,59,8,43,0,8,8,0.003485477683842178,0.00043568471048027226,0.00043568471048027226,0.011467100000004393
Mk01-11-0,Mk01,11,0,0.25,14,3,8,2,C,0.25-N3-b8,16702067774425293557,8.149999996476254e-05,99,8,84,0,7,8,0.0065063801852591075,0.0008132975231573884,0.0008132975231573884,0.010885300000040843
Mk01-11-0,Mk01,11,0,0.25,14,3,8,3,R0,0.25-N3-b8,10729516434146336519,3.349999997226405e-05,34,8,23,0,3,8,0.008909333970834024,0.001113666746354253,0.001113666746354253,0.009179299999914292
Mk01-11-0,Mk01,11,0,0.25,14,3,8,3,R1,0.25-N3-b8,10729516434146336519,7.749999997486157e-05,48,8,35,0,5,8,0.006181332267662576,0.000772666533457822,0.000772666533457822,0.008137300000043979
Mk01-11-0,Mk01,11,0,0.25,14,3,8,3,S,0.25-N3-b8,10729516434146336519,3.299999991668301e-05,131,8,104,0,19,8,0.003485477683842178,0.00043568471048027226,0.00043568471048027226,0.01102719999994406
Mk01-11-0,Mk01,11,0,0.25,14,3,8,3,A,0.25-N3-b8,10729516434146336519,3.670000000965956e-05,36,8,27,0,1,8,0.012487753582567615,0.0015609691978209518,0.0015609691978209518,0.008751200000006065
Mk01-11-0,Mk01,11,0,0.25,14,3,8,3,C,0.25-N3-b8,10729516434146336519,4.890000002433226e-05,41,8,30,0,3,8,0.0065063801852591075,0.0008132975231573884,0.0008132975231573884,0.008095300000036332
Mk01-11-0,Mk01,11,0,0.25,14,4,4,0,R0,0.25-N4-b4,5266093144056305619,3.220000007786439e-05,3,0,3,0,0,3,0.0,0.0,0.0,0.0018600999999307533
Mk01-11-0,Mk01,11,0,0.25,14,4,4,0,R1,0.25-N4-b4,5266093144056305619,4.29000000394808e-05,2,1,1,0,0,3,0.002729671672021764,0.0009098905573405881,0.000682417918005441,0.002046899999982088
Mk01-11-0,Mk01,11,0,0.25,14,4,4,0,S,0.25-N4-b4,5266093144056305619,2.6800000000548607e-05,3,0,3,0,0,3,0.0,0.0,0.0,0.0018489999999928841
Mk01-11-0,Mk01,11,0,0.25,14,4,4,0,A,0.25-N4-b4,5266093144056305619,2.5499999992462108e-05,2,1,1,0,0,3,0.002729671672021764,0.0009098905573405881,0.000682417918005441,0.002614199999925404
Mk01-11-0,Mk01,11,0,0.25,14,4,4,0,C,0.25-N4-b4,5266093144056305619,3.630000003340683e-05,2,1,1,0,0,3,0.002729671672021764,0.0009098905573405881,0.000682417918005441,0.0020773999999619264
Mk01-11-0,Mk01,11,0,0.25,14,4,4,1,R0,0.25-N4-b4,2237671531544604788,2.9800000106661173e-05,2,1,1,0,0,3,0.0,0.0,0.0,0.0022954000000936503
Mk01-11-0,Mk01,11,0,0.25,14,4,4,1,R1,0.25-N4-b4,2237671531544604788,5.160000000614673e-05,3,0,3,0,0,3,0.0,0.0,0.0,0.0018535000000383661
Mk01-11-0,Mk01,11,0,0.25,14,4,4,1,S,0.25-N4-b4,2237671531544604788,2.560000007179042e-05,3,0,3,0,0,3,0.0,0.0,0.0,0.0018455999999105188
Mk01-11-0,Mk01,11,0,0.25,14,4,4,1,A,0.25-N4-b4,2237671531544604788,2.5299999947492324e-05,2,1,1,0,0,3,0.0011604193257343867,0.00038680644191146224,0.0002901048314335967,0.002049000000056367
Mk01-11-0,Mk01,11,0,0.25,14,4,4,1,C,0.25-N4-b4,2237671531544604788,2.4399999915658555e-05,2,1,1,0,0,3,0.0011604193257343867,0.00038680644191146224,0.0002901048314335967,0.00204570000005333
Mk01-11-0,Mk01,11,0,0.25,14,4,4,2,R0,0.25-N4-b4,9444376576372354498,2.6199999979326094e-05,2,1,1,0,0,3,0.0019314945852898294,0.0006438315284299431,0.00048287364632245734,0.002046899999982088
Mk01-11-0,Mk01,11,0,0.25,14,4,4,2,R1,0.25-N4-b4,9444376576372354498,4.239999998389976e-05,2,1,1,0,0,3,0.0019314945852898294,0.0006438315284299431,0.00048287364632245734,0.002614200000039091
Mk01-11-0,Mk01,11,0,0.25,14,4,4,2,S,0.25-N4-b4,9444376576372354498,3.750000007585186e-05,3,0,3,0,0,3,0.0,0.0,0.0,0.0019015000000308646
Mk01-11-0,Mk01,11,0,0.25,14,4,4,2,A,0.25-N4-b4,9444376576372354498,3.130000004603062e-05,2,2,0,0,0,4,0.0019314945852898294,0.00048287364632245734,0.00048287364632245734,0.0028707999999824096
Mk01-11-0,Mk01,11,0,0.25,14,4,4,2,C,0.25-N4-b4,9444376576372354498,2.599999993435631e-05,2,1,1,0,0,3,0.0011604193257343867,0.00038680644191146224,0.0002901048314335967,0.0020533999999088337
Mk01-11-0,Mk01,11,0,0.25,14,4,4,3,R0,0.25-N4-b4,3544554430052417152,3.0199999969227065e-05,2,1,1,0,0,3,0.002729671672021764,0.0009098905573405881,0.000682417918005441,0.0020470000000614164
Mk01-11-0,Mk01,11,0,0.25,14,4,4,3,R1,0.25-N4-b4,3544554430052417152,4.200000000764703e-05,2,2,0,0,0,4,0.002729671672021764,0.000682417918005441,0.000682417918005441,0.0028601000000207932
Mk01-11-0,Mk01,11,0,0.25,14,4,4,3,S,0.25-N4-b4,3544554430052417152,2.570000003743189e-05,3,0,3,0,0,3,0.0,0.0,0.0,0.002637800000002244
Mk01-11-0,Mk01,11,0,0.25,14,4,4,3,A,0.25-N4-b4,3544554430052417152,8.479999996779952e-05,2,2,0,0,0,4,0.002729671672021764,0.000682417918005441,0.000682417918005441,0.003155799999944975
Mk01-11-0,Mk01,11,0,0.25,14,4,4,3,C,0.25-N4-b4,3544554430052417152,3.220000007786439e-05,2,1,1,0,0,3,0.002729671672021764,0.0009098905573405881,0.000682417918005441,0.0020472999999583408
Mk01-11-0,Mk01,11,0,0.25,14,4,8,0,R0,0.25-N4-b8,5266093144056305619,2.9199999971751822e-05,7,1,6,0,0,8,0.0,0.0,0.0,0.005077500000084001
Mk01-11-0,Mk01,11,0,0.25,14,4,8,0,R1,0.25-N4-b8,5266093144056305619,4.42000000475673e-05,5,3,2,0,0,8,0.01052391794799608,0.00131548974349951,0.00131548974349951,0.006256499999949483
Mk01-11-0,Mk01,11,0,0.25,14,4,8,0,S,0.25-N4-b8,5266093144056305619,3.800000001774606e-05,7,1,6,0,0,8,0.0,0.0,0.0,0.005431600000065373
Mk01-11-0,Mk01,11,0,0.25,14,4,8,0,A,0.25-N4-b8,5266093144056305619,3.1600000056641875e-05,5,2,3,0,0,7,0.002729671672021764,0.0003899530960031092,0.0003412089590027205,0.004715799999985393
Mk01-11-0,Mk01,11,0,0.25,14,4,8,0,C,0.25-N4-b8,5266093144056305619,2.7100000011159864e-05,5,3,2,0,0,8,0.01052391794799608,0.00131548974349951,0.00131548974349951,0.006044400000064343
Mk01-11-0,Mk01,11,0,0.25,14,4,8,1,R0,0.25-N4-b8,2237671531544604788,3.300000003036985e-05,5,2,2,0,1,7,0.002729671672021764,0.0003899530960031092,0.0003412089590027205,0.004923200000007455
Mk01-11-0,Mk01,11,0,0.25,14,4,8,1,R1,0.25-N4-b8,2237671531544604788,4.55000000556538e-05,6,1,5,0,0,7,0.0,0.0,0.0,0.004495600000041122
Mk01-11-0,Mk01,11,0,0.25,14,4,8,1,S,0.25-N4-b8,2237671531544604788,2.599999993435631e-05,7,1,6,0,0,8,0.0,0.0,0.0,0.005358099999966726
Mk01-11-0,Mk01,11,0,0.25,14,4,8,1,A,0.25-N4-b8,2237671531544604788,7.49000000723754e-05,5,3,2,0,0,8,0.002729671672021764,0.0003412089590027205,0.0003412089590027205,0.0055834000000913875
Mk01-11-0,Mk01,11,0,0.25,14,4,8,1,C,0.25-N4-b8,2237671531544604788,2.790000007735216e-05,5,3,2,0,0,8,0.002729671672021764,0.0003412089590027205,0.0003412089590027205,0.005480700000020988
Mk01-11-0,Mk01,11,0,0.25,14,4,8,2,R0,0.25-N4-b8,9444376576372354498,2.920000008543866e-05,6,1,5,0,0,7,0.0019314945852898294,0.00027592779789854707,0.00024143682316122867,0.004839800000013383
Mk01-11-0,Mk01,11,0,0.25,14,4,8,2,R1,0.25-N4-b8,9444376576372354498,5.659999999352294e-05,5,2,3,0,0,7,0.0019314945852898294,0.00027592779789854707,0.00024143682316122867,0.004757400000016787
Mk01-11-0,Mk01,11,0,0.25,14,4,8,2,S,0.25-N4-b8,9444376576372354498,3.0199999969227065e-05,6,1,5,0,0,7,0.0,0.0,0.0,0.004480499999999665
Mk01-11-0,Mk01,11,0,0.25,14,4,8,2,A,0.25-N4-b8,9444376576372354498,2.740000002177112e-05,4,3,1,0,0,7,0.0019314945852898294,0.00027592779789854707,0.00024143682316122867,0.00488770000004024
Mk01-11-0,Mk01,11,0,0.25,14,4,8,2,C,0.25-N4-b8,9444376576372354498,2.4599999960628338e-05,5,2,3,0,0,7,0.0011604193257343867,0.00016577418939062668,0.00014505241571679834,0.0051996000000826825
Mk01-11-0,Mk01,11,0,0.25,14,4,8,3,R0,0.25-N4-b8,3544554430052417152,3.089999995609105e-05,4,3,1,0,0,7,0.002729671672021764,0.0003899530960031092,0.0003412089590027205,0.004919400000062524
Mk01-11-0,Mk01,11,0,0.25,14,4,8,3,R1,0.25-N4-b8,3544554430052417152,4.589999991821969e-05,5,3,2,0,0,8,0.01052391794799608,0.00131548974349951,0.00131548974349951,0.005503699999962919
Mk01-11-0,Mk01,11,0,0.25,14,4,8,3,S,0.25-N4-b8,3544554430052417152,2.9300000051080133e-05,7,0,7,0,0,7,0.0,0.0,0.0,0.005392599999936465
Mk01-11-0,Mk01,11,0,0.25,14,4,8,3,A,0.25-N4-b8,3544554430052417152,3.449999996973929e-05,4,3,1,0,0,7,0.002729671672021764,0.0003899530960031092,0.0003412089590027205,0.004927700000052937
Mk01-11-0,Mk01,11,0,0.25,14,4,8,3,C,0.25-N4-b8,3544554430052417152,2.7100000011159864e-05,5,3,2,0,0,8,0.01052391794799608,0.00131548974349951,0.00131548974349951,0.005484900000055859
Mk01-11-0,Mk01,11,0,0.25,14,5,4,0,R0,0.25-N5-b4,11524988584520302576,2.9900000072302646e-05,15,4,11,0,0,4,0.0,0.0,0.0,0.004142899999919791
Mk01-11-0,Mk01,11,0,0.25,14,5,4,0,R1,0.25-N5-b4,11524988584520302576,5.7200000014745456e-05,28,4,24,0,0,4,0.00851703674729703,0.0021292591868242576,0.0021292591868242576,0.003913400000101319
Mk01-11-0,Mk01,11,0,0.25,14,5,4,0,S,0.25-N5-b4,11524988584520302576,2.6800000000548607e-05,14,4,10,0,0,4,0.00033235627548682325,8.308906887170581e-05,8.308906887170581e-05,0.0036309000000755987
Mk01-11-0,Mk01,11,0,0.25,14,5,4,0,A,0.25-N5-b4,11524988584520302576,2.4999999936881068e-05,16,4,12,0,0,4,0.006670022084287035,0.0016675055210717588,0.0016675055210717588,0.0034911999999849286
Mk01-11-0,Mk01,11,0,0.25,14,5,4,0,C,0.25-N5-b4,11524988584520302576,2.3499999997511622e-05,22,4,18,0,0,4,0.006670022084287035,0.0016675055210717588,0.0016675055210717588,0.0040260000000671425
Mk01-11-0,Mk01,11,0,0.25,14,5,4,1,R0,0.25-N5-b4,9550226069338321760,2.8299999939918052e-05,16,4,12,0,0,4,0.007827430563612089,0.0019568576409030223,0.0019568576409030223,0.0034785000000283617
Mk01-11-0,Mk01,11,0,0.25,14,5,4,1,R1,0.25-N5-b4,9550226069338321760,4.3399999981375004e-05,16,4,12,0,0,4,0.007827430563612089,0.0019568576409030223,0.0019568576409030223,0.0035533999999870503
Mk01-11-0,Mk01,11,0,0.25,14,5,4,1,S,0.25-N5-b4,9550226069338321760,2.5400000026820635e-05,30,4,26,0,0,4,0.00033235627548682325,8.308906887170581e-05,8.308906887170581e-05,0.0037657999999964886
Mk01-11-0,Mk01,11,0,0.25,14,5,4,1,A,0.25-N5-b4,9550226069338321760,2.4600000074315176e-05,13,4,9,0,0,4,2.710085333138164e-05,6.77521333284541e-06,6.77521333284541e-06,0.003976999999963482
Mk01-11-0,Mk01,11,0,0.25,14,5,4,1,C,0.25-N5-b4,9550226069338321760,3.3299999927294266e-05,28,4,23,0,1,4,0.006670022084287035,0.0016675055210717588,0.0016675055210717588,0.003760700000043471
Mk01-11-0,Mk01,11,0,0.25,14,5,4,2,R0,0.25-N5-b4,18363402893912310500,2.7700000032382377e-05,34,4,29,0,1,4,0.0025544814710038166,0.0006386203677509542,0.0006386203677509542,0.0038677000000006956
Mk01-11-0,Mk01,11,0,0.25,14,5,4,2,R1,0.25-N5-b4,18363402893912310500,4.109999997581326e-05,23,4,19,0,0,4,0.0004901820042127469,0.00012254550105318673,0.00012254550105318673,0.003625600000077611
Mk01-11-0,Mk01,11,0,0.25,14,5,4,2,S,0.25-N5-b4,18363402893912310500,2.610000001368462e-05,17,4,13,0,0,4,0.0,0.0,0.0,0.004001499999958469
Mk01-11-0,Mk01,11,0,0.25,14,5,4,2,A,0.25-N5-b4,18363402893912310500,3.090000006977789e-05,23,4,19,0,0,4,0.011031961081617992,0.002757990270404498,0.002757990270404498,0.0036509000000251035
Mk01-11-0,Mk01,11,0,0.25,14,5,4,2,C,0.25-N5-b4,18363402893912310500,2.470000003995665e-05,18,4,14,0,0,4,0.0012343045580145273,0.0003085761395036318,0.0003085761395036318,0.0035520999999789638
Mk01-11-0,Mk01,11,0,0.25,14,5,4,3,R0,0.25-N5-b4,4844999950280407865,2.7100000011159864e-05,15,4,11,0,0,4,0.00967816516410538,0.002419541291026345,0.002419541291026345,0.003498799999988478
Mk01-11-0,Mk01,11,0,0.25,14,5,4,3,R1,0.25-N5-b4,4844999950280407865,4.219999993892998e-05,10,4,6,0,0,4,0.00851703674729703,0.0021292591868242576,0.0021292591868242576,0.0037175999999590204
Mk01-11-0,Mk01,11,0,0.25,14,5,4,3,S,0.25-N5-b4,4844999950280407865,5.4900000009183714e-05,7,4,3,0,0,4,0.003797966057060684,0.000949491514265171,0.000949491514265171,0.00606849999996939
Mk01-11-0,Mk01,11,0,0.25,14,5,4,3,A,0.25-N5-b4,4844999950280407865,7.34999999849606e-05,14,4,10,0,0,4,0.011031961081617992,0.002757990270404498,0.002757990270404498,0.005095100000062303
Mk01-11-0,Mk01,11,0,0.25,14,5,4,3,C,0.25-N5-b4,4844999950280407865,3.1100000001060835e-05,7,4,3,0,0,4,0.003797966057060684,0.000949491514265171,0.000949491514265171,0.0056033999999272055
Mk01-11-0,Mk01,11,0,0.25,14,5,8,0,R0,0.25-N5-b8,11524988584520302576,4.780000006121554e-05,52,8,41,0,3,8,0.006670022084287035,0.0008337527605358794,0.0008337527605358794,0.009814599999913298
Mk01-11-0,Mk01,11,0,0.25,14,5,8,0,R1,0.25-N5-b8,11524988584520302576,5.51000000541535e-05,44,8,36,0,0,8,0.00851703674729703,0.0010646295934121288,0.0010646295934121288,0.008211200000005192
Mk01-11-0,Mk01,11,0,0.25,14,5,8,0,S,0.25-N5-b8,11524988584520302576,3.6799999975301034e-05,32,8,24,0,0,8,0.01779583657935204,0.002224479572419005,0.002224479572419005,0.0072579999999788924
Mk01-11-0,Mk01,11,0,0.25,14,5,8,0,A,0.25-N5-b8,11524988584520302576,3.319999996165279e-05,28,8,19,0,1,8,0.014269844402695553,0.001783730550336944,0.001783730550336944,0.007557500000075379
Mk01-11-0,Mk01,11,0,0.25,14,5,8,0,C,0.25-N5-b8,11524988584520302576,3.649999996468978e-05,33,8,24,0,1,8,0.01779583657935204,0.002224479572419005,0.002224479572419005,0.007925600000021404
Mk01-11-0,Mk01,11,0,0.25,14,5,8,1,R0,0.25-N5-b8,9550226069338321760,3.479999998035055e-05,42,8,31,0,3,8,0.011820625440117949,0.0014775781800147436,0.0014775781800147436,0.008434500000021217
Mk01-11-0,Mk01,11,0,0.25,14,5,8,1,R1,0.25-N5-b8,9550226069338321760,5.859999998847343e-05,36,8,25,0,3,8,0.011820625440117949,0.0014775781800147436,0.0014775781800147436,0.008077699999944343
Mk01-11-0,Mk01,11,0,0.25,14,5,8,1,S,0.25-N5-b8,9550226069338321760,3.409999999348656e-05,73,8,64,0,1,8,0.00033235627548682325,4.154453443585291e-05,4.154453443585291e-05,0.009627200000068115
Mk01-11-0,Mk01,11,0,0.25,14,5,8,1,A,0.25-N5-b8,9550226069338321760,5.529999998543644e-05,21,8,13,0,0,8,0.011820625440117949,0.0014775781800147436,0.0014775781800147436,0.007666299999982584
Mk01-11-0,Mk01,11,0,0.25,14,5,8,1,C,0.25-N5-b8,9550226069338321760,3.630000003340683e-05,50,8,39,0,3,8,0.006670022084287035,0.0008337527605358794,0.0008337527605358794,0.008074800000031246
Mk01-11-0,Mk01,11,0,0.25,14,5,8,2,R0,0.25-N5-b8,18363402893912310500,3.269999990607175e-05,43,8,33,0,2,8,0.004044429428423391,0.0005055536785529239,0.0005055536785529239,0.007917199999951663
Mk01-11-0,Mk01,11,0,0.25,14,5,8,2,R1,0.25-N5-b8,18363402893912310500,6.100000007336348e-05,39,8,31,0,0,8,0.008222625749449345,0.0010278282186811682,0.0010278282186811682,0.008977900000104455
Mk01-11-0,Mk01,11,0,0.25,14,5,8,2,S,0.25-N5-b8,18363402893912310500,3.779999997277628e-05,35,8,26,0,1,8,0.0006030015001120981,7.537518751401227e-05,7.537518751401227e-05,0.007814899999971203
Mk01-11-0,Mk01,11,0,0.25,14,5,8,2,A,0.25-N5-b8,18363402893912310500,3.540000000157306e-05,43,8,35,0,0,8,0.011031961081617992,0.001378995135202249,0.001378995135202249,0.010092800000052193
Mk01-11-0,Mk01,11,0,0.25,14,5,8,2,C,0.25-N5-b8,18363402893912310500,6.609999991269433e-05,35,8,26,0,1,8,0.006670022084287035,0.0008337527605358794,0.0008337527605358794,0.00979399999994257
Mk01-11-0,Mk01,11,0,0.25,14,5,8,3,R0,0.25-N5-b8,4844999950280407865,3.599999990910874e-05,46,8,37,0,1,8,0.00967816516410538,0.0012097706455131724,0.0012097706455131724,0.00827270000002045
Mk01-11-0,Mk01,11,0,0.25,14,5,8,3,R1,0.25-N5-b8,4844999950280407865,6.800000005569018e-05,38,8,28,0,2,8,0.011820625440117949,0.0014775781800147436,0.0014775781800147436,0.008139700000015182
Mk01-11-0,Mk01,11,0,0.25,14,5,8,3,S,0.25-N5-b8,4844999950280407865,3.870000000461005e-05,20,8,11,0,1,8,0.003797966057060684,0.0004747457571325855,0.0004747457571325855,0.00736979999999221
Mk01-11-0,Mk01,11,0,0.25,14,5,8,3,A,0.25-N5-b8,4844999950280407865,3.3799999982875306e-05,26,8,18,0,0,8,0.011820625440117949,0.0014775781800147436,0.0014775781800147436,0.007811500000002525
Mk01-11-0,Mk01,11,0,0.25,14,5,8,3,C,0.25-N5-b8,4844999950280407865,3.6799999975301034e-05,15,8,7,0,0,8,0.003797966057060684,0.0004747457571325855,0.0004747457571325855,0.006995800000026975
Mk01-11-0,Mk01,11,0,0.25,14,6,4,0,R0,0.25-N6-b4,18078653006267370567,3.179999998792482e-05,2,1,0,0,1,3,0.0,0.0,0.0,0.0020802999999887106
Mk01-11-0,Mk01,11,0,0.25,14,6,4,0,R1,0.25-N6-b4,18078653006267370567,4.4799999955102976e-05,3,0,3,0,0,3,0.0,0.0,0.0,0.0019943999999441075
Mk01-11-0,Mk01,11,0,0.25,14,6,4,0,S,0.25-N6-b4,18078653006267370567,3.1499999977313564e-05,2,1,0,0,1,3,0.0,0.0,0.0,0.002417700000023615
Mk01-11-0,Mk01,11,0,0.25,14,6,4,0,A,0.25-N6-b4,18078653006267370567,3.479999998035055e-05,3,0,3,0,0,3,0.0,0.0,0.0,0.0018676000000823478
Mk01-11-0,Mk01,11,0,0.25,14,6,4,0,C,0.25-N6-b4,18078653006267370567,2.4599999960628338e-05,2,1,0,0,1,3,0.0,0.0,0.0,0.002060600000049817
Mk01-11-0,Mk01,11,0,0.25,14,6,4,1,R0,0.25-N6-b4,16855009581760909499,2.999999992425728e-05,3,0,3,0,0,3,0.0,0.0,0.0,0.0018612000000075568
Mk01-11-0,Mk01,11,0,0.25,14,6,4,1,R1,0.25-N6-b4,16855009581760909499,4.279999996015249e-05,2,1,0,0,1,3,0.0,0.0,0.0,0.0023208999999724256
Mk01-11-0,Mk01,11,0,0.25,14,6,4,1,S,0.25-N6-b4,16855009581760909499,2.9700000027332862e-05,2,1,0,0,1,3,0.0,0.0,0.0,0.002286600000047656
Mk01-11-0,Mk01,11,0,0.25,14,6,4,1,A,0.25-N6-b4,16855009581760909499,3.119999996670231e-05,3,0,3,0,0,3,0.0,0.0,0.0,0.0018754999999828215
Mk01-11-0,Mk01,11,0,0.25,14,6,4,1,C,0.25-N6-b4,16855009581760909499,2.610000001368462e-05,2,1,0,0,1,3,0.0,0.0,0.0,0.002462499999978718
Mk01-11-0,Mk01,11,0,0.25,14,6,4,2,R0,0.25-N6-b4,13619884329407202826,3.360000005159236e-05,3,0,3,0,0,3,0.0,0.0,0.0,0.0020160999999916385
Mk01-11-0,Mk01,11,0,0.25,14,6,4,2,R1,0.25-N6-b4,13619884329407202826,4.4299999899521936e-05,2,1,0,0,1,3,0.0,0.0,0.0,0.0020662000000584158
Mk01-11-0,Mk01,11,0,0.25,14,6,4,2,S,0.25-N6-b4,13619884329407202826,2.7300000056129647e-05,2,1,0,0,1,3,0.0,0.0,0.0,0.0020695999999134074
Mk01-11-0,Mk01,11,0,0.25,14,6,4,2,A,0.25-N6-b4,13619884329407202826,2.7199999976801337e-05,3,0,3,0,0,3,0.0,0.0,0.0,0.001856299999985822
Mk01-11-0,Mk01,11,0,0.25,14,6,4,2,C,0.25-N6-b4,13619884329407202826,2.3599999963153095e-05,2,1,0,0,1,3,0.0,0.0,0.0,0.002070699999990211
Mk01-11-0,Mk01,11,0,0.25,14,6,4,3,R0,0.25-N6-b4,1714093184611278947,2.8100000008635106e-05,2,1,0,0,1,3,0.0,0.0,0.0,0.0020634999999629144
Mk01-11-0,Mk01,11,0,0.25,14,6,4,3,R1,0.25-N6-b4,1714093184611278947,4.379999995762773e-05,2,1,0,0,1,3,0.0,0.0,0.0,0.002297900000030495
Mk01-11-0,Mk01,11,0,0.25,14,6,4,3,S,0.25-N6-b4,1714093184611278947,4.999999998744897e-05,2,1,0,0,1,3,0.0,0.0,0.0,0.002314899999987574
Mk01-11-0,Mk01,11,0,0.25,14,6,4,3,A,0.25-N6-b4,1714093184611278947,3.319999996165279e-05,3,0,3,0,0,3,0.0,0.0,0.0,0.0018678999999792723
Mk01-11-0,Mk01,11,0,0.25,14,6,4,3,C,0.25-N6-b4,1714093184611278947,2.6299999944967567e-05,2,1,0,0,1,3,0.0,0.0,0.0,0.0020643000000291067
Mk01-11-0,Mk01,11,0,0.25,14,6,8,0,R0,0.25-N6-b8,18078653006267370567,3.000000003794412e-05,6,1,0,0,5,7,0.0,0.0,0.0,0.0044893000000456595
Mk01-11-0,Mk01,11,0,0.25,14,6,8,0,R1,0.25-N6-b8,18078653006267370567,4.3500000060703314e-05,7,0,7,0,0,7,0.0,0.0,0.0,0.004436100000020815
Mk01-11-0,Mk01,11,0,0.25,14,6,8,0,S,0.25-N6-b8,18078653006267370567,8.790000003955356e-05,6,1,0,0,5,7,0.0,0.0,0.0,0.0058057999999618914
Mk01-11-0,Mk01,11,0,0.25,14,6,8,0,A,0.25-N6-b8,18078653006267370567,4.109999997581326e-05,7,0,7,0,0,7,0.0,0.0,0.0,0.004455400000097143
Mk01-11-0,Mk01,11,0,0.25,14,6,8,0,C,0.25-N6-b8,18078653006267370567,2.920000008543866e-05,6,1,0,0,5,7,0.0,0.0,0.0,0.004549099999962891
Mk01-11-0,Mk01,11,0,0.25,14,6,8,1,R0,0.25-N6-b8,16855009581760909499,3.2400000009147334e-05,7,0,7,0,0,7,0.0,0.0,0.0,0.004905500000063512
Mk01-11-0,Mk01,11,0,0.25,14,6,8,1,R1,0.25-N6-b8,16855009581760909499,5.73999999460284e-05,6,1,0,0,5,7,0.0,0.0,0.0,0.004538499999966916
Mk01-11-0,Mk01,11,0,0.25,14,6,8,1,S,0.25-N6-b8,16855009581760909499,2.8899999961140566e-05,6,1,0,0,5,7,0.0,0.0,0.0,0.0045013000000153625
Mk01-11-0,Mk01,11,0,0.25,14,6,8,1,A,0.25-N6-b8,16855009581760909499,2.7199999976801337e-05,7,0,7,0,0,7,0.0,0.0,0.0,0.004438199999981407
Mk01-11-0,Mk01,11,0,0.25,14,6,8,1,C,0.25-N6-b8,16855009581760909499,3.100000003541936e-05,6,1,0,0,5,7,0.0,0.0,0.0,0.00462860000004639
Mk01-11-0,Mk01,11,0,0.25,14,6,8,2,R0,0.25-N6-b8,13619884329407202826,3.1600000056641875e-05,7,0,7,0,0,7,0.0,0.0,0.0,0.004306599999949867
Mk01-11-0,Mk01,11,0,0.25,14,6,8,2,R1,0.25-N6-b8,13619884329407202826,4.329999990204669e-05,6,1,0,0,5,7,0.0,0.0,0.0,0.004484499999989566
Mk01-11-0,Mk01,11,0,0.25,14,6,8,2,S,0.25-N6-b8,13619884329407202826,2.610000001368462e-05,6,1,0,0,5,7,0.0,0.0,0.0,0.004964999999970132
Mk01-11-0,Mk01,11,0,0.25,14,6,8,2,A,0.25-N6-b8,13619884329407202826,3.9099999980862776e-05,7,0,7,0,0,7,0.0,0.0,0.0,0.004281600000012986
Mk01-11-0,Mk01,11,0,0.25,14,6,8,2,C,0.25-N6-b8,13619884329407202826,2.4800000005598122e-05,6,1,0,0,5,7,0.0,0.0,0.0,0.0045229999999492065
Mk01-11-0,Mk01,11,0,0.25,14,6,8,3,R0,0.25-N6-b8,1714093184611278947,3.069999991112127e-05,6,1,0,0,5,7,0.0,0.0,0.0,0.00456999999994423
Mk01-11-0,Mk01,11,0,0.25,14,6,8,3,R1,0.25-N6-b8,1714093184611278947,4.7100000074351556e-05,6,1,0,0,5,7,0.0,0.0,0.0,0.004863899999918431
Mk01-11-0,Mk01,11,0,0.25,14,6,8,3,S,0.25-N6-b8,1714093184611278947,3.500000002532033e-05,6,1,0,0,5,7,0.0,0.0,0.0,0.004520699999943645
Mk01-11-0,Mk01,11,0,0.25,14,6,8,3,A,0.25-N6-b8,1714093184611278947,3.170000002228335e-05,7,0,7,0,0,7,0.0,0.0,0.0,0.0042987000000493936
Mk01-11-0,Mk01,11,0,0.25,14,6,8,3,C,0.25-N6-b8,1714093184611278947,2.7700000032382377e-05,6,1,0,0,5,7,0.0,0.0,0.0,0.004850500000088687
Mk01-11-0,Mk01,11,0,0.5,28,1,4,0,R0,0.5-N1-b4,9004927274615665339,3.9099999980862776e-05,160,3,156,1,0,3,0.010683204983386927,0.0035610683277956423,0.002670801245846732,0.006504399999926136
Mk01-11-0,Mk01,11,0,0.5,28,1,4,0,R1,0.5-N1-b4,9004927274615665339,5.03999999637017e-05,160,1,158,1,0,1,0.007436320628836252,0.007436320628836252,0.001859080157209063,0.004736400000069807
Mk01-11-0,Mk01,11,0,0.5,28,1,4,0,S,0.5-N1-b4,9004927274615665339,2.5800000003073364e-05,160,3,156,1,0,3,0.0,0.0,0.0,0.008053900000049907
Mk01-11-0,Mk01,11,0,0.5,28,1,4,0,A,0.5-N1-b4,9004927274615665339,3.59000000571541e-05,160,3,156,1,0,3,0.007436320628836252,0.0024787735429454174,0.001859080157209063,0.0063103999999611915
Mk01-11-0,Mk01,11,0,0.5,28,1,4,0,C,0.5-N1-b4,9004927274615665339,2.610000001368462e-05,160,3,156,1,0,3,0.0006459196306843554,0.0002153065435614518,0.00016147990767108886,0.00696159999995416
Mk01-11-0,Mk01,11,0,0.5,28,1,4,1,R0,0.5-N1-b4,4665211676204438064,3.5200000070290116e-05,160,2,158,0,0,2,0.0,0.0,0.0,0.005497200000036173
Mk01-11-0,Mk01,11,0,0.5,28,1,4,1,R1,0.5-N1-b4,4665211676204438064,4.679999995005346e-05,158,4,154,0,0,4,0.0,0.0,0.0,0.007184800000004543
Mk01-11-0,Mk01,11,0,0.5,28,1,4,1,S,0.5-N1-b4,4665211676204438064,2.7700000032382377e-05,108,4,104,0,0,4,0.0,0.0,0.0,0.006313399999953617
Mk01-11-0,Mk01,11,0,0.5,28,1,4,1,A,0.5-N1-b4,4665211676204438064,3.2899999951041536e-05,160,1,159,0,0,1,0.0011228769872860828,0.0011228769872860828,0.0002807192468215207,0.004670499999974709
Mk01-11-0,Mk01,11,0,0.5,28,1,4,1,C,0.5-N1-b4,4665211676204438064,2.4899999971239595e-05,83,4,79,0,0,4,0.0,0.0,0.0,0.005250199999977667
Mk01-11-0,Mk01,11,0,0.5,28,1,4,2,R0,0.5-N1-b4,11300674901512391320,3.270000001975859e-05,160,2,155,2,1,2,0.01011055952845553,0.005055279764227765,0.0025276398821138823,0.00602430000003551
Mk01-11-0,Mk01,11,0,0.5,28,1,4,2,R1,0.5-N1-b4,11300674901512391320,5.440000006728951e-05,160,2,155,2,1,2,0.01011055952845553,0.005055279764227765,0.0025276398821138823,0.005403999999998632
Mk01-11-0,Mk01,11,0,0.5,28,1,4,2,S,0.5-N1-b4,11300674901512391320,2.6000000048043148e-05,160,3,155,2,0,3,0.0,0.0,0.0,0.006903100000045015
Mk01-11-0,Mk01,11,0,0.5,28,1,4,2,A,0.5-N1-b4,11300674901512391320,3.659999993033125e-05,160,3,155,2,0,3,0.0,0.0,0.0,0.006667699999979959
Mk01-11-0,Mk01,11,0,0.5,28,1,4,2,C,0.5-N1-b4,11300674901512391320,3.3300000040981104e-05,138,4,133,1,0,4,0.0,0.0,0.0,0.006875299999933304
Mk01-11-0,Mk01,11,0,0.5,28,1,4,3,R0,0.5-N1-b4,16813156649113422739,3.409999999348656e-05,138,4,134,0,0,4,0.0049302526443713805,0.0012325631610928451,0.0012325631610928451,0.007013500000084605
Mk01-11-0,Mk01,11,0,0.5,28,1,4,3,R1,0.5-N1-b4,16813156649113422739,5.659999999352294e-05,110,4,106,0,0,4,0.0011228769872860828,0.0002807192468215207,0.0002807192468215207,0.007350100000053317
Mk01-11-0,Mk01,11,0,0.5,28,1,4,3,S,0.5-N1-b4,16813156649113422739,3.7300000030882074e-05,160,2,158,0,0,2,0.0,0.0,0.0,0.006081699999981538
Mk01-11-0,Mk01,11,0,0.5,28,1,4,3,A,0.5-N1-b4,16813156649113422739,4.069999999956053e-05,91,4,87,0,0,4,0.0003584575536664369,8.961438841660922e-05,8.961438841660922e-05,0.0057840999999143605
Mk01-11-0,Mk01,11,0,0.5,28,1,4,3,C,0.5-N1-b4,16813156649113422739,3.159999994295504e-05,91,4,87,0,0,4,0.0003584575536664369,8.961438841660922e-05,8.961438841660922e-05,0.005572799999981726
Mk01-11-0,Mk01,11,0,0.5,28,1,8,0,R0,0.5-N1-b8,9004927274615665339,3.4700000014709076e-05,320,5,312,3,0,5,0.010683204983386927,0.0021366409966773856,0.001335400622923366,0.012440200000014556
Mk01-11-0,Mk01,11,0,0.5,28,1,8,0,R1,0.5-N1-b8,9004927274615665339,7.870000001730659e-05,320,1,315,3,1,1,0.007436320628836252,0.007436320628836252,0.0009295400786045315,0.00979019999999764
Mk01-11-0,Mk01,11,0,0.5,28,1,8,0,S,0.5-N1-b8,9004927274615665339,3.839999999399879e-05,320,4,313,3,0,4,0.0,0.0,0.0,0.011380600000052254
Mk01-11-0,Mk01,11,0,0.5,28,1,8,0,A,0.5-N1-b8,9004927274615665339,5.710000004910398e-05,320,5,311,3,1,5,0.01047906578240688,0.002095813156481376,0.00130988322280086,0.012132999999948879
Mk01-11-0,Mk01,11,0,0.5,28,1,8,0,C,0.5-N1-b8,9004927274615665339,3.340000000662258e-05,320,5,312,3,0,5,0.0006459196306843554,0.00012918392613687108,8.073995383554443e-05,0.012229900000079397
Mk01-11-0,Mk01,11,0,0.5,28,1,8,1,R0,0.5-N1-b8,4665211676204438064,3.440000000409782e-05,320,6,314,0,0,6,0.0,0.0,0.0,0.01358299999992596
Mk01-11-0,Mk01,11,0,0.5,28,1,8,1,R1,0.5-N1-b8,4665211676204438064,5.7999999967250915e-05,260,8,251,0,1,8,0.0,0.0,0.0,0.014112599999975828
Mk01-11-0,Mk01,11,0,0.5,28,1,8,1,S,0.5-N1-b8,4665211676204438064,3.8199999949029007e-05,320,5,313,0,2,5,0.0,0.0,0.0,0.013020599999890692
Mk01-11-0,Mk01,11,0,0.5,28,1,8,1,A,0.5-N1-b8,4665211676204438064,8.449999995718827e-05,320,3,317,0,0,3,0.0011228769872860828,0.00037429232909536096,0.00014035962341076035,0.011203099999988808
Mk01-11-0,Mk01,11,0,0.5,28,1,8,1,C,0.5-N1-b8,4665211676204438064,3.759999992780649e-05,320,7,311,0,2,7,0.0,0.0,0.0,0.013888499999893611
Mk01-11-0,Mk01,11,0,0.5,28,1,8,2,R0,0.5-N1-b8,11300674901512391320,3.530000003593159e-05,320,4,312,2,2,4,0.01011055952845553,0.0025276398821138823,0.0012638199410569412,0.011694799999986571
Mk01-11-0,Mk01,11,0,0.5,28,1,8,2,R1,0.5-N1-b8,11300674901512391320,5.859999998847343e-05,320,4,312,2,2,4,0.01011055952845553,0.0025276398821138823,0.0012638199410569412,0.011756699999978082
Mk01-11-0,Mk01,11,0,0.5,28,1,8,2,S,0.5-N1-b8,11300674901512391320,4.100000001017179e-05,320,5,313,2,0,5,0.0,0.0,0.0,0.011935300000004645
Mk01-11-0,Mk01,11,0,0.5,28,1,8,2,A,0.5-N1-b8,11300674901512391320,3.319999996165279e-05,320,6,311,2,1,6,0.0,0.0,0.0,0.013354100000015023
Mk01-11-0,Mk01,11,0,0.5,28,1,8,2,C,0.5-N1-b8,11300674901512391320,3.5099999990961805e-05,320,7,310,2,1,7,0.0049302526443713805,0.0007043218063387686,0.0006162815805464226,0.013812099999995553
Mk01-11-0,Mk01,11,0,0.5,28,1,8,3,R0,0.5-N1-b8,16813156649113422739,3.8600000038968574e-05,320,5,314,0,1,5,0.0049302526443713805,0.000986050528874276,0.0006162815805464226,0.012733899999943787
Mk01-11-0,Mk01,11,0,0.5,28,1,8,3,R1,0.5-N1-b8,16813156649113422739,6.369999994149111e-05,320,6,313,0,1,6,0.014882374572723829,0.002480395762120638,0.0018602968215904786,0.012947100000019418
Mk01-11-0,Mk01,11,0,0.5,28,1,8,3,S,0.5-N1-b8,16813156649113422739,3.879999997025152e-05,320,5,314,0,1,5,0.0,0.0,0.0,0.011680700000056277
Mk01-11-0,Mk01,11,0,0.5,28,1,8,3,A,0.5-N1-b8,16813156649113422739,2.949999998236308e-05,281,8,273,0,0,8,0.011890702149913118,0.0014863377687391397,0.0014863377687391397,0.013916100000074039
Mk01-11-0,Mk01,11,0,0.5,28,1,8,3,C,0.5-N1-b8,16813156649113422739,3.5899999943467265e-05,188,8,180,0,0,8,0.0049302526443713805,0.0006162815805464226,0.0006162815805464226,0.01141070000005584
Mk01-11-0,Mk01,11,0,0.5,28,2,4,0,R0,0.5-N2-b4,11967880827710521954,3.660000004401809e-05,160,0,159,1,0,0,0.0,,0.0,0.005615800000100535
Mk01-11-0,Mk01,11,0,0.5,28,2,4,0,R1,0.5-N2-b4,11967880827710521954,4.930000000058499e-05,160,0,159,1,0,0,0.0,,0.0,0.006042299999990064
Mk01-11-0,Mk01,11,0,0.5,28,2,4,0,S,0.5-N2-b4,11967880827710521954,4.0900000044530316e-05,160,0,159,1,0,0,0.0,,0.0,0.00516990000005535
Mk01-11-0,Mk01,11,0,0.5,28,2,4,0,A,0.5-N2-b4,11967880827710521954,2.910000000611035e-05,160,0,159,1,0,0,0.0,,0.0,0.0050631999999950494
Mk01-11-0,Mk01,11,0,0.5,28,2,4,0,C,0.5-N2-b4,11967880827710521954,2.4499999994986865e-05,160,0,159,1,0,0,0.0,,0.0,0.006095600000094237
Mk01-11-0,Mk01,11,0,0.5,28,2,4,1,R0,0.5-N2-b4,17404966065942534083,3.5899999943467265e-05,160,0,160,0,0,0,0.0,,0.0,0.005120900000065376
Mk01-11-0,Mk01,11,0,0.5,28,2,4,1,R1,0.5-N2-b4,17404966065942534083,4.9200000034943514e-05,160,0,160,0,0,0,0.0,,0.0,0.0051491000000396525
Mk01-11-0,Mk01,11,0,0.5,28,2,4,1,S,0.5-N2-b4,17404966065942534083,2.7300000056129647e-05,160,0,160,0,0,0,0.0,,0.0,0.005661699999905068
Mk01-11-0,Mk01,11,0,0.5,28,2,4,1,A,0.5-N2-b4,17404966065942534083,3.8599999925281736e-05,160,0,160,0,0,0,0.0,,0.0,0.0052857000000585685
Mk01-11-0,Mk01,11,0,0.5,28,2,4,1,C,0.5-N2-b4,17404966065942534083,3.0100000003585592e-05,160,0,160,0,0,0,0.0,,0.0,0.005200999999942724
Mk01-11-0,Mk01,11,0,0.5,28,2,4,2,R0,0.5-N2-b4,4513112434581541846,3.1100000001060835e-05,160,0,160,0,0,0,0.0,,0.0,0.005500199999914912
Mk01-11-0,Mk01,11,0,0.5,28,2,4,2,R1,0.5-N2-b4,4513112434581541846,5.729999998038693e-05,160,2,158,0,0,2,0.017160816360563963,0.008580408180281981,0.004290204090140991,0.006876300000044466
Mk01-11-0,Mk01,11,0,0.5,28,2,4,2,S,0.5-N2-b4,4513112434581541846,3.079999999044958e-05,160,1,159,0,0,1,0.0,0.0,0.0,0.006444699999974546
Mk01-11-0,Mk01,11,0,0.5,28,2,4,2,A,0.5-N2-b4,4513112434581541846,3.340000000662258e-05,160,0,160,0,0,0,0.0,,0.0,0.006129800000053365
Mk01-11-0,Mk01,11,0,0.5,28,2,4,2,C,0.5-N2-b4,4513112434581541846,3.839999999399879e-05,160,1,159,0,0,1,0.0,0.0,0.0,0.006463700000040262
Mk01-11-0,Mk01,11,0,0.5,28,2,4,3,R0,0.5-N2-b4,8474746182207735500,3.349999997226405e-05,160,1,159,0,0,1,0.0,0.0,0.0,0.007049100000017461
Mk01-11-0,Mk01,11,0,0.5,28,2,4,3,R1,0.5-N2-b4,8474746182207735500,0.0001068000000259417,160,0,160,0,0,0,0.0,,0.0,0.005968899999970745
Mk01-11-0,Mk01,11,0,0.5,28,2,4,3,S,0.5-N2-b4,8474746182207735500,3.830000002835732e-05,160,0,160,0,0,0,0.0,,0.0,0.005785500000001775
Mk01-11-0,Mk01,11,0,0.5,28,2,4,3,A,0.5-N2-b4,8474746182207735500,5.459999999857246e-05,160,1,159,0,0,1,0.0,0.0,0.0,0.006961000000046624
Mk01-11-0,Mk01,11,0,0.5,28,2,4,3,C,0.5-N2-b4,8474746182207735500,3.489999994599202e-05,160,2,158,0,0,2,0.0060229014064317864,0.0030114507032158932,0.0015057253516079466,0.007135800000014569
Mk01-11-0,Mk01,11,0,0.5,28,2,8,0,R0,0.5-N2-b8,11967880827710521954,3.6000000022795575e-05,320,0,318,2,0,0,0.0,,0.0,0.010663099999987935
Mk01-11-0,Mk01,11,0,0.5,28,2,8,0,R1,0.5-N2-b8,11967880827710521954,5.9799999917231617e-05,320,0,318,2,0,0,0.0,,0.0,0.010709300000030453
Mk01-11-0,Mk01,11,0,0.5,28,2,8,0,S,0.5-N2-b8,11967880827710521954,5.95000000203072e-05,320,0,318,2,0,0,0.0,,0.0,0.010380400000030932
Mk01-11-0,Mk01,11,0,0.5,28,2,8,0,A,0.5-N2-b8,11967880827710521954,3.879999997025152e-05,320,0,318,2,0,0,0.0,,0.0,0.011040400000069894
Mk01-11-0,Mk01,11,0,0.5,28,2,8,0,C,0.5-N2-b8,11967880827710521954,3.709999998591229e-05,320,1,317,2,0,1,0.0,0.0,0.0,0.011971899999934976
Mk01-11-0,Mk01,11,0,0.5,28,2,8,1,R0,0.5-N2-b8,17404966065942534083,5.329999999048596e-05,320,0,320,0,0,0,0.0,,0.0,0.010684699999956138
Mk01-11-0,Mk01,11,0,0.5,28,2,8,1,R1,0.5-N2-b8,17404966065942534083,5.0600000008671486e-05,320,0,320,0,0,0,0.0,,0.0,0.010680799999931878
Mk01-11-0,Mk01,11,0,0.5,28,2,8,1,S,0.5-N2-b8,17404966065942534083,3.920000006019109e-05,320,0,320,0,0,0,0.0,,0.0,0.010120400000005247
Mk01-11-0,Mk01,11,0,0.5,28,2,8,1,A,0.5-N2-b8,17404966065942534083,3.000000003794412e-05,320,0,320,0,0,0,0.0,,0.0,0.010536100000081206
Mk01-11-0,Mk01,11,0,0.5,28,2,8,1,C,0.5-N2-b8,17404966065942534083,3.670000000965956e-05,320,0,320,0,0,0,0.0,,0.0,0.010658100000000559
Mk01-11-0,Mk01,11,0,0.5,28,2,8,2,R0,0.5-N2-b8,4513112434581541846,3.4800000094037387e-05,320,0,320,0,0,0,0.0,,0.0,0.01031999999997879
Mk01-11-0,Mk01,11,0,0.5,28,2,8,2,R1,0.5-N2-b8,4513112434581541846,5.3099999945516174e-05,320,3,317,0,0,3,0.017160816360563963,0.005720272120187987,0.0021451020450704954,0.013328800000067531
Mk01-11-0,Mk01,11,0,0.5,28,2,8,2,S,0.5-N2-b8,4513112434581541846,3.5499999967214535e-05,320,1,319,0,0,1,0.0,0.0,0.0,0.012219200000004093
Mk01-11-0,Mk01,11,0,0.5,28,2,8,2,A,0.5-N2-b8,4513112434581541846,4.020000005766633e-05,320,0,320,0,0,0,0.0,,0.0,0.010809900000026573
Mk01-11-0,Mk01,11,0,0.5,28,2,8,2,C,0.5-N2-b8,4513112434581541846,3.800000001774606e-05,320,2,318,0,0,2,0.004232172941986349,0.0021160864709931747,0.0005290216177482937,0.011906000000067252
Mk01-11-0,Mk01,11,0,0.5,28,2,8,3,R0,0.5-N2-b8,8474746182207735500,3.2400000009147334e-05,320,1,319,0,0,1,0.0,0.0,0.0,0.012467700000001969
Mk01-11-0,Mk01,11,0,0.5,28,2,8,3,R1,0.5-N2-b8,8474746182207735500,5.8799999919756374e-05,320,1,319,0,0,1,0.0,0.0,0.0,0.01169640000000527
Mk01-11-0,Mk01,11,0,0.5,28,2,8,3,S,0.5-N2-b8,8474746182207735500,3.4199999959128036e-05,320,0,320,0,0,0,0.0,,0.0,0.01063679999992928
Mk01-11-0,Mk01,11,0,0.5,28,2,8,3,A,0.5-N2-b8,8474746182207735500,2.859999995052931e-05,320,1,319,0,0,1,0.0,0.0,0.0,0.011545299999966119
Mk01-11-0,Mk01,11,0,0.5,28,2,8,3,C,0.5-N2-b8,8474746182207735500,3.2400000009147334e-05,320,2,318,0,0,2,0.0060229014064317864,0.0030114507032158932,0.0007528626758039733,0.012522499999931824
Mk01-11-0,Mk01,11,0,0.5,28,3,4,0,R0,0.5-N3-b4,17814125385996463602,3.5099999990961805e-05,11,4,6,0,1,4,0.006174920566609577,0.0015437301416523943,0.0015437301416523943,0.0035986999999977343
Mk01-11-0,Mk01,11,0,0.5,28,3,4,0,R1,0.5-N3-b4,17814125385996463602,4.9700000090524554e-05,9,4,4,0,1,4,0.0019314945852898294,0.00048287364632245734,0.00048287364632245734,0.0034344000000601227
Mk01-11-0,Mk01,11,0,0.5,28,3,4,0,S,0.5-N3-b4,17814125385996463602,2.5899999968714837e-05,8,4,4,0,0,4,0.002729671672021764,0.000682417918005441,0.000682417918005441,0.0038733999999749358
Mk01-11-0,Mk01,11,0,0.5,28,3,4,0,A,0.5-N3-b4,17814125385996463602,4.1300000020783045e-05,5,4,0,0,1,4,0.002729671672021764,0.000682417918005441,0.000682417918005441,0.003470600000014201
Mk01-11-0,Mk01,11,0,0.5,28,3,4,0,C,0.5-N3-b4,17814125385996463602,3.15000000910004e-05,6,4,1,0,1,4,0.002729671672021764,0.000682417918005441,0.000682417918005441,0.0033260000000154832
Mk01-11-0,Mk01,11,0,0.5,28,3,4,1,R0,0.5-N3-b4,7248137144401665685,3.409999999348656e-05,11,4,7,0,0,4,0.006930726578429991,0.0017326816446074978,0.0017326816446074978,0.003509899999926347
Mk01-11-0,Mk01,11,0,0.5,28,3,4,1,R1,0.5-N3-b4,7248137144401665685,4.4400000092537084e-05,7,4,3,0,0,4,0.008909333970834024,0.002227333492708506,0.002227333492708506,0.003328100000089762
Mk01-11-0,Mk01,11,0,0.5,28,3,4,1,S,0.5-N3-b4,7248137144401665685,5.2800000048591755e-05,7,4,3,0,0,4,0.01052391794799608,0.00263097948699902,0.00263097948699902,0.00356540000007044
Mk01-11-0,Mk01,11,0,0.5,28,3,4,1,A,0.5-N3-b4,7248137144401665685,3.209999999853608e-05,6,4,2,0,0,4,0.01052391794799608,0.00263097948699902,0.00263097948699902,0.003358199999979661
Mk01-11-0,Mk01,11,0,0.5,28,3,4,1,C,0.5-N3-b4,7248137144401665685,2.6199999979326094e-05,9,4,5,0,0,4,0.01052391794799608,0.00263097948699902,0.00263097948699902,0.0034680999999636697
Mk01-11-0,Mk01,11,0,0.5,28,3,4,2,R0,0.5-N3-b4,16181915777285660203,3.2400000009147334e-05,9,4,5,0,0,4,0.012015149438089673,0.0030037873595224183,0.0030037873595224183,0.0035548999999264197
Mk01-11-0,Mk01,11,0,0.5,28,3,4,2,R1,0.5-N3-b4,16181915777285660203,4.780000006121554e-05,8,4,4,0,0,4,0.0019314945852898294,0.00048287364632245734,0.00048287364632245734,0.003694700000096418
Mk01-11-0,Mk01,11,0,0.5,28,3,4,2,S,0.5-N3-b4,16181915777285660203,5.149999992681842e-05,13,4,8,0,1,4,0.0011604193257343867,0.0002901048314335967,0.0002901048314335967,0.00356299999998555
Mk01-11-0,Mk01,11,0,0.5,28,3,4,2,A,0.5-N3-b4,16181915777285660203,2.8899999961140566e-05,14,4,10,0,0,4,0.01052391794799608,0.00263097948699902,0.00263097948699902,0.0035199999999804277
Mk01-11-0,Mk01,11,0,0.5,28,3,4,2,C,0.5-N3-b4,16181915777285660203,2.5800000003073364e-05,8,4,4,0,0,4,0.0019314945852898294,0.00048287364632245734,0.00048287364632245734,0.0034254999999348
Mk01-11-0,Mk01,11,0,0.5,28,3,4,3,R0,0.5-N3-b4,5819181767317613459,4.8300000003109744e-05,9,4,5,0,0,4,0.006078353678518918,0.0015195884196297295,0.0015195884196297295,0.0038039999999455176
Mk01-11-0,Mk01,11,0,0.5,28,3,4,3,R1,0.5-N3-b4,5819181767317613459,5.569999996168917e-05,7,4,2,0,1,4,0.00974901789125428,0.00243725447281357,0.00243725447281357,0.0034505999999510095
Mk01-11-0,Mk01,11,0,0.5,28,3,4,3,S,0.5-N3-b4,5819181767317613459,2.7499999987412593e-05,10,4,6,0,0,4,0.004609807423080276,0.001152451855770069,0.001152451855770069,0.003452600000059647
Mk01-11-0,Mk01,11,0,0.5,28,3,4,3,A,0.5-N3-b4,5819181767317613459,2.6199999979326094e-05,9,4,5,0,0,4,0.006078353678518918,0.0015195884196297295,0.0015195884196297295,0.0034225000000560613
Mk01-11-0,Mk01,11,0,0.5,28,3,4,3,C,0.5-N3-b4,5819181767317613459,2.510000001620938e-05,11,4,7,0,0,4,0.003485477683842178,0.0008713694209605445,0.0008713694209605445,0.003936700000053861
Mk01-11-0,Mk01,11,0,0.5,28,3,8,0,R0,0.5-N3-b8,17814125385996463602,3.790000005210459e-05,23,8,10,0,5,8,0.006174920566609577,0.0007718650708261972,0.0007718650708261972,0.007257200000026387
Mk01-11-0,Mk01,11,0,0.5,28,3,8,0,R1,0.5-N3-b8,17814125385996463602,5.569999996168917e-05,19,8,8,0,3,8,0.0019314945852898294,0.00024143682316122867,0.00024143682316122867,0.007084399999939706
Mk01-11-0,Mk01,11,0,0.5,28,3,8,0,S,0.5-N3-b8,17814125385996463602,3.089999995609105e-05,18,8,9,0,1,8,0.006930726578429991,0.0008663408223037489,0.0008663408223037489,0.007499399999915113
Mk01-11-0,Mk01,11,0,0.5,28,3,8,0,A,0.5-N3-b8,17814125385996463602,3.5200000070290116e-05,9,8,0,0,1,8,0.002729671672021764,0.0003412089590027205,0.0003412089590027205,0.00659409999991567
Mk01-11-0,Mk01,11,0,0.5,28,3,8,0,C,0.5-N3-b8,17814125385996463602,2.7300000056129647e-05,15,8,4,0,3,8,0.003485477683842178,0.00043568471048027226,0.00043568471048027226,0.007371700000021519
Mk01-11-0,Mk01,11,0,0.5,28,3,8,1,R0,0.5-N3-b8,7248137144401665685,3.579999997782579e-05,28,8,17,0,3,8,0.006930726578429991,0.0008663408223037489,0.0008663408223037489,0.0071573000000171305
Mk01-11-0,Mk01,11,0,0.5,28,3,8,1,R1,0.5-N3-b8,7248137144401665685,5.03999999637017e-05,16,8,7,0,1,8,0.008909333970834024,0.001113666746354253,0.001113666746354253,0.007369499999981599
Mk01-11-0,Mk01,11,0,0.5,28,3,8,1,S,0.5-N3-b8,7248137144401665685,3.620000006776536e-05,17,8,8,0,1,8,0.01052391794799608,0.00131548974349951,0.00131548974349951,0.006884000000013657
Mk01-11-0,Mk01,11,0,0.5,28,3,8,1,A,0.5-N3-b8,7248137144401665685,2.8399999905559525e-05,13,8,3,0,2,8,0.01052391794799608,0.00131548974349951,0.00131548974349951,0.007240300000034949
Mk01-11-0,Mk01,11,0,0.5,28,3,8,1,C,0.5-N3-b8,7248137144401665685,3.500000002532033e-05,22,8,13,0,1,8,0.01052391794799608,0.00131548974349951,0.00131548974349951,0.007039499999905274
Mk01-11-0,Mk01,11,0,0.5,28,3,8,2,R0,0.5-N3-b8,16181915777285660203,3.519999995660328e-05,25,8,15,0,2,8,0.013273249645381442,0.0016591562056726802,0.0016591562056726802,0.0074390999999423
Mk01-11-0,Mk01,11,0,0.5,28,3,8,2,R1,0.5-N3-b8,16181915777285660203,6.12999999702879e-05,18,8,9,0,1,8,0.005296511470358365,0.0006620639337947957,0.0006620639337947957,0.007071699999983139
Mk01-11-0,Mk01,11,0,0.5,28,3,8,2,S,0.5-N3-b8,16181915777285660203,3.140000001167209e-05,18,8,9,0,1,8,0.01052391794799608,0.00131548974349951,0.00131548974349951,0.006940799999938463
Mk01-11-0,Mk01,11,0,0.5,28,3,8,2,A,0.5-N3-b8,16181915777285660203,2.7899999963665323e-05,24,8,13,0,3,8,0.012486434605616431,0.001560804325702054,0.001560804325702054,0.007551600000056169
Mk01-11-0,Mk01,11,0,0.5,28,3,8,2,C,0.5-N3-b8,16181915777285660203,3.449999996973929e-05,18,8,9,0,1,8,0.01052391794799608,0.00131548974349951,0.00131548974349951,0.006960000000049149
Mk01-11-0,Mk01,11,0,0.5,28,3,8,3,R0,0.5-N3-b8,5819181767317613459,3.449999996973929e-05,17,8,8,0,1,8,0.006078353678518918,0.0007597942098148648,0.0007597942098148648,0.007788000000005013
Mk01-11-0,Mk01,11,0,0.5,28,3,8,3,R1,0.5-N3-b8,5819181767317613459,5.659999999352294e-05,19,8,9,0,2,8,0.01371055891282257,0.0017138198641028213,0.0017138198641028213,0.0068182999999635285
Mk01-11-0,Mk01,11,0,0.5,28,3,8,3,S,0.5-N3-b8,5819181767317613459,2.819999997427658e-05,18,8,9,0,1,8,0.004609807423080276,0.0005762259278850345,0.0005762259278850345,0.0072513999999728185
Mk01-11-0,Mk01,11,0,0.5,28,3,8,3,A,0.5-N3-b8,5819181767317613459,3.519999995660328e-05,20,8,12,0,0,8,0.006078353678518918,0.0007597942098148648,0.0007597942098148648,0.006955999999945561
Mk01-11-0,Mk01,11,0,0.5,28,3,8,3,C,0.5-N3-b8,5819181767317613459,2.7700000032382377e-05,25,8,16,0,1,8,0.003485477683842178,0.00043568471048027226,0.00043568471048027226,0.009236900000018977
Mk01-11-0,Mk01,11,0,0.5,28,4,4,0,R0,0.5-N4-b4,12006023748776961783,7.21999999768741e-05,2,1,1,0,0,3,0.0,0.0,0.0,0.0024499000001014792
Mk01-11-0,Mk01,11,0,0.5,28,4,4,0,R1,0.5-N4-b4,12006023748776961783,4.8400000082438055e-05,2,2,0,0,0,4,0.002729671672021764,0.000682417918005441,0.000682417918005441,0.0031868999999460357
Mk01-11-0,Mk01,11,0,0.5,28,4,4,0,S,0.5-N4-b4,12006023748776961783,2.7300000056129647e-05,2,1,1,0,0,3,0.002729671672021764,0.0009098905573405881,0.000682417918005441,0.0021044000000074448
Mk01-11-0,Mk01,11,0,0.5,28,4,4,0,A,0.5-N4-b4,12006023748776961783,2.7600000066740904e-05,2,1,1,0,0,3,0.002729671672021764,0.0009098905573405881,0.000682417918005441,0.002083399999946778
Mk01-11-0,Mk01,11,0,0.5,28,4,4,0,C,0.5-N4-b4,12006023748776961783,5.569999996168917e-05,2,1,1,0,0,3,0.002729671672021764,0.0009098905573405881,0.000682417918005441,0.0021389999999428255
Mk01-11-0,Mk01,11,0,0.5,28,4,4,1,R0,0.5-N4-b4,4542534880722964269,3.660000004401809e-05,2,1,1,0,0,3,0.0019158510000342674,0.0006386170000114225,0.00047896275000856685,0.0021037999999862222
Mk01-11-0,Mk01,11,0,0.5,28,4,4,1,R1,0.5-N4-b4,4542534880722964269,4.8800000058690784e-05,2,1,1,0,0,3,0.0,0.0,0.0,0.0021217999999407766
Mk01-11-0,Mk01,11,0,0.5,28,4,4,1,S,0.5-N4-b4,4542534880722964269,2.5499999992462108e-05,2,2,0,0,0,4,0.0019158510000342674,0.00047896275000856685,0.00047896275000856685,0.0028166999999257314
Mk01-11-0,Mk01,11,0,0.5,28,4,4,1,A,0.5-N4-b4,4542534880722964269,2.5400000026820635e-05,3,1,2,0,0,4,0.002729671672021764,0.000682417918005441,0.000682417918005441,0.0025314000000662418
Mk01-11-0,Mk01,11,0,0.5,28,4,4,1,C,0.5-N4-b4,4542534880722964269,2.419999998437561e-05,2,1,1,0,0,3,0.0,0.0,0.0,0.001957699999934448
Mk01-11-0,Mk01,11,0,0.5,28,4,4,2,R0,0.5-N4-b4,11172697977574680415,2.9199999971751822e-05,2,2,0,0,0,4,0.0,0.0,0.0,0.003128000000060638
Mk01-11-0,Mk01,11,0,0.5,28,4,4,2,R1,0.5-N4-b4,11172697977574680415,6.0200000007171184e-05,2,1,1,0,0,3,0.0,0.0,0.0,0.002163900000027752
Mk01-11-0,Mk01,11,0,0.5,28,4,4,2,S,0.5-N4-b4,11172697977574680415,2.7499999987412593e-05,2,2,0,0,0,4,0.0,0.0,0.0,0.0027487999999493695
Mk01-11-0,Mk01,11,0,0.5,28,4,4,2,A,0.5-N4-b4,11172697977574680415,2.6800000000548607e-05,3,0,3,0,0,3,0.0,0.0,0.0,0.001762900000016998
Mk01-11-0,Mk01,11,0,0.5,28,4,4,2,C,0.5-N4-b4,11172697977574680415,2.369999992879457e-05,2,2,0,0,0,4,0.0,0.0,0.0,0.002739499999961481
Mk01-11-0,Mk01,11,0,0.5,28,4,4,3,R0,0.5-N4-b4,6977722923399936883,3.570000001218432e-05,2,1,1,0,0,3,0.0,0.0,0.0,0.002008200000091165
Mk01-11-0,Mk01,11,0,0.5,28,4,4,3,R1,0.5-N4-b4,6977722923399936883,4.5300000010684016e-05,2,1,1,0,0,3,0.0,0.0,0.0,0.0020369000000073356
Mk01-11-0,Mk01,11,0,0.5,28,4,4,3,S,0.5-N4-b4,6977722923399936883,2.5499999992462108e-05,2,2,0,0,0,4,0.0019158510000342674,0.00047896275000856685,0.00047896275000856685,0.0034343000000944812
Mk01-11-0,Mk01,11,0,0.5,28,4,4,3,A,0.5-N4-b4,6977722923399936883,3.760000004149333e-05,3,0,3,0,0,3,0.0,0.0,0.0,0.002119600000014543
Mk01-11-0,Mk01,11,0,0.5,28,4,4,3,C,0.5-N4-b4,6977722923399936883,2.610000001368462e-05,2,1,1,0,0,3,0.0,0.0,0.0,0.0019545000000107393
Mk01-11-0,Mk01,11,0,0.5,28,4,8,0,R0,0.5-N4-b8,12006023748776961783,3.2400000009147334e-05,5,3,2,0,0,8,0.01052391794799608,0.00131548974349951,0.00131548974349951,0.005331500000011147
Mk01-11-0,Mk01,11,0,0.5,28,4,8,0,R1,0.5-N4-b8,12006023748776961783,4.81000000718268e-05,4,3,1,0,0,7,0.002729671672021764,0.0003899530960031092,0.0003412089590027205,0.005121899999949164
Mk01-11-0,Mk01,11,0,0.5,28,4,8,0,S,0.5-N4-b8,12006023748776961783,3.309999999601132e-05,5,3,2,0,0,8,0.01052391794799608,0.00131548974349951,0.00131548974349951,0.0053930000000264045
Mk01-11-0,Mk01,11,0,0.5,28,4,8,0,A,0.5-N4-b8,12006023748776961783,2.8400000019246363e-05,5,2,3,0,0,7,0.01052391794799608,0.0015034168497137256,0.00131548974349951,0.0045314999999845895
Mk01-11-0,Mk01,11,0,0.5,28,4,8,0,C,0.5-N4-b8,12006023748776961783,2.729999994244281e-05,5,3,2,0,0,8,0.01052391794799608,0.00131548974349951,0.00131548974349951,0.005559599999969578
Mk01-11-0,Mk01,11,0,0.5,28,4,8,1,R0,0.5-N4-b8,4542534880722964269,3.779999997277628e-05,6,2,3,0,1,8,0.002284749064972485,0.0002855936331215606,0.0002855936331215606,0.005300900000065667
Mk01-11-0,Mk01,11,0,0.5,28,4,8,1,R1,0.5-N4-b8,4542534880722964269,6.60000000607397e-05,6,1,5,0,0,7,0.0,0.0,0.0,0.004341199999998935
Mk01-11-0,Mk01,11,0,0.5,28,4,8,1,S,0.5-N4-b8,4542534880722964269,2.6699999921220297e-05,4,4,0,0,0,8,0.0038540014112598605,0.00048175017640748256,0.00048175017640748256,0.005579200000056517
Mk01-11-0,Mk01,11,0,0.5,28,4,8,1,A,0.5-N4-b8,4542534880722964269,4.769999998188723e-05,6,2,4,0,0,8,0.002729671672021764,0.0003412089590027205,0.0003412089590027205,0.00539379999997891
Mk01-11-0,Mk01,11,0,0.5,28,4,8,1,C,0.5-N4-b8,4542534880722964269,3.259999994043028e-05,4,3,1,0,0,7,0.002729671672021764,0.0003899530960031092,0.0003412089590027205,0.0048087000000123226
Mk01-11-0,Mk01,11,0,0.5,28,4,8,2,R0,0.5-N4-b8,11172697977574680415,3.300000003036985e-05,4,3,1,0,0,7,0.0,0.0,0.0,0.004792299999962779
Mk01-11-0,Mk01,11,0,0.5,28,4,8,2,R1,0.5-N4-b8,11172697977574680415,4.5999999997548e-05,5,3,2,0,0,8,0.01052391794799608,0.00131548974349951,0.00131548974349951,0.005767500000047221
Mk01-11-0,Mk01,11,0,0.5,28,4,8,2,S,0.5-N4-b8,11172697977574680415,3.319999996165279e-05,4,3,1,0,0,7,0.01052391794799608,0.0015034168497137256,0.00131548974349951,0.004755900000077418
Mk01-11-0,Mk01,11,0,0.5,28,4,8,2,A,0.5-N4-b8,11172697977574680415,2.7199999976801337e-05,5,2,3,0,0,7,0.01052391794799608,0.0015034168497137256,0.00131548974349951,0.004561899999998786
Mk01-11-0,Mk01,11,0,0.5,28,4,8,2,C,0.5-N4-b8,11172697977574680415,2.4599999960628338e-05,4,3,1,0,0,7,0.01052391794799608,0.0015034168497137256,0.00131548974349951,0.005235400000060508
Mk01-11-0,Mk01,11,0,0.5,28,4,8,3,R0,0.5-N4-b8,6977722923399936883,3.390000006220362e-05,5,2,3,0,0,7,0.0011604193257343867,0.00016577418939062668,0.00014505241571679834,0.004530300000055831
Mk01-11-0,Mk01,11,0,0.5,28,4,8,3,R1,0.5-N4-b8,6977722923399936883,4.5999999997548e-05,5,3,2,0,0,8,0.01052391794799608,0.00131548974349951,0.00131548974349951,0.005360900000027868
Mk01-11-0,Mk01,11,0,0.5,28,4,8,3,S,0.5-N4-b8,6977722923399936883,2.7100000011159864e-05,4,3,1,0,0,7,0.002284749064972485,0.00032639272356749786,0.0002855936331215606,0.005248100000017075
Mk01-11-0,Mk01,11,0,0.5,28,4,8,3,A,0.5-N4-b8,6977722923399936883,3.429999992476951e-05,5,2,3,0,0,7,0.01052391794799608,0.0015034168497137256,0.00131548974349951,0.004573700000037206
Mk01-11-0,Mk01,11,0,0.5,28,4,8,3,C,0.5-N4-b8,6977722923399936883,2.7200000090488174e-05,5,3,2,0,0,8,0.01052391794799608,0.00131548974349951,0.00131548974349951,0.005360800000062227
Mk01-11-0,Mk01,11,0,0.5,28,5,4,0,R0,0.5-N5-b4,12592041864399361793,3.5899999943467265e-05,13,4,9,0,0,4,0.003936169920705257,0.0009840424801763142,0.0009840424801763142,0.003535700000043107
Mk01-11-0,Mk01,11,0,0.5,28,5,4,0,R1,0.5-N5-b4,12592041864399361793,0.00010020000001986773,7,4,3,0,0,4,0.01779583657935204,0.00444895914483801,0.00444895914483801,0.0036215999999740234
Mk01-11-0,Mk01,11,0,0.5,28,5,4,0,S,0.5-N5-b4,12592041864399361793,3.479999998035055e-05,8,4,4,0,0,4,0.01779583657935204,0.00444895914483801,0.00444895914483801,0.003334900000027119
Mk01-11-0,Mk01,11,0,0.5,28,5,4,0,A,0.5-N5-b4,12592041864399361793,3.0199999969227065e-05,7,4,3,0,0,4,0.000533745612300596,0.000133436403075149,0.000133436403075149,0.00348189999999704
Mk01-11-0,Mk01,11,0,0.5,28,5,4,0,C,0.5-N5-b4,12592041864399361793,3.519999995660328e-05,5,4,1,0,0,4,0.01779583657935204,0.00444895914483801,0.00444895914483801,0.003298299999983101
Mk01-11-0,Mk01,11,0,0.5,28,5,4,1,R0,0.5-N5-b4,11592858647478426900,3.540000000157306e-05,12,4,8,0,0,4,0.011820625440117949,0.002955156360029487,0.002955156360029487,0.0038387000000739135
Mk01-11-0,Mk01,11,0,0.5,28,5,4,1,R1,0.5-N5-b4,11592858647478426900,5.859999998847343e-05,11,4,7,0,0,4,0.011820625440117949,0.002955156360029487,0.002955156360029487,0.003407299999935276
Mk01-11-0,Mk01,11,0,0.5,28,5,4,1,S,0.5-N5-b4,11592858647478426900,3.320000007533963e-05,21,4,17,0,0,4,0.006670022084287035,0.0016675055210717588,0.0016675055210717588,0.003770200000076329
Mk01-11-0,Mk01,11,0,0.5,28,5,4,1,A,0.5-N5-b4,11592858647478426900,3.3300000040981104e-05,5,4,1,0,0,4,0.0066956143822584375,0.0016739035955646094,0.0016739035955646094,0.003344100000049366
Mk01-11-0,Mk01,11,0,0.5,28,5,4,1,C,0.5-N5-b4,11592858647478426900,2.870000002985762e-05,8,4,4,0,0,4,0.011820625440117949,0.002955156360029487,0.002955156360029487,0.003709300000082294
Mk01-11-0,Mk01,11,0,0.5,28,5,4,2,R0,0.5-N5-b4,15429908173578671583,4.020000005766633e-05,6,4,2,0,0,4,0.01232394390006515,0.0030809859750162874,0.0030809859750162874,0.0033779999999978827
Mk01-11-0,Mk01,11,0,0.5,28,5,4,2,R1,0.5-N5-b4,15429908173578671583,5.3600000001097214e-05,7,4,3,0,0,4,0.007827430563612089,0.0019568576409030223,0.0019568576409030223,0.0036017999999558015
Mk01-11-0,Mk01,11,0,0.5,28,5,4,2,S,0.5-N5-b4,15429908173578671583,3.400000002784509e-05,13,4,7,0,2,4,0.01232394390006515,0.0030809859750162874,0.0030809859750162874,0.003490400000032423
Mk01-11-0,Mk01,11,0,0.5,28,5,4,2,A,0.5-N5-b4,15429908173578671583,3.260000005411712e-05,10,4,6,0,0,4,0.01121537553577266,0.002803843883943165,0.002803843883943165,0.0034474999999929423
Mk01-11-0,Mk01,11,0,0.5,28,5,4,2,C,0.5-N5-b4,15429908173578671583,4.950000004555477e-05,6,4,2,0,0,4,0.01232394390006515,0.0030809859750162874,0.0030809859750162874,0.0042588000000023385
Mk01-11-0,Mk01,11,0,0.5,28,5,4,3,R0,0.5-N5-b4,16137212561311151985,3.659999993033125e-05,9,4,4,0,1,4,0.007827430563612089,0.0019568576409030223,0.0019568576409030223,0.0036916999999903055
Mk01-11-0,Mk01,11,0,0.5,28,5,4,3,R1,0.5-N5-b4,16137212561311151985,5.1799999937429675e-05,9,4,5,0,0,4,0.008965078509392392,0.002241269627348098,0.002241269627348098,0.003587999999922431
Mk01-11-0,Mk01,11,0,0.5,28,5,4,3,S,0.5-N5-b4,16137212561311151985,4.400000000259752e-05,8,4,4,0,0,4,0.008965078509392392,0.002241269627348098,0.002241269627348098,0.003364400000009482
Mk01-11-0,Mk01,11,0,0.5,28,5,4,3,A,0.5-N5-b4,16137212561311151985,5.599999997230043e-05,10,4,5,0,1,4,0.011820625440117949,0.002955156360029487,0.002955156360029487,0.00404439999999795
Mk01-11-0,Mk01,11,0,0.5,28,5,4,3,C,0.5-N5-b4,16137212561311151985,3.6399999999048305e-05,8,4,3,0,1,4,0.009717022359204597,0.0024292555898011493,0.0024292555898011493,0.0036513999999669977
Mk01-11-0,Mk01,11,0,0.5,28,5,8,0,R0,0.5-N5-b8,12592041864399361793,3.219999996417755e-05,20,8,12,0,0,8,0.013956756541783544,0.001744594567722943,0.001744594567722943,0.007581299999969815
Mk01-11-0,Mk01,11,0,0.5,28,5,8,0,R1,0.5-N5-b8,12592041864399361793,5.69000000041342e-05,22,8,12,0,2,8,0.01779583657935204,0.002224479572419005,0.002224479572419005,0.007839300000000549
Mk01-11-0,Mk01,11,0,0.5,28,5,8,0,S,0.5-N5-b8,12592041864399361793,3.440000000409782e-05,13,8,4,0,1,8,0.01779583657935204,0.002224479572419005,0.002224479572419005,0.006791000000021086
Mk01-11-0,Mk01,11,0,0.5,28,5,8,0,A,0.5-N5-b8,12592041864399361793,2.9300000051080133e-05,17,8,9,0,0,8,0.008896020046980346,0.0011120025058725432,0.0011120025058725432,0.007175299999971685
Mk01-11-0,Mk01,11,0,0.5,28,5,8,0,C,0.5-N5-b8,12592041864399361793,3.449999996973929e-05,12,8,3,0,1,8,0.01779583657935204,0.002224479572419005,0.002224479572419005,0.006703399999992143
Mk01-11-0,Mk01,11,0,0.5,28,5,8,1,R0,0.5-N5-b8,11592858647478426900,3.319999996165279e-05,20,8,11,0,1,8,0.011820625440117949,0.0014775781800147436,0.0014775781800147436,0.007265000000074906
Mk01-11-0,Mk01,11,0,0.5,28,5,8,1,R1,0.5-N5-b8,11592858647478426900,5.920000000969594e-05,17,8,9,0,0,8,0.011820625440117949,0.0014775781800147436,0.0014775781800147436,0.007389699999976074
Mk01-11-0,Mk01,11,0,0.5,28,5,8,1,S,0.5-N5-b8,11592858647478426900,3.300000003036985e-05,32,8,24,0,0,8,0.013956756541783544,0.001744594567722943,0.001744594567722943,0.0077953999999635926
Mk01-11-0,Mk01,11,0,0.5,28,5,8,1,A,0.5-N5-b8,11592858647478426900,3.519999995660328e-05,10,8,2,0,0,8,0.011820625440117949,0.0014775781800147436,0.0014775781800147436,0.006519199999956982
Mk01-11-0,Mk01,11,0,0.5,28,5,8,1,C,0.5-N5-b8,11592858647478426900,2.740000002177112e-05,27,8,19,0,0,8,0.011820625440117949,0.0014775781800147436,0.0014775781800147436,0.007647299999916868
Mk01-11-0,Mk01,11,0,0.5,28,5,8,2,R0,0.5-N5-b8,15429908173578671583,3.9100000094549614e-05,15,8,5,0,2,8,0.01232394390006515,0.0015404929875081437,0.0015404929875081437,0.006706400000098256
Mk01-11-0,Mk01,11,0,0.5,28,5,8,2,R1,0.5-N5-b8,15429908173578671583,5.390000001170847e-05,21,8,13,0,0,8,0.009129292693891391,0.001141161586736424,0.001141161586736424,0.0071376999999301916
Mk01-11-0,Mk01,11,0,0.5,28,5,8,2,S,0.5-N5-b8,15429908173578671583,4.03000000233078e-05,20,8,10,0,2,8,0.01232394390006515,0.0015404929875081437,0.0015404929875081437,0.0072000000000116415
Mk01-11-0,Mk01,11,0,0.5,28,5,8,2,A,0.5-N5-b8,15429908173578671583,3.6000000022795575e-05,21,8,12,0,1,8,0.01121537553577266,0.0014019219419715825,0.0014019219419715825,0.007103300000039781
Mk01-11-0,Mk01,11,0,0.5,28,5,8,2,C,0.5-N5-b8,15429908173578671583,3.609999998843705e-05,17,8,7,0,2,8,0.01232394390006515,0.0015404929875081437,0.0015404929875081437,0.007347699999968427
Mk01-11-0,Mk01,11,0,0.5,28,5,8,3,R0,0.5-N5-b8,16137212561311151985,3.6900000054629345e-05,17,8,8,0,1,8,0.01779583657935204,0.002224479572419005,0.002224479572419005,0.006900999999970736
Mk01-11-0,Mk01,11,0,0.5,28,5,8,3,R1,0.5-N5-b8,16137212561311151985,5.790000000160944e-05,24,8,16,0,0,8,0.010410952455073322,0.0013013690568841653,0.0013013690568841653,0.007476200000041899
Mk01-11-0,Mk01,11,0,0.5,28,5,8,3,S,0.5-N5-b8,16137212561311151985,3.609999998843705e-05,22,8,14,0,0,8,0.008965078509392392,0.001120634813674049,0.001120634813674049,0.00697360000003755
Mk01-11-0,Mk01,11,0,0.5,28,5,8,3,A,0.5-N5-b8,16137212561311151985,3.0300000048555376e-05,14,8,5,0,1,8,0.011820625440117949,0.0014775781800147436,0.0014775781800147436,0.007728399999905378
Mk01-11-0,Mk01,11,0,0.5,28,5,8,3,C,0.5-N5-b8,16137212561311151985,4.0799999965202005e-05,13,8,4,0,1,8,0.011820625440117949,0.0014775781800147436,0.0014775781800147436,0.006977900000038062
Mk01-11-0,Mk01,11,0,0.5,28,6,4,0,R0,0.5-N6-b4,3806273403396597192,5.080000005364127e-05,3,0,3,0,0,3,0.0,0.0,0.0,0.0018628000000262546
Mk01-11-0,Mk01,11,0,0.5,28,6,4,0,R1,0.5-N6-b4,3806273403396597192,4.73000000056345e-05,2,1,0,0,1,3,0.0,0.0,0.0,0.002463199999965582
Mk01-11-0,Mk01,11,0,0.5,28,6,4,0,S,0.5-N6-b4,3806273403396597192,7.730000004357862e-05,2,1,0,0,1,3,0.0,0.0,0.0,0.002393200000028628
Mk01-11-0,Mk01,11,0,0.5,28,6,4,0,A,0.5-N6-b4,3806273403396597192,3.000000003794412e-05,2,1,0,0,1,3,0.0,0.0,0.0,0.002073499999937667
Mk01-11-0,Mk01,11,0,0.5,28,6,4,0,C,0.5-N6-b4,3806273403396597192,4.630000000815926e-05,2,1,0,0,1,3,0.0,0.0,0.0,0.0021484999999756837
Mk01-11-0,Mk01,11,0,0.5,28,6,4,1,R0,0.5-N6-b4,6880491823007405912,3.500000002532033e-05,3,0,3,0,0,3,0.0,0.0,0.0,0.0019277999999758322
Mk01-11-0,Mk01,11,0,0.5,28,6,4,1,R1,0.5-N6-b4,6880491823007405912,4.489999992074445e-05,3,0,3,0,0,3,0.0,0.0,0.0,0.0018098000000463799
Mk01-11-0,Mk01,11,0,0.5,28,6,4,1,S,0.5-N6-b4,6880491823007405912,2.5499999992462108e-05,2,1,0,0,1,3,0.0,0.0,0.0,0.0020334000000730157
Mk01-11-0,Mk01,11,0,0.5,28,6,4,1,A,0.5-N6-b4,6880491823007405912,2.5399999913133797e-05,2,1,0,0,1,3,0.0,0.0,0.0,0.002072099999963939
Mk01-11-0,Mk01,11,0,0.5,28,6,4,1,C,0.5-N6-b4,6880491823007405912,5.5799999927330646e-05,2,1,0,0,1,3,0.0,0.0,0.0,0.0026870000000371874
Mk01-11-0,Mk01,11,0,0.5,28,6,4,2,R0,0.5-N6-b4,12994448046845934920,3.709999998591229e-05,2,1,0,0,1,3,0.0,0.0,0.0,0.0019800000000032014
Mk01-11-0,Mk01,11,0,0.5,28,6,4,2,R1,0.5-N6-b4,12994448046845934920,4.510000007940107e-05,2,1,0,0,1,3,0.0,0.0,0.0,0.0020032999999557433
Mk01-11-0,Mk01,11,0,0.5,28,6,4,2,S,0.5-N6-b4,12994448046845934920,2.6000000048043148e-05,2,1,0,0,1,3,0.0,0.0,0.0,0.002026600000021972
Mk01-11-0,Mk01,11,0,0.5,28,6,4,2,A,0.5-N6-b4,12994448046845934920,2.5800000003073364e-05,2,1,0,0,1,3,0.0,0.0,0.0,0.00203390000001491
Mk01-11-0,Mk01,11,0,0.5,28,6,4,2,C,0.5-N6-b4,12994448046845934920,2.560000007179042e-05,2,1,0,0,1,3,0.0,0.0,0.0,0.0020113999999011867
Mk01-11-0,Mk01,11,0,0.5,28,6,4,3,R0,0.5-N6-b4,17067000914233053423,2.9799999992974335e-05,3,0,3,0,0,3,0.0,0.0,0.0,0.0018345000000863365
Mk01-11-0,Mk01,11,0,0.5,28,6,4,3,R1,0.5-N6-b4,17067000914233053423,4.5999999997548e-05,2,1,0,0,1,3,0.0,0.0,0.0,0.0023615000000063446
Mk01-11-0,Mk01,11,0,0.5,28,6,4,3,S,0.5-N6-b4,17067000914233053423,3.440000000409782e-05,2,1,0,0,1,3,0.0,0.0,0.0,0.0021394999999984066
Mk01-11-0,Mk01,11,0,0.5,28,6,4,3,A,0.5-N6-b4,17067000914233053423,2.700000004551839e-05,2,1,0,0,1,3,0.0,0.0,0.0,0.001976599999920836
Mk01-11-0,Mk01,11,0,0.5,28,6,4,3,C,0.5-N6-b4,17067000914233053423,2.430000006370392e-05,2,1,0,0,1,3,0.0,0.0,0.0,0.002023799999960829
Mk01-11-0,Mk01,11,0,0.5,28,6,8,0,R0,0.5-N6-b8,3806273403396597192,3.260000005411712e-05,7,0,7,0,0,7,0.0,0.0,0.0,0.004269000000022061
Mk01-11-0,Mk01,11,0,0.5,28,6,8,0,R1,0.5-N6-b8,3806273403396597192,4.6499999939442205e-05,6,1,0,0,5,7,0.0,0.0,0.0,0.004790899999989051
Mk01-11-0,Mk01,11,0,0.5,28,6,8,0,S,0.5-N6-b8,3806273403396597192,6.819999998697313e-05,6,1,0,0,5,7,0.0,0.0,0.0,0.004718700000012177
Mk01-11-0,Mk01,11,0,0.5,28,6,8,0,A,0.5-N6-b8,3806273403396597192,3.0599999945479794e-05,6,1,0,0,5,7,0.0,0.0,0.0,0.004441499999984444
Mk01-11-0,Mk01,11,0,0.5,28,6,8,0,C,0.5-N6-b8,3806273403396597192,2.6800000000548607e-05,6,1,0,0,5,7,0.0,0.0,0.0,0.004520200000001751
Mk01-11-0,Mk01,11,0,0.5,28,6,8,1,R0,0.5-N6-b8,6880491823007405912,3.309999999601132e-05,7,0,7,0,0,7,0.0,0.0,0.0,0.004988499999967644
Mk01-11-0,Mk01,11,0,0.5,28,6,8,1,R1,0.5-N6-b8,6880491823007405912,5.73999999460284e-05,7,0,7,0,0,7,0.0,0.0,0.0,0.004170000000044638
Mk01-11-0,Mk01,11,0,0.5,28,6,8,1,S,0.5-N6-b8,6880491823007405912,2.700000004551839e-05,6,1,0,0,5,7,0.0,0.0,0.0,0.004479300000070907
Mk01-11-0,Mk01,11,0,0.5,28,6,8,1,A,0.5-N6-b8,6880491823007405912,2.8400000019246363e-05,6,1,0,0,5,7,0.0,0.0,0.0,0.004555600000003324
Mk01-11-0,Mk01,11,0,0.5,28,6,8,1,C,0.5-N6-b8,6880491823007405912,2.779999999802385e-05,6,1,0,0,5,7,0.0,0.0,0.0,0.004881199999999808
Mk01-11-0,Mk01,11,0,0.5,28,6,8,2,R0,0.5-N6-b8,12994448046845934920,3.5600000046542846e-05,6,1,0,0,5,7,0.0,0.0,0.0,0.004458799999952134
Mk01-11-0,Mk01,11,0,0.5,28,6,8,2,R1,0.5-N6-b8,12994448046845934920,4.979999994247919e-05,6,1,0,0,5,7,0.0,0.0,0.0,0.004478700000049685
Mk01-11-0,Mk01,11,0,0.5,28,6,8,2,S,0.5-N6-b8,12994448046845934920,2.790000007735216e-05,6,1,0,0,5,7,0.0,0.0,0.0,0.004964299999983268
Mk01-11-0,Mk01,11,0,0.5,28,6,8,2,A,0.5-N6-b8,12994448046845934920,3.779999997277628e-05,6,1,0,0,5,7,0.0,0.0,0.0,0.00437499999998181
Mk01-11-0,Mk01,11,0,0.5,28,6,8,2,C,0.5-N6-b8,12994448046845934920,3.0100000003585592e-05,6,1,0,0,5,7,0.0,0.0,0.0,0.004501699999991615
Mk01-11-0,Mk01,11,0,0.5,28,6,8,3,R0,0.5-N6-b8,17067000914233053423,3.400000002784509e-05,7,0,7,0,0,7,0.0,0.0,0.0,0.004668899999956011
Mk01-11-0,Mk01,11,0,0.5,28,6,8,3,R1,0.5-N6-b8,17067000914233053423,5.4399999953602673e-05,6,1,0,0,5,7,0.0,0.0,0.0,0.0051970000000665095
Mk01-11-0,Mk01,11,0,0.5,28,6,8,3,S,0.5-N6-b8,17067000914233053423,3.800000001774606e-05,6,1,0,0,5,7,0.0,0.0,0.0,0.004740100000049097
Mk01-11-0,Mk01,11,0,0.5,28,6,8,3,A,0.5-N6-b8,17067000914233053423,3.409999999348656e-05,6,1,0,0,5,7,0.0,0.0,0.0,0.004463500000042586
Mk01-11-0,Mk01,11,0,0.5,28,6,8,3,C,0.5-N6-b8,17067000914233053423,2.7599999953054066e-05,6,1,0,0,5,7,0.0,0.0,0.0,0.005208699999911914
Mk01-11-1,Mk01,11,1,0.25,14,1,4,0,R0,0.25-N1-b4,18128395542964147654,3.4199999959128036e-05,160,0,159,1,0,0,0.0,,0.0,0.004293800000027659
Mk01-11-1,Mk01,11,1,0.25,14,1,4,0,R1,0.25-N1-b4,18128395542964147654,5.710000004910398e-05,160,1,157,1,1,1,0.004835717266720189,0.004835717266720189,0.0012089293166800473,0.004894799999988209
Mk01-11-1,Mk01,11,1,0.25,14,1,4,0,S,0.25-N1-b4,18128395542964147654,2.8900000074827403e-05,160,1,158,1,0,1,0.0,0.0,0.0,0.005512700000053883
Mk01-11-1,Mk01,11,1,0.25,14,1,4,0,A,0.25-N1-b4,18128395542964147654,5.199999998239946e-05,160,0,159,1,0,0,0.0,,0.0,0.004437199999983932
Mk01-11-1,Mk01,11,1,0.25,14,1,4,0,C,0.25-N1-b4,18128395542964147654,3.5099999990961805e-05,160,0,159,1,0,0,0.0,,0.0,0.003996999999912987
Mk01-11-1,Mk01,11,1,0.25,14,1,4,1,R0,0.25-N1-b4,3791343819975512581,3.100000003541936e-05,160,0,158,2,0,0,0.0,,0.0,0.004112700000064251
Mk01-11-1,Mk01,11,1,0.25,14,1,4,1,R1,0.25-N1-b4,3791343819975512581,4.9699999976837717e-05,160,1,157,2,0,1,0.0,0.0,0.0,0.005140699999969911
Mk01-11-1,Mk01,11,1,0.25,14,1,4,1,S,0.25-N1-b4,3791343819975512581,3.739999999652355e-05,160,1,157,2,0,1,0.0,0.0,0.0,0.004933700000037788
Mk01-11-1,Mk01,11,1,0.25,14,1,4,1,A,0.25-N1-b4,3791343819975512581,2.909999989242351e-05,160,1,157,2,0,1,0.0,0.0,0.0,0.004953900000032263
Mk01-11-1,Mk01,11,1,0.25,14,1,4,1,C,0.25-N1-b4,3791343819975512581,2.610000001368462e-05,160,1,157,2,0,1,0.0,0.0,0.0,0.0052865999999767155
Mk01-11-1,Mk01,11,1,0.25,14,1,4,2,R0,0.25-N1-b4,17225100409242042892,3.0199999969227065e-05,160,0,159,1,0,0,0.0,,0.0,0.004008399999975154
Mk01-11-1,Mk01,11,1,0.25,14,1,4,2,R1,0.25-N1-b4,17225100409242042892,5.090000001928274e-05,160,0,159,1,0,0,0.0,,0.0,0.00402079999992111
Mk01-11-1,Mk01,11,1,0.25,14,1,4,2,S,0.25-N1-b4,17225100409242042892,3.060000005916663e-05,160,0,159,1,0,0,0.0,,0.0,0.004105900000013207
Mk01-11-1,Mk01,11,1,0.25,14,1,4,2,A,0.25-N1-b4,17225100409242042892,2.9799999992974335e-05,160,2,157,1,0,2,0.0,0.0,0.0,0.006347500000060791
Mk01-11-1,Mk01,11,1,0.25,14,1,4,2,C,0.25-N1-b4,17225100409242042892,5.050000004303001e-05,160,2,157,1,0,2,0.0,0.0,0.0,0.005690500000014254
Mk01-11-1,Mk01,11,1,0.25,14,1,4,3,R0,0.25-N1-b4,9323746829158465646,3.0100000003585592e-05,160,0,159,1,0,0,0.0,,0.0,0.004011100000070655
Mk01-11-1,Mk01,11,1,0.25,14,1,4,3,R1,0.25-N1-b4,9323746829158465646,4.8699999979362474e-05,160,1,158,1,0,1,0.014684468272699818,0.014684468272699818,0.0036711170681749546,0.005263499999955457
Mk01-11-1,Mk01,11,1,0.25,14,1,4,3,S,0.25-N1-b4,9323746829158465646,3.350000008595089e-05,160,0,159,1,0,0,0.0,,0.0,0.003961200000048848
Mk01-11-1,Mk01,11,1,0.25,14,1,4,3,A,0.25-N1-b4,9323746829158465646,2.6300000058654405e-05,160,0,159,1,0,0,0.0,,0.0,0.003914700000109406
Mk01-11-1,Mk01,11,1,0.25,14,1,4,3,C,0.25-N1-b4,9323746829158465646,2.390000008745119e-05,160,0,159,1,0,0,0.0,,0.0,0.004123500000105196
Mk01-11-1,Mk01,11,1,0.25,14,1,8,0,R0,0.25-N1-b8,18128395542964147654,6.560000008448696e-05,320,0,318,2,0,0,0.0,,0.0,0.008028200000012475
Mk01-11-1,Mk01,11,1,0.25,14,1,8,0,R1,0.25-N1-b8,18128395542964147654,5.82000000122207e-05,320,1,316,2,1,1,0.004835717266720189,0.004835717266720189,0.0006044646583400236,0.009041000000024724
Mk01-11-1,Mk01,11,1,0.25,14,1,8,0,S,0.25-N1-b8,18128395542964147654,3.550000008090137e-05,320,2,316,2,0,2,0.0,0.0,0.0,0.009722300000021278
Mk01-11-1,Mk01,11,1,0.25,14,1,8,0,A,0.25-N1-b8,18128395542964147654,2.8299999939918052e-05,320,0,318,2,0,0,0.0,,0.0,0.00852589999999509
Mk01-11-1,Mk01,11,1,0.25,14,1,8,0,C,0.25-N1-b8,18128395542964147654,4.1300000020783045e-05,320,1,317,2,0,1,0.0,0.0,0.0,0.008768400000008114
Mk01-11-1,Mk01,11,1,0.25,14,1,8,1,R0,0.25-N1-b8,3791343819975512581,2.9299999937393295e-05,320,1,314,5,0,1,0.0,0.0,0.0,0.011126100000069528
Mk01-11-1,Mk01,11,1,0.25,14,1,8,1,R1,0.25-N1-b8,3791343819975512581,5.5400000064764754e-05,320,2,313,5,0,2,0.0,0.0,0.0,0.009977600000070197
Mk01-11-1,Mk01,11,1,0.25,14,1,8,1,S,0.25-N1-b8,3791343819975512581,5.9299999975337414e-05,320,1,314,5,0,1,0.0,0.0,0.0,0.00933939999993072
Mk01-11-1,Mk01,11,1,0.25,14,1,8,1,A,0.25-N1-b8,3791343819975512581,3.159999994295504e-05,320,1,314,5,0,1,0.0,0.0,0.0,0.009449600000039027
Mk01-11-1,Mk01,11,1,0.25,14,1,8,1,C,0.25-N1-b8,3791343819975512581,3.229999992981902e-05,320,1,314,5,0,1,0.0,0.0,0.0,0.00849700000003395
Mk01-11-1,Mk01,11,1,0.25,14,1,8,2,R0,0.25-N1-b8,17225100409242042892,2.8100000008635106e-05,320,1,317,2,0,1,0.0,0.0,0.0,0.009876399999939167
Mk01-11-1,Mk01,11,1,0.25,14,1,8,2,R1,0.25-N1-b8,17225100409242042892,6.0700000062752224e-05,320,0,318,2,0,0,0.0,,0.0,0.008056499999952393
Mk01-11-1,Mk01,11,1,0.25,14,1,8,2,S,0.25-N1-b8,17225100409242042892,3.700000002027082e-05,320,1,317,2,0,1,0.0,0.0,0.0,0.010252000000036787
Mk01-11-1,Mk01,11,1,0.25,14,1,8,2,A,0.25-N1-b8,17225100409242042892,3.4999999911633495e-05,320,2,316,2,0,2,0.0,0.0,0.0,0.010671399999978348
Mk01-11-1,Mk01,11,1,0.25,14,1,8,2,C,0.25-N1-b8,17225100409242042892,5.5900000006658956e-05,320,2,316,2,0,2,0.0,0.0,0.0,0.00957919999996193
Mk01-11-1,Mk01,11,1,0.25,14,1,8,3,R0,0.25-N1-b8,9323746829158465646,3.0599999945479794e-05,320,0,319,1,0,0,0.0,,0.0,0.00833280000006198
Mk01-11-1,Mk01,11,1,0.25,14,1,8,3,R1,0.25-N1-b8,9323746829158465646,5.700000008346251e-05,320,1,318,1,0,1,0.014684468272699818,0.014684468272699818,0.0018355585340874773,0.00839029999997365
Mk01-11-1,Mk01,11,1,0.25,14,1,8,3,S,0.25-N1-b8,9323746829158465646,2.7100000011159864e-05,320,0,319,1,0,0,0.0,,0.0,0.008213600000090082
Mk01-11-1,Mk01,11,1,0.25,14,1,8,3,A,0.25-N1-b8,9323746829158465646,3.800000001774606e-05,320,0,319,1,0,0,0.0,,0.0,0.00773489999994581
Mk01-11-1,Mk01,11,1,0.25,14,1,8,3,C,0.25-N1-b8,9323746829158465646,3.309999999601132e-05,320,0,319,1,0,0,0.0,,0.0,0.008312299999943207
Mk01-11-1,Mk01,11,1,0.25,14,2,4,0,R0,0.25-N2-b4,13229498230836583330,3.3299999927294266e-05,160,0,160,0,0,0,0.0,,0.0,0.0051432000000204425
Mk01-11-1,Mk01,11,1,0.25,14,2,4,0,R1,0.25-N2-b4,13229498230836583330,6.029999997281266e-05,160,0,160,0,0,0,0.0,,0.0,0.005140900000014881
Mk01-11-1,Mk01,11,1,0.25,14,2,4,0,S,0.25-N2-b4,13229498230836583330,2.5899999968714837e-05,160,0,160,0,0,0,0.0,,0.0,0.0054705999999669075
Mk01-11-1,Mk01,11,1,0.25,14,2,4,0,A,0.25-N2-b4,13229498230836583330,3.689999994094251e-05,160,0,160,0,0,0,0.0,,0.0,0.005139799999938077
Mk01-11-1,Mk01,11,1,0.25,14,2,4,0,C,0.25-N2-b4,13229498230836583330,2.7100000011159864e-05,160,0,160,0,0,0,0.0,,0.0,0.0052064000000200394
Mk01-11-1,Mk01,11,1,0.25,14,2,4,1,R0,0.25-N2-b4,10536600786955644566,2.6300000058654405e-05,160,0,160,0,0,0,0.0,,0.0,0.005720300000007228
Mk01-11-1,Mk01,11,1,0.25,14,2,4,1,R1,0.25-N2-b4,10536600786955644566,6.170000006022747e-05,160,0,160,0,0,0,0.0,,0.0,0.0056190000000242435
Mk01-11-1,Mk01,11,1,0.25,14,2,4,1,S,0.25-N2-b4,10536600786955644566,3.6900000054629345e-05,160,0,160,0,0,0,0.0,,0.0,0.005219699999997829
Mk01-11-1,Mk01,11,1,0.25,14,2,4,1,A,0.25-N2-b4,10536600786955644566,3.309999999601132e-05,160,0,160,0,0,0,0.0,,0.0,0.00742969999998877
Mk01-11-1,Mk01,11,1,0.25,14,2,4,1,C,0.25-N2-b4,10536600786955644566,4.2499999949541234e-05,160,0,160,0,0,0,0.0,,0.0,0.006095899999991161
Mk01-11-1,Mk01,11,1,0.25,14,2,4,2,R0,0.25-N2-b4,4325566759958861809,3.2799999985400063e-05,160,0,158,2,0,0,0.0,,0.0,0.005492300000014438
Mk01-11-1,Mk01,11,1,0.25,14,2,4,2,R1,0.25-N2-b4,4325566759958861809,5.5900000006658956e-05,160,0,158,2,0,0,0.0,,0.0,0.005667700000003606
Mk01-11-1,Mk01,11,1,0.25,14,2,4,2,S,0.25-N2-b4,4325566759958861809,3.8099999983387534e-05,160,0,158,2,0,0,0.0,,0.0,0.005561300000067604
Mk01-11-1,Mk01,11,1,0.25,14,2,4,2,A,0.25-N2-b4,4325566759958861809,3.540000000157306e-05,160,0,158,2,0,0,0.0,,0.0,0.005596400000058566
Mk01-11-1,Mk01,11,1,0.25,14,2,4,2,C,0.25-N2-b4,4325566759958861809,3.170000002228335e-05,160,0,158,2,0,0,0.0,,0.0,0.0058418999999503285
Mk01-11-1,Mk01,11,1,0.25,14,2,4,3,R0,0.25-N2-b4,15396187307915754923,3.089999995609105e-05,160,0,160,0,0,0,0.0,,0.0,0.005174099999976534
Mk01-11-1,Mk01,11,1,0.25,14,2,4,3,R1,0.25-N2-b4,15396187307915754923,5.670000007285125e-05,160,0,160,0,0,0,0.0,,0.0,0.0052254999999377105
Mk01-11-1,Mk01,11,1,0.25,14,2,4,3,S,0.25-N2-b4,15396187307915754923,3.659999993033125e-05,160,0,160,0,0,0,0.0,,0.0,0.005478199999970457
Mk01-11-1,Mk01,11,1,0.25,14,2,4,3,A,0.25-N2-b4,15396187307915754923,3.779999997277628e-05,160,0,160,0,0,0,0.0,,0.0,0.0053226999999651525
Mk01-11-1,Mk01,11,1,0.25,14,2,4,3,C,0.25-N2-b4,15396187307915754923,3.479999998035055e-05,160,0,160,0,0,0,0.0,,0.0,0.0051938999999947555
Mk01-11-1,Mk01,11,1,0.25,14,2,8,0,R0,0.25-N2-b8,13229498230836583330,2.9899999958615808e-05,320,0,320,0,0,0,0.0,,0.0,0.011573999999995976
Mk01-11-1,Mk01,11,1,0.25,14,2,8,0,R1,0.25-N2-b8,13229498230836583330,5.69000000041342e-05,320,0,320,0,0,0,0.0,,0.0,0.013176700000030905
Mk01-11-1,Mk01,11,1,0.25,14,2,8,0,S,0.25-N2-b8,13229498230836583330,4.1599999917707464e-05,320,0,320,0,0,0,0.0,,0.0,0.01129019999996217
Mk01-11-1,Mk01,11,1,0.25,14,2,8,0,A,0.25-N2-b8,13229498230836583330,4.020000005766633e-05,320,0,320,0,0,0,0.0,,0.0,0.011044399999946108
Mk01-11-1,Mk01,11,1,0.25,14,2,8,0,C,0.25-N2-b8,13229498230836583330,3.939999999147403e-05,320,0,320,0,0,0,0.0,,0.0,0.011213600000019142
Mk01-11-1,Mk01,11,1,0.25,14,2,8,1,R0,0.25-N2-b8,10536600786955644566,3.270000001975859e-05,320,0,319,1,0,0,0.0,,0.0,0.011457999999947788
Mk01-11-1,Mk01,11,1,0.25,14,2,8,1,R1,0.25-N2-b8,10536600786955644566,6.329999996523838e-05,320,0,319,1,0,0,0.0,,0.0,0.010914600000091923
Mk01-11-1,Mk01,11,1,0.25,14,2,8,1,S,0.25-N2-b8,10536600786955644566,3.8099999983387534e-05,320,0,319,1,0,0,0.0,,0.0,0.011270699999954559
Mk01-11-1,Mk01,11,1,0.25,14,2,8,1,A,0.25-N2-b8,10536600786955644566,4.099999989648495e-05,320,0,319,1,0,0,0.0,,0.0,0.010887200000070152
Mk01-11-1,Mk01,11,1,0.25,14,2,8,1,C,0.25-N2-b8,10536600786955644566,4.100000001017179e-05,320,0,319,1,0,0,0.0,,0.0,0.010783500000002277
Mk01-11-1,Mk01,11,1,0.25,14,2,8,2,R0,0.25-N2-b8,4325566759958861809,3.000000003794412e-05,320,1,317,2,0,1,0.0,0.0,0.0,0.014202999999952226
Mk01-11-1,Mk01,11,1,0.25,14,2,8,2,R1,0.25-N2-b8,4325566759958861809,6.540000003951718e-05,320,0,318,2,0,0,0.0,,0.0,0.011919500000090011
Mk01-11-1,Mk01,11,1,0.25,14,2,8,2,S,0.25-N2-b8,4325566759958861809,4.3500000060703314e-05,320,0,318,2,0,0,0.0,,0.0,0.010761600000023464
Mk01-11-1,Mk01,11,1,0.25,14,2,8,2,A,0.25-N2-b8,4325566759958861809,5.5800000041017483e-05,320,0,318,2,0,0,0.0,,0.0,0.010779599999978018
Mk01-11-1,Mk01,11,1,0.25,14,2,8,2,C,0.25-N2-b8,4325566759958861809,3.6799999975301034e-05,320,0,318,2,0,0,0.0,,0.0,0.010977500000080909
Mk01-11-1,Mk01,11,1,0.25,14,2,8,3,R0,0.25-N2-b8,15396187307915754923,3.119999996670231e-05,320,0,320,0,0,0,0.0,,0.0,0.01057750000006763
Mk01-11-1,Mk01,11,1,0.25,14,2,8,3,R1,0.25-N2-b8,15396187307915754923,5.5900000006658956e-05,320,0,320,0,0,0,0.0,,0.0,0.01114370000004783
Mk01-11-1,Mk01,11,1,0.25,14,2,8,3,S,0.25-N2-b8,15396187307915754923,3.8099999983387534e-05,320,0,320,0,0,0,0.0,,0.0,0.011065700000017387
Mk01-11-1,Mk01,11,1,0.25,14,2,8,3,A,0.25-N2-b8,15396187307915754923,3.939999999147403e-05,320,0,320,0,0,0,0.0,,0.0,0.01183379999997669
Mk01-11-1,Mk01,11,1,0.25,14,2,8,3,C,0.25-N2-b8,15396187307915754923,5.8899999999084685e-05,320,0,320,0,0,0,0.0,,0.0,0.010572400000000926
Mk01-11-1,Mk01,11,1,0.25,14,3,4,0,R0,0.25-N3-b4,10463660095228456152,8.689999992839148e-05,12,4,8,0,0,4,0.015558815093883101,0.0038897037734707753,0.0038897037734707753,0.0071819999999434
Mk01-11-1,Mk01,11,1,0.25,14,3,4,0,R1,0.25-N3-b4,10463660095228456152,8.079999997789855e-05,31,4,26,0,1,4,0.011887218934844195,0.0029718047337110487,0.0029718047337110487,0.00437059999990197
Mk01-11-1,Mk01,11,1,0.25,14,3,4,0,S,0.25-N3-b4,10463660095228456152,2.949999998236308e-05,11,4,6,0,1,4,0.0014869319309726032,0.0003717329827431508,0.0003717329827431508,0.0034666000000243002
Mk01-11-1,Mk01,11,1,0.25,14,3,4,0,A,0.25-N3-b4,10463660095228456152,2.920000008543866e-05,11,4,6,0,1,4,0.015558815093883101,0.0038897037734707753,0.0038897037734707753,0.003431400000067697
Mk01-11-1,Mk01,11,1,0.25,14,3,4,0,C,0.25-N3-b4,10463660095228456152,2.4800000005598122e-05,10,4,5,0,1,4,0.015558815093883101,0.0038897037734707753,0.0038897037734707753,0.003949700000021039
Mk01-11-1,Mk01,11,1,0.25,14,3,4,1,R0,0.25-N3-b4,2168630680864896184,3.119999996670231e-05,15,4,10,0,1,4,0.005843580102618552,0.001460895025654638,0.001460895025654638,0.0035785000000032596
Mk01-11-1,Mk01,11,1,0.25,14,3,4,1,R1,0.25-N3-b4,2168630680864896184,4.409999996823899e-05,17,4,13,0,0,4,0.005631164458131938,0.0014077911145329845,0.0014077911145329845,0.0036266000000750864
Mk01-11-1,Mk01,11,1,0.25,14,3,4,1,S,0.25-N3-b4,2168630680864896184,2.559999995810358e-05,17,4,13,0,0,4,0.0,0.0,0.0,0.003687099999979182
Mk01-11-1,Mk01,11,1,0.25,14,3,4,1,A,0.25-N3-b4,2168630680864896184,2.5499999992462108e-05,22,4,18,0,0,4,0.011887218934844195,0.0029718047337110487,0.0029718047337110487,0.004370300000005045
Mk01-11-1,Mk01,11,1,0.25,14,3,4,1,C,0.25-N3-b4,2168630680864896184,3.2400000009147334e-05,17,4,13,0,0,4,0.00011720740083991446,2.9301850209978615e-05,2.9301850209978615e-05,0.0036458999999240405
Mk01-11-1,Mk01,11,1,0.25,14,3,4,2,R0,0.25-N3-b4,12761914413137277605,2.7899999963665323e-05,25,4,21,0,0,4,0.00046522582363954686,0.00011630645590988671,0.00011630645590988671,0.003858400000012807
Mk01-11-1,Mk01,11,1,0.25,14,3,4,2,R1,0.25-N3-b4,12761914413137277605,4.109999997581326e-05,25,4,20,0,1,4,0.0005707420278729322,0.00014268550696823305,0.00014268550696823305,0.003821799999968789
Mk01-11-1,Mk01,11,1,0.25,14,3,4,2,S,0.25-N3-b4,12761914413137277605,2.610000001368462e-05,15,4,11,0,0,4,8.15429125694371e-05,2.0385728142359276e-05,2.0385728142359276e-05,0.00463929999989432
Mk01-11-1,Mk01,11,1,0.25,14,3,4,2,A,0.25-N3-b4,12761914413137277605,3.400000002784509e-05,35,4,31,0,0,4,0.004878451119164046,0.0012196127797910114,0.0012196127797910114,0.004397200000084922
Mk01-11-1,Mk01,11,1,0.25,14,3,4,2,C,0.25-N3-b4,12761914413137277605,2.610000001368462e-05,27,4,23,0,0,4,0.00019875031340935156,4.968757835233789e-05,4.968757835233789e-05,0.00429169999995338
Mk01-11-1,Mk01,11,1,0.25,14,3,4,3,R0,0.25-N3-b4,12894121816778261096,2.8399999905559525e-05,19,4,14,0,1,4,0.004878451119164046,0.0012196127797910114,0.0012196127797910114,0.0039036000000578497
Mk01-11-1,Mk01,11,1,0.25,14,3,4,3,R1,0.25-N3-b4,12894121816778261096,4.760000001624576e-05,15,4,11,0,0,4,0.0016209676566809467,0.00040524191417023667,0.00040524191417023667,0.0040774000000283195
Mk01-11-1,Mk01,11,1,0.25,14,3,4,3,S,0.25-N3-b4,12894121816778261096,3.1899999953566294e-05,10,4,6,0,0,4,8.15429125694371e-05,2.0385728142359276e-05,2.0385728142359276e-05,0.00345500000003085
Mk01-11-1,Mk01,11,1,0.25,14,3,4,3,A,0.25-N3-b4,12894121816778261096,3.0100000003585592e-05,21,4,17,0,0,4,0.004878451119164046,0.0012196127797910114,0.0012196127797910114,0.003688000000011016
Mk01-11-1,Mk01,11,1,0.25,14,3,4,3,C,0.25-N3-b4,12894121816778261096,2.430000006370392e-05,20,4,16,0,0,4,0.0014869319309726032,0.0003717329827431508,0.0003717329827431508,0.0037239999999201245
Mk01-11-1,Mk01,11,1,0.25,14,3,8,0,R0,0.25-N3-b8,10463660095228456152,2.8000000042993634e-05,58,8,47,0,3,8,0.015558815093883101,0.0019448518867353876,0.0019448518867353876,0.009966500000018641
Mk01-11-1,Mk01,11,1,0.25,14,3,8,0,R1,0.25-N3-b8,10463660095228456152,5.829999997786217e-05,54,8,43,0,3,8,0.012897390453549934,0.0016121738066937417,0.0016121738066937417,0.00855130000002191
Mk01-11-1,Mk01,11,1,0.25,14,3,8,0,S,0.25-N3-b8,10463660095228456152,3.630000003340683e-05,41,8,28,0,5,8,0.0014869319309726032,0.0001858664913715754,0.0001858664913715754,0.007709400000067035
Mk01-11-1,Mk01,11,1,0.25,14,3,8,0,A,0.25-N3-b8,10463660095228456152,2.8500000098574674e-05,58,8,43,0,7,8,0.015558815093883101,0.0019448518867353876,0.0019448518867353876,0.008939400000031128
Mk01-11-1,Mk01,11,1,0.25,14,3,8,0,C,0.25-N3-b8,10463660095228456152,3.489999994599202e-05,41,8,28,0,5,8,0.015558815093883101,0.0019448518867353876,0.0019448518867353876,0.007469000000014603
Mk01-11-1,Mk01,11,1,0.25,14,3,8,1,R0,0.25-N3-b8,2168630680864896184,2.9899999958615808e-05,48,8,34,0,6,8,0.011887218934844195,0.0014859023668555244,0.0014859023668555244,0.008746699999960583
Mk01-11-1,Mk01,11,1,0.25,14,3,8,1,R1,0.25-N3-b8,2168630680864896184,5.60999999379419e-05,71,8,61,0,2,8,0.012897390453549934,0.0016121738066937417,0.0016121738066937417,0.008516799999938485
Mk01-11-1,Mk01,11,1,0.25,14,3,8,1,S,0.25-N3-b8,2168630680864896184,2.6199999979326094e-05,72,8,58,0,6,8,0.00011720740083992487,1.4650925104990609e-05,1.4650925104990609e-05,0.009477500000002692
Mk01-11-1,Mk01,11,1,0.25,14,3,8,1,A,0.25-N3-b8,2168630680864896184,3.630000003340683e-05,72,8,61,0,3,8,0.015558815093883101,0.0019448518867353876,0.0019448518867353876,0.008685000000014043
Mk01-11-1,Mk01,11,1,0.25,14,3,8,1,C,0.25-N3-b8,2168630680864896184,2.8399999905559525e-05,72,8,60,0,4,8,0.015558815093883101,0.0019448518867353876,0.0019448518867353876,0.009085400000003574
Mk01-11-1,Mk01,11,1,0.25,14,3,8,2,R0,0.25-N3-b8,12761914413137277605,2.9400000016721606e-05,71,8,59,0,4,8,0.015558815093883101,0.0019448518867353876,0.0019448518867353876,0.008824799999956667
Mk01-11-1,Mk01,11,1,0.25,14,3,8,2,R1,0.25-N3-b8,12761914413137277605,6.150000001525768e-05,60,8,48,0,4,8,0.011887218934844195,0.0014859023668555244,0.0014859023668555244,0.008371699999997873
Mk01-11-1,Mk01,11,1,0.25,14,3,8,2,S,0.25-N3-b8,12761914413137277605,2.9299999937393295e-05,35,8,27,0,0,8,0.00031595771424929725,3.9494714281162156e-05,3.9494714281162156e-05,0.007801800000038384
Mk01-11-1,Mk01,11,1,0.25,14,3,8,2,A,0.25-N3-b8,12761914413137277605,8.329999991474324e-05,67,8,55,0,4,8,0.011887218934844195,0.0014859023668555244,0.0014859023668555244,0.008306700000048295
Mk01-11-1,Mk01,11,1,0.25,14,3,8,2,C,0.25-N3-b8,12761914413137277605,2.7300000056129647e-05,50,8,41,0,1,8,0.00031595771424929725,3.9494714281162156e-05,3.9494714281162156e-05,0.008307999999942695
Mk01-11-1,Mk01,11,1,0.25,14,3,8,3,R0,0.25-N3-b8,12894121816778261096,3.179999998792482e-05,71,8,55,0,8,8,0.0062393464952106,0.000779918311901325,0.000779918311901325,0.008706399999937275
Mk01-11-1,Mk01,11,1,0.25,14,3,8,3,R1,0.25-N3-b8,12894121816778261096,9.41000000693748e-05,47,8,37,0,2,8,0.0016209676566809467,0.00020262095708511833,0.00020262095708511833,0.008622800000011921
Mk01-11-1,Mk01,11,1,0.25,14,3,8,3,S,0.25-N3-b8,12894121816778261096,3.530000003593159e-05,45,8,33,0,4,8,0.0014869319309726032,0.0001858664913715754,0.0001858664913715754,0.007647200000064913
Mk01-11-1,Mk01,11,1,0.25,14,3,8,3,A,0.25-N3-b8,12894121816778261096,3.530000003593159e-05,71,8,59,0,4,8,0.0062393464952106,0.000779918311901325,0.000779918311901325,0.008919399999967936
Mk01-11-1,Mk01,11,1,0.25,14,3,8,3,C,0.25-N3-b8,12894121816778261096,3.5200000070290116e-05,45,8,36,0,1,8,0.0014869319309726032,0.0001858664913715754,0.0001858664913715754,0.0075679999999920256
Mk01-11-1,Mk01,11,1,0.25,14,4,4,0,R0,0.25-N4-b4,9019561184240751934,3.230000004350586e-05,3,0,3,0,0,3,0.0,0.0,0.0,0.001786700000025121
Mk01-11-1,Mk01,11,1,0.25,14,4,4,0,R1,0.25-N4-b4,9019561184240751934,9.619999991627992e-05,3,0,3,0,0,3,0.0,0.0,0.0,0.002429500000062035
Mk01-11-1,Mk01,11,1,0.25,14,4,4,0,S,0.25-N4-b4,9019561184240751934,3.7199999951553764e-05,2,2,0,0,0,4,0.0,0.0,0.0,0.003017099999965467
Mk01-11-1,Mk01,11,1,0.25,14,4,4,0,A,0.25-N4-b4,9019561184240751934,3.089999995609105e-05,3,0,3,0,0,3,0.0,0.0,0.0,0.0017824000000246087
Mk01-11-1,Mk01,11,1,0.25,14,4,4,0,C,0.25-N4-b4,9019561184240751934,2.4800000005598122e-05,2,1,1,0,0,3,0.0,0.0,0.0,0.0019852000000355474
Mk01-11-1,Mk01,11,1,0.25,14,4,4,1,R0,0.25-N4-b4,4025065283693207149,2.920000008543866e-05,3,0,3,0,0,3,0.0,0.0,0.0,0.001770000000078653
Mk01-11-1,Mk01,11,1,0.25,14,4,4,1,R1,0.25-N4-b4,4025065283693207149,4.2200000052616815e-05,2,2,0,0,0,4,0.0,0.0,0.0,0.0027467000001024644
Mk01-11-1,Mk01,11,1,0.25,14,4,4,1,S,0.25-N4-b4,4025065283693207149,2.649999998993735e-05,2,1,1,0,0,3,0.0,0.0,0.0,0.0022703999999293956
Mk01-11-1,Mk01,11,1,0.25,14,4,4,1,A,0.25-N4-b4,4025065283693207149,3.179999998792482e-05,3,0,3,0,0,3,0.0,0.0,0.0,0.0021021999999675245
Mk01-11-1,Mk01,11,1,0.25,14,4,4,1,C,0.25-N4-b4,4025065283693207149,3.5499999967214535e-05,2,1,1,0,0,3,0.0,0.0,0.0,0.002233899999964706
Mk01-11-1,Mk01,11,1,0.25,14,4,4,2,R0,0.25-N4-b4,8352205560460074189,3.0299999934868538e-05,3,0,3,0,0,3,0.0,0.0,0.0,0.00182489999997415
Mk01-11-1,Mk01,11,1,0.25,14,4,4,2,R1,0.25-N4-b4,8352205560460074189,4.4300000013208773e-05,2,1,1,0,0,3,0.0,0.0,0.0,0.002035100000057355
Mk01-11-1,Mk01,11,1,0.25,14,4,4,2,S,0.25-N4-b4,8352205560460074189,6.69999999445281e-05,2,1,1,0,0,3,0.0,0.0,0.0,0.002032299999996212
Mk01-11-1,Mk01,11,1,0.25,14,4,4,2,A,0.25-N4-b4,8352205560460074189,2.7200000090488174e-05,3,0,3,0,0,3,0.0,0.0,0.0,0.0017740999999205087
Mk01-11-1,Mk01,11,1,0.25,14,4,4,2,C,0.25-N4-b4,8352205560460074189,3.4700000014709076e-05,3,0,3,0,0,3,0.0,0.0,0.0,0.0018101000000569911
Mk01-11-1,Mk01,11,1,0.25,14,4,4,3,R0,0.25-N4-b4,12317135976041199013,2.689999996619008e-05,2,1,1,0,0,3,0.0,0.0,0.0,0.0026728000000275642
Mk01-11-1,Mk01,11,1,0.25,14,4,4,3,R1,0.25-N4-b4,12317135976041199013,5.129999999553547e-05,3,1,2,0,0,4,0.0,0.0,0.0,0.0031077999999524764
Mk01-11-1,Mk01,11,1,0.25,14,4,4,3,S,0.25-N4-b4,12317135976041199013,3.319999996165279e-05,3,0,3,0,0,3,0.0,0.0,0.0,0.0017752999999629537
Mk01-11-1,Mk01,11,1,0.25,14,4,4,3,A,0.25-N4-b4,12317135976041199013,2.610000001368462e-05,3,0,3,0,0,3,0.0,0.0,0.0,0.0017732000000023618
Mk01-11-1,Mk01,11,1,0.25,14,4,4,3,C,0.25-N4-b4,12317135976041199013,4.510000007940107e-05,3,0,3,0,0,3,0.0,0.0,0.0,0.0017844000000195592
Mk01-11-1,Mk01,11,1,0.25,14,4,8,0,R0,0.25-N4-b8,9019561184240751934,2.649999998993735e-05,6,1,4,0,1,7,0.0,0.0,0.0,0.0052214999999478096
Mk01-11-1,Mk01,11,1,0.25,14,4,8,0,R1,0.25-N4-b8,9019561184240751934,8.219999995162652e-05,7,0,7,0,0,7,0.0,0.0,0.0,0.006684599999971397
Mk01-11-1,Mk01,11,1,0.25,14,4,8,0,S,0.25-N4-b8,9019561184240751934,3.530000003593159e-05,5,2,2,0,1,7,0.0,0.0,0.0,0.0056353999999601
Mk01-11-1,Mk01,11,1,0.25,14,4,8,0,A,0.25-N4-b8,9019561184240751934,3.6399999999048305e-05,7,1,6,0,0,8,8.15429125694371e-05,1.0192864071179638e-05,1.0192864071179638e-05,0.005272500000046421
Mk01-11-1,Mk01,11,1,0.25,14,4,8,0,C,0.25-N4-b8,9019561184240751934,5.4900000009183714e-05,6,1,4,0,1,7,0.0,0.0,0.0,0.006161500000075648
Mk01-11-1,Mk01,11,1,0.25,14,4,8,1,R0,0.25-N4-b8,4025065283693207149,7.410000000618311e-05,7,0,7,0,0,7,0.0,0.0,0.0,0.00831550000009429
Mk01-11-1,Mk01,11,1,0.25,14,4,8,1,R1,0.25-N4-b8,4025065283693207149,7.21999999768741e-05,5,2,2,0,1,7,0.0,0.0,0.0,0.006437099999970997
Mk01-11-1,Mk01,11,1,0.25,14,4,8,1,S,0.25-N4-b8,4025065283693207149,6.78000000107204e-05,5,2,3,0,0,7,0.0,0.0,0.0,0.005185999999980595
Mk01-11-1,Mk01,11,1,0.25,14,4,8,1,A,0.25-N4-b8,4025065283693207149,3.8200000062715844e-05,7,0,7,0,0,7,0.0,0.0,0.0,0.005088200000045617
Mk01-11-1,Mk01,11,1,0.25,14,4,8,1,C,0.25-N4-b8,4025065283693207149,5.640000006224e-05,5,2,3,0,0,7,0.0,0.0,0.0,0.008646199999930104
Mk01-11-1,Mk01,11,1,0.25,14,4,8,2,R0,0.25-N4-b8,8352205560460074189,5.55999999960477e-05,7,1,6,0,0,8,0.0,0.0,0.0,0.007226699999932862
Mk01-11-1,Mk01,11,1,0.25,14,4,8,2,R1,0.25-N4-b8,8352205560460074189,7.449999998243584e-05,5,2,3,0,0,7,0.0,0.0,0.0,0.006430399999999281
Mk01-11-1,Mk01,11,1,0.25,14,4,8,2,S,0.25-N4-b8,8352205560460074189,3.970000000208529e-05,5,2,3,0,0,7,0.0,0.0,0.0,0.005123899999944115
Mk01-11-1,Mk01,11,1,0.25,14,4,8,2,A,0.25-N4-b8,8352205560460074189,4.060000003391906e-05,6,1,5,0,0,7,0.0,0.0,0.0,0.005391799999983959
Mk01-11-1,Mk01,11,1,0.25,14,4,8,2,C,0.25-N4-b8,8352205560460074189,3.6500000078376615e-05,6,1,5,0,0,7,0.0,0.0,0.0,0.005703100000005179
Mk01-11-1,Mk01,11,1,0.25,14,4,8,3,R0,0.25-N4-b8,12317135976041199013,3.6000000022795575e-05,5,2,3,0,0,7,0.0,0.0,0.0,0.006576200000040444
Mk01-11-1,Mk01,11,1,0.25,14,4,8,3,R1,0.25-N4-b8,12317135976041199013,0.00011840000001939188,6,1,5,0,0,7,0.0,0.0,0.0,0.008303000000069005
Mk01-11-1,Mk01,11,1,0.25,14,4,8,3,S,0.25-N4-b8,12317135976041199013,6.310000003395544e-05,5,2,3,0,0,7,0.0,0.0,0.0,0.005548500000031709
Mk01-11-1,Mk01,11,1,0.25,14,4,8,3,A,0.25-N4-b8,12317135976041199013,3.930000002583256e-05,7,1,6,0,0,8,8.15429125694371e-05,1.0192864071179638e-05,1.0192864071179638e-05,0.005401399999982459
Mk01-11-1,Mk01,11,1,0.25,14,4,8,3,C,0.25-N4-b8,12317135976041199013,3.260000005411712e-05,6,1,5,0,0,7,0.0,0.0,0.0,0.00494319999995696
Mk01-11-1,Mk01,11,1,0.25,14,5,4,0,R0,0.25-N5-b4,14269335672528709234,4.3000000005122274e-05,13,4,9,0,0,4,0.006030211985219089,0.0015075529963047723,0.0015075529963047723,0.003821799999968789
Mk01-11-1,Mk01,11,1,0.25,14,5,4,0,R1,0.25-N5-b4,14269335672528709234,5.910000004405447e-05,42,4,37,0,1,4,0.0,0.0,0.0,0.00482560000000376
Mk01-11-1,Mk01,11,1,0.25,14,5,4,0,S,0.25-N5-b4,14269335672528709234,3.580000009151263e-05,23,4,19,0,0,4,0.006030211985219089,0.0015075529963047723,0.0015075529963047723,0.004652899999996407
Mk01-11-1,Mk01,11,1,0.25,14,5,4,0,A,0.25-N5-b4,14269335672528709234,4.3900000036956044e-05,17,4,13,0,0,4,0.006030211985219089,0.0015075529963047723,0.0015075529963047723,0.0040157999999337335
Mk01-11-1,Mk01,11,1,0.25,14,5,4,0,C,0.25-N5-b4,14269335672528709234,3.709999998591229e-05,23,4,19,0,0,4,0.006030211985219089,0.0015075529963047723,0.0015075529963047723,0.004149499999925865
Mk01-11-1,Mk01,11,1,0.25,14,5,4,1,R0,0.25-N5-b4,14555965944567926275,5.209999994804093e-05,19,4,15,0,0,4,0.006030211985219089,0.0015075529963047723,0.0015075529963047723,0.004127999999923304
Mk01-11-1,Mk01,11,1,0.25,14,5,4,1,R1,0.25-N5-b4,14555965944567926275,5.2199999913682404e-05,10,4,6,0,0,4,0.006030211985219089,0.0015075529963047723,0.0015075529963047723,0.004026800000019648
Mk01-11-1,Mk01,11,1,0.25,14,5,4,1,S,0.25-N5-b4,14555965944567926275,3.72000000652406e-05,9,4,5,0,0,4,0.006030211985219089,0.0015075529963047723,0.0015075529963047723,0.0035110000000031505
Mk01-11-1,Mk01,11,1,0.25,14,5,4,1,A,0.25-N5-b4,14555965944567926275,2.859999995052931e-05,12,4,8,0,0,4,0.008608132405856719,0.0021520331014641798,0.0021520331014641798,0.0036046999999825857
Mk01-11-1,Mk01,11,1,0.25,14,5,4,1,C,0.25-N5-b4,14555965944567926275,2.689999996619008e-05,9,4,5,0,0,4,0.006030211985219089,0.0015075529963047723,0.0015075529963047723,0.0035188000000516695
Mk01-11-1,Mk01,11,1,0.25,14,5,4,2,R0,0.25-N5-b4,13955296360086591150,3.169999990859651e-05,24,4,20,0,0,4,0.0003853779339616954,9.634448349042386e-05,9.634448349042386e-05,0.004676300000028277
Mk01-11-1,Mk01,11,1,0.25,14,5,4,2,R1,0.25-N5-b4,13955296360086591150,6.459999997332488e-05,24,4,20,0,0,4,0.0003853779339616954,9.634448349042386e-05,9.634448349042386e-05,0.0038971999999830587
Mk01-11-1,Mk01,11,1,0.25,14,5,4,2,S,0.25-N5-b4,13955296360086591150,3.209999999853608e-05,24,4,20,0,0,4,0.00657221440918993,0.0016430536022974825,0.0016430536022974825,0.0039479000000710585
Mk01-11-1,Mk01,11,1,0.25,14,5,4,2,A,0.25-N5-b4,13955296360086591150,3.179999998792482e-05,27,4,23,0,0,4,0.00657221440918993,0.0016430536022974825,0.0016430536022974825,0.004011300000001938
Mk01-11-1,Mk01,11,1,0.25,14,5,4,2,C,0.25-N5-b4,13955296360086591150,2.8299999939918052e-05,24,4,20,0,0,4,0.00657221440918993,0.0016430536022974825,0.0016430536022974825,0.004095399999982874
Mk01-11-1,Mk01,11,1,0.25,14,5,4,3,R0,0.25-N5-b4,16122658255484646935,3.3799999982875306e-05,31,4,25,0,2,4,0.006030211985219089,0.0015075529963047723,0.0015075529963047723,0.0041995999999926426
Mk01-11-1,Mk01,11,1,0.25,14,5,4,3,R1,0.25-N5-b4,16122658255484646935,4.849999993439269e-05,23,4,19,0,0,4,0.0009019957232371274,0.00022549893080928184,0.00022549893080928184,0.003950499999973545
Mk01-11-1,Mk01,11,1,0.25,14,5,4,3,S,0.25-N5-b4,16122658255484646935,3.370000001723383e-05,14,4,10,0,0,4,0.0009019957232371274,0.00022549893080928184,0.00022549893080928184,0.003840900000000147
Mk01-11-1,Mk01,11,1,0.25,14,5,4,3,A,0.25-N5-b4,16122658255484646935,3.749999996216502e-05,23,4,18,0,1,4,0.0,0.0,0.0,0.005342599999949016
Mk01-11-1,Mk01,11,1,0.25,14,5,4,3,C,0.25-N5-b4,16122658255484646935,3.839999999399879e-05,14,4,10,0,0,4,0.0009019957232371274,0.00022549893080928184,0.00022549893080928184,0.0038372999999864987
Mk01-11-1,Mk01,11,1,0.25,14,5,8,0,R0,0.25-N5-b8,14269335672528709234,3.930000002583256e-05,24,8,16,0,0,8,0.00657221440918993,0.0008215268011487413,0.0008215268011487413,0.007568300000002637
Mk01-11-1,Mk01,11,1,0.25,14,5,8,0,R1,0.25-N5-b8,14269335672528709234,5.849999990914512e-05,49,8,40,0,1,8,0.006572214409189899,0.0008215268011487374,0.0008215268011487374,0.008581499999991138
Mk01-11-1,Mk01,11,1,0.25,14,5,8,0,S,0.25-N5-b8,14269335672528709234,3.839999999399879e-05,49,8,39,0,2,8,0.006030211985219089,0.0007537764981523862,0.0007537764981523862,0.007987200000002304
Mk01-11-1,Mk01,11,1,0.25,14,5,8,0,A,0.25-N5-b8,14269335672528709234,4.5199999931355705e-05,44,8,34,0,2,8,0.006030211985219089,0.0007537764981523862,0.0007537764981523862,0.008032100000036735
Mk01-11-1,Mk01,11,1,0.25,14,5,8,0,C,0.25-N5-b8,14269335672528709234,4.060000003391906e-05,66,8,54,0,4,8,0.006030211985219089,0.0007537764981523862,0.0007537764981523862,0.008519400000068345
Mk01-11-1,Mk01,11,1,0.25,14,5,8,1,R0,0.25-N5-b8,14555965944567926275,3.98000000814136e-05,36,8,25,0,3,8,0.006030211985219089,0.0007537764981523862,0.0007537764981523862,0.007608099999970364
Mk01-11-1,Mk01,11,1,0.25,14,5,8,1,R1,0.25-N5-b8,14555965944567926275,6.25999999783744e-05,29,8,19,0,2,8,0.008608132405856719,0.0010760165507320899,0.0010760165507320899,0.007517399999983354
Mk01-11-1,Mk01,11,1,0.25,14,5,8,1,S,0.25-N5-b8,14555965944567926275,3.9099999980862776e-05,30,8,22,0,0,8,0.00657221440918993,0.0008215268011487413,0.0008215268011487413,0.007555099999990489
Mk01-11-1,Mk01,11,1,0.25,14,5,8,1,A,0.25-N5-b8,14555965944567926275,3.579999997782579e-05,38,8,29,0,1,8,0.008608132405856719,0.0010760165507320899,0.0010760165507320899,0.007839300000000549
Mk01-11-1,Mk01,11,1,0.25,14,5,8,1,C,0.25-N5-b8,14555965944567926275,4.230000001825829e-05,27,8,18,0,1,8,0.008608132405856719,0.0010760165507320899,0.0010760165507320899,0.007489799999916613
Mk01-11-1,Mk01,11,1,0.25,14,5,8,2,R0,0.25-N5-b8,13955296360086591150,3.3799999982875306e-05,32,8,24,0,0,8,0.00657221440918993,0.0008215268011487413,0.0008215268011487413,0.008172800000011193
Mk01-11-1,Mk01,11,1,0.25,14,5,8,2,R1,0.25-N5-b8,13955296360086591150,7.010000001628214e-05,57,8,47,0,2,8,0.0003853779339616954,4.817224174521193e-05,4.817224174521193e-05,0.008241200000043136
Mk01-11-1,Mk01,11,1,0.25,14,5,8,2,S,0.25-N5-b8,13955296360086591150,3.6500000078376615e-05,49,8,38,0,3,8,0.00657221440918993,0.0008215268011487413,0.0008215268011487413,0.00841790000004039
Mk01-11-1,Mk01,11,1,0.25,14,5,8,2,A,0.25-N5-b8,13955296360086591150,4.149999995206599e-05,44,8,34,0,2,8,0.00657221440918993,0.0008215268011487413,0.0008215268011487413,0.00805209999998624
Mk01-11-1,Mk01,11,1,0.25,14,5,8,2,C,0.25-N5-b8,13955296360086591150,3.85000000733271e-05,36,8,28,0,0,8,0.00657221440918993,0.0008215268011487413,0.0008215268011487413,0.007872899999938454
Mk01-11-1,Mk01,11,1,0.25,14,5,8,3,R0,0.25-N5-b8,16122658255484646935,3.2899999951041536e-05,61,8,50,0,3,8,0.006030211985219089,0.0007537764981523862,0.0007537764981523862,0.008247900000014852
Mk01-11-1,Mk01,11,1,0.25,14,5,8,3,R1,0.25-N5-b8,16122658255484646935,7.019999998192361e-05,39,8,31,0,0,8,0.006030211985219089,0.0007537764981523862,0.0007537764981523862,0.008443899999974747
Mk01-11-1,Mk01,11,1,0.25,14,5,8,3,S,0.25-N5-b8,16122658255484646935,3.800000001774606e-05,32,8,23,0,1,8,0.006030211985219089,0.0007537764981523862,0.0007537764981523862,0.007609100000081526
Mk01-11-1,Mk01,11,1,0.25,14,5,8,3,A,0.25-N5-b8,16122658255484646935,3.360000005159236e-05,48,8,39,0,1,8,0.01043673781574019,0.0013045922269675238,0.0013045922269675238,0.008081100000026709
Mk01-11-1,Mk01,11,1,0.25,14,5,8,3,C,0.25-N5-b8,16122658255484646935,3.579999997782579e-05,48,8,38,0,2,8,0.006030211985219089,0.0007537764981523862,0.0007537764981523862,0.007894200000009732
Mk01-11-1,Mk01,11,1,0.25,14,6,4,0,R0,0.25-N6-b4,5727232044014727302,3.130000004603062e-05,2,1,0,0,1,3,0.006030211985219089,0.0020100706617396965,0.0015075529963047723,0.0020747999999457534
Mk01-11-1,Mk01,11,1,0.25,14,6,4,0,R1,0.25-N6-b4,5727232044014727302,4.520000004504254e-05,2,1,0,0,1,3,0.006030211985219089,0.0020100706617396965,0.0015075529963047723,0.00227570000004107
Mk01-11-1,Mk01,11,1,0.25,14,6,4,0,S,0.25-N6-b4,5727232044014727302,4.170000011072261e-05,2,1,0,0,1,3,0.006030211985219089,0.0020100706617396965,0.0015075529963047723,0.0021874000000252636
Mk01-11-1,Mk01,11,1,0.25,14,6,4,0,A,0.25-N6-b4,5727232044014727302,3.1499999977313564e-05,2,1,0,0,1,3,0.006030211985219089,0.0020100706617396965,0.0015075529963047723,0.002088000000071588
Mk01-11-1,Mk01,11,1,0.25,14,6,4,0,C,0.25-N6-b4,5727232044014727302,2.6299999944967567e-05,2,1,0,0,1,3,0.006030211985219089,0.0020100706617396965,0.0015075529963047723,0.0021070000000236178
Mk01-11-1,Mk01,11,1,0.25,14,6,4,1,R0,0.25-N6-b4,10758037830098237523,3.140000001167209e-05,3,0,3,0,0,3,0.0,0.0,0.0,0.0019164000000273518
Mk01-11-1,Mk01,11,1,0.25,14,6,4,1,R1,0.25-N6-b4,10758037830098237523,4.3000000005122274e-05,2,1,0,0,1,3,0.006030211985219089,0.0020100706617396965,0.0015075529963047723,0.0020996000000650383
Mk01-11-1,Mk01,11,1,0.25,14,6,4,1,S,0.25-N6-b4,10758037830098237523,2.700000004551839e-05,2,1,0,0,1,3,0.006030211985219089,0.0020100706617396965,0.0015075529963047723,0.0021111999999448017
Mk01-11-1,Mk01,11,1,0.25,14,6,4,1,A,0.25-N6-b4,10758037830098237523,2.649999998993735e-05,2,1,0,0,1,3,0.006030211985219089,0.0020100706617396965,0.0015075529963047723,0.002112199999942277
Mk01-11-1,Mk01,11,1,0.25,14,6,4,1,C,0.25-N6-b4,10758037830098237523,2.4999999936881068e-05,2,1,0,0,1,3,0.006030211985219089,0.0020100706617396965,0.0015075529963047723,0.003058699999996861
Mk01-11-1,Mk01,11,1,0.25,14,6,4,2,R0,0.25-N6-b4,2011984106115109168,3.5899999943467265e-05,2,1,0,0,1,3,0.006030211985219089,0.0020100706617396965,0.0015075529963047723,0.0020930000000589644
Mk01-11-1,Mk01,11,1,0.25,14,6,4,2,R1,0.25-N6-b4,2011984106115109168,4.4800000068789814e-05,2,1,0,0,1,3,0.006030211985219089,0.0020100706617396965,0.0015075529963047723,0.0020640000000184955
Mk01-11-1,Mk01,11,1,0.25,14,6,4,2,S,0.25-N6-b4,2011984106115109168,2.7499999987412593e-05,2,1,0,0,1,3,0.006030211985219089,0.0020100706617396965,0.0015075529963047723,0.0020758000000569155
Mk01-11-1,Mk01,11,1,0.25,14,6,4,2,A,0.25-N6-b4,2011984106115109168,2.740000002177112e-05,2,1,0,0,1,3,0.006030211985219089,0.0020100706617396965,0.0015075529963047723,0.0020619000000579035
Mk01-11-1,Mk01,11,1,0.25,14,6,4,2,C,0.25-N6-b4,2011984106115109168,2.5800000003073364e-05,2,1,0,0,1,3,0.006030211985219089,0.0020100706617396965,0.0015075529963047723,0.0020733999999720254
Mk01-11-1,Mk01,11,1,0.25,14,6,4,3,R0,0.25-N6-b4,14559262205166339908,2.8100000008635106e-05,3,0,3,0,0,3,0.0,0.0,0.0,0.0019211999999697582
Mk01-11-1,Mk01,11,1,0.25,14,6,4,3,R1,0.25-N6-b4,14559262205166339908,4.279999996015249e-05,3,0,3,0,0,3,0.0,0.0,0.0,0.0021473000000469256
Mk01-11-1,Mk01,11,1,0.25,14,6,4,3,S,0.25-N6-b4,14559262205166339908,6.370000005517795e-05,2,1,0,0,1,3,0.006030211985219089,0.0020100706617396965,0.0015075529963047723,0.002487099999939346
Mk01-11-1,Mk01,11,1,0.25,14,6,4,3,A,0.25-N6-b4,14559262205166339908,3.5200000070290116e-05,2,1,0,0,1,3,0.006030211985219089,0.0020100706617396965,0.0015075529963047723,0.002069299999902796
Mk01-11-1,Mk01,11,1,0.25,14,6,4,3,C,0.25-N6-b4,14559262205166339908,2.6700000034907134e-05,2,1,0,0,1,3,0.006030211985219089,0.0020100706617396965,0.0015075529963047723,0.0020849999999654756
Mk01-11-1,Mk01,11,1,0.25,14,6,8,0,R0,0.25-N6-b8,5727232044014727302,3.2000000032894604e-05,6,1,0,0,5,7,0.006030211985219089,0.0008614588550312984,0.0007537764981523862,0.0045229999999492065
Mk01-11-1,Mk01,11,1,0.25,14,6,8,0,R1,0.25-N6-b8,5727232044014727302,4.9699999976837717e-05,6,1,0,0,5,7,0.006030211985219089,0.0008614588550312984,0.0007537764981523862,0.004791300000078991
Mk01-11-1,Mk01,11,1,0.25,14,6,8,0,S,0.25-N6-b8,5727232044014727302,3.8600000038968574e-05,6,1,0,0,5,7,0.006030211985219089,0.0008614588550312984,0.0007537764981523862,0.004874499999914406
Mk01-11-1,Mk01,11,1,0.25,14,6,8,0,A,0.25-N6-b8,5727232044014727302,3.540000000157306e-05,6,1,0,0,5,7,0.006030211985219089,0.0008614588550312984,0.0007537764981523862,0.00468019999993885
Mk01-11-1,Mk01,11,1,0.25,14,6,8,0,C,0.25-N6-b8,5727232044014727302,3.230000004350586e-05,6,1,0,0,5,7,0.006030211985219089,0.0008614588550312984,0.0007537764981523862,0.0046149999999443025
Mk01-11-1,Mk01,11,1,0.25,14,6,8,1,R0,0.25-N6-b8,10758037830098237523,3.340000000662258e-05,7,0,7,0,0,7,0.0,0.0,0.0,0.00502670000003036
Mk01-11-1,Mk01,11,1,0.25,14,6,8,1,R1,0.25-N6-b8,10758037830098237523,5.740000005971524e-05,6,1,0,0,5,7,0.006030211985219089,0.0008614588550312984,0.0007537764981523862,0.004955100000074708
Mk01-11-1,Mk01,11,1,0.25,14,6,8,1,S,0.25-N6-b8,10758037830098237523,3.5899999943467265e-05,6,1,0,0,5,7,0.006030211985219089,0.0008614588550312984,0.0007537764981523862,0.0063135000000329455
Mk01-11-1,Mk01,11,1,0.25,14,6,8,1,A,0.25-N6-b8,10758037830098237523,6.329999996523838e-05,6,1,0,0,5,7,0.006030211985219089,0.0008614588550312984,0.0007537764981523862,0.005851399999983187
Mk01-11-1,Mk01,11,1,0.25,14,6,8,1,C,0.25-N6-b8,10758037830098237523,5.529999998543644e-05,6,1,0,0,5,7,0.006030211985219089,0.0008614588550312984,0.0007537764981523862,0.005377500000008695
Mk01-11-1,Mk01,11,1,0.25,14,6,8,2,R0,0.25-N6-b8,2011984106115109168,3.449999996973929e-05,6,1,0,0,5,7,0.006030211985219089,0.0008614588550312984,0.0007537764981523862,0.0048173999999789885
Mk01-11-1,Mk01,11,1,0.25,14,6,8,2,R1,0.25-N6-b8,2011984106115109168,5.1200000029894e-05,6,1,0,0,5,7,0.006030211985219089,0.0008614588550312984,0.0007537764981523862,0.004989000000023225
Mk01-11-1,Mk01,11,1,0.25,14,6,8,2,S,0.25-N6-b8,2011984106115109168,4.450000005817856e-05,6,1,0,0,5,7,0.006030211985219089,0.0008614588550312984,0.0007537764981523862,0.004882000000066
Mk01-11-1,Mk01,11,1,0.25,14,6,8,2,A,0.25-N6-b8,2011984106115109168,3.220000007786439e-05,6,1,0,0,5,7,0.006030211985219089,0.0008614588550312984,0.0007537764981523862,0.004706899999973757
Mk01-11-1,Mk01,11,1,0.25,14,6,8,2,C,0.25-N6-b8,2011984106115109168,2.6200000093012932e-05,6,1,0,0,5,7,0.006030211985219089,0.0008614588550312984,0.0007537764981523862,0.004930500000000393
Mk01-11-1,Mk01,11,1,0.25,14,6,8,3,R0,0.25-N6-b8,14559262205166339908,3.3799999982875306e-05,7,0,7,0,0,7,0.0,0.0,0.0,0.004318900000043868
Mk01-11-1,Mk01,11,1,0.25,14,6,8,3,R1,0.25-N6-b8,14559262205166339908,4.419999993388046e-05,7,0,7,0,0,7,0.0,0.0,0.0,0.004301700000041819
Mk01-11-1,Mk01,11,1,0.25,14,6,8,3,S,0.25-N6-b8,14559262205166339908,2.5499999992462108e-05,6,1,0,0,5,7,0.006030211985219089,0.0008614588550312984,0.0007537764981523862,0.004760700000019824
Mk01-11-1,Mk01,11,1,0.25,14,6,8,3,A,0.25-N6-b8,14559262205166339908,2.560000007179042e-05,6,1,0,0,5,7,0.006030211985219089,0.0008614588550312984,0.0007537764981523862,0.006094399999938105
Mk01-11-1,Mk01,11,1,0.25,14,6,8,3,C,0.25-N6-b8,14559262205166339908,3.830000002835732e-05,6,1,0,0,5,7,0.006030211985219089,0.0008614588550312984,0.0007537764981523862,0.005298600000060105
Mk01-11-1,Mk01,11,1,0.5,28,1,4,0,R0,0.5-N1-b4,15151968922103434237,3.72000000652406e-05,160,2,157,1,0,2,0.0,0.0,0.0,0.006613099999981387
Mk01-11-1,Mk01,11,1,0.5,28,1,4,0,R1,0.5-N1-b4,15151968922103434237,8.530000002338056e-05,160,2,157,1,0,2,0.0,0.0,0.0,0.005655599999954575
Mk01-11-1,Mk01,11,1,0.5,28,1,4,0,S,0.5-N1-b4,15151968922103434237,2.7499999987412593e-05,91,4,86,1,0,4,0.005888147339250896,0.001472036834812724,0.001472036834812724,0.005300299999930758
Mk01-11-1,Mk01,11,1,0.5,28,1,4,0,A,0.5-N1-b4,15151968922103434237,2.5800000003073364e-05,160,1,158,1,0,1,0.0,0.0,0.0,0.005287199999997938
Mk01-11-1,Mk01,11,1,0.5,28,1,4,0,C,0.5-N1-b4,15151968922103434237,3.500000002532033e-05,160,3,156,1,0,3,0.005888147339250896,0.001962715779750299,0.001472036834812724,0.0062774000000445085
Mk01-11-1,Mk01,11,1,0.5,28,1,4,1,R0,0.5-N1-b4,17342807213929688677,3.179999998792482e-05,160,1,157,2,0,1,0.0,0.0,0.0,0.00742400000001453
Mk01-11-1,Mk01,11,1,0.5,28,1,4,1,R1,0.5-N1-b4,17342807213929688677,8.509999997841078e-05,160,1,157,2,0,1,0.0,0.0,0.0,0.005290999999942869
Mk01-11-1,Mk01,11,1,0.5,28,1,4,1,S,0.5-N1-b4,17342807213929688677,3.490000005967886e-05,160,2,156,2,0,2,0.0,0.0,0.0,0.005694100000027902
Mk01-11-1,Mk01,11,1,0.5,28,1,4,1,A,0.5-N1-b4,17342807213929688677,2.8500000098574674e-05,150,4,144,1,1,4,0.0,0.0,0.0,0.007641700000021956
Mk01-11-1,Mk01,11,1,0.5,28,1,4,1,C,0.5-N1-b4,17342807213929688677,3.5600000046542846e-05,160,3,155,2,0,3,0.0,0.0,0.0,0.006518300000038835
Mk01-11-1,Mk01,11,1,0.5,28,1,4,2,R0,0.5-N1-b4,13308393383497536520,3.3800000096562144e-05,160,1,157,2,0,1,0.0,0.0,0.0,0.004835999999954765
Mk01-11-1,Mk01,11,1,0.5,28,1,4,2,R1,0.5-N1-b4,13308393383497536520,4.8699999979362474e-05,160,0,158,2,0,0,0.0,,0.0,0.0043849999999565625
Mk01-11-1,Mk01,11,1,0.5,28,1,4,2,S,0.5-N1-b4,13308393383497536520,3.500000002532033e-05,160,1,157,2,0,1,0.0,0.0,0.0,0.004859099999976024
Mk01-11-1,Mk01,11,1,0.5,28,1,4,2,A,0.5-N1-b4,13308393383497536520,2.689999996619008e-05,160,0,158,2,0,0,0.0,,0.0,0.004006399999980204
Mk01-11-1,Mk01,11,1,0.5,28,1,4,2,C,0.5-N1-b4,13308393383497536520,2.4800000005598122e-05,160,3,155,2,0,3,0.0004791438546336464,0.00015971461821121546,0.0001197859636584116,0.006965999999920314
Mk01-11-1,Mk01,11,1,0.5,28,1,4,3,R0,0.5-N1-b4,11930928988382020535,3.530000003593159e-05,160,0,157,3,0,0,0.0,,0.0,0.004032199999983277
Mk01-11-1,Mk01,11,1,0.5,28,1,4,3,R1,0.5-N1-b4,11930928988382020535,4.679999995005346e-05,106,4,102,0,0,4,0.0,0.0,0.0,0.006014100000015787
Mk01-11-1,Mk01,11,1,0.5,28,1,4,3,S,0.5-N1-b4,11930928988382020535,2.740000002177112e-05,160,2,155,3,0,2,0.0,0.0,0.0,0.006068000000027496
Mk01-11-1,Mk01,11,1,0.5,28,1,4,3,A,0.5-N1-b4,11930928988382020535,3.570000001218432e-05,160,1,156,3,0,1,0.0,0.0,0.0,0.004895899999951325
Mk01-11-1,Mk01,11,1,0.5,28,1,4,3,C,0.5-N1-b4,11930928988382020535,2.7100000011159864e-05,160,1,156,3,0,1,0.0,0.0,0.0,0.004919300000096882
Mk01-11-1,Mk01,11,1,0.5,28,1,8,0,R0,0.5-N1-b8,15151968922103434237,3.7300000030882074e-05,320,6,310,1,3,6,0.0,0.0,0.0,0.013998399999991307
Mk01-11-1,Mk01,11,1,0.5,28,1,8,0,R1,0.5-N1-b8,15151968922103434237,6.329999996523838e-05,259,8,249,1,1,8,0.008608132405856702,0.0010760165507320877,0.0010760165507320877,0.013469900000018242
Mk01-11-1,Mk01,11,1,0.5,28,1,8,0,S,0.5-N1-b8,15151968922103434237,3.630000003340683e-05,320,5,312,1,2,5,0.005888147339250896,0.0011776294678501793,0.000736018417406362,0.012378699999999299
Mk01-11-1,Mk01,11,1,0.5,28,1,8,0,A,0.5-N1-b8,15151968922103434237,3.550000008090137e-05,320,3,313,1,3,3,0.014684468272699818,0.004894822757566606,0.0018355585340874773,0.01020169999992504
Mk01-11-1,Mk01,11,1,0.5,28,1,8,0,C,0.5-N1-b8,15151968922103434237,2.7999999929306796e-05,320,3,314,1,2,3,0.005888147339250896,0.001962715779750299,0.000736018417406362,0.010509200000001329
Mk01-11-1,Mk01,11,1,0.5,28,1,8,1,R0,0.5-N1-b8,17342807213929688677,3.5099999990961805e-05,320,3,315,2,0,3,0.0,0.0,0.0,0.010971100000006118
Mk01-11-1,Mk01,11,1,0.5,28,1,8,1,R1,0.5-N1-b8,17342807213929688677,6.0200000007171184e-05,320,1,317,2,0,1,0.0,0.0,0.0,0.008699999999976171
Mk01-11-1,Mk01,11,1,0.5,28,1,8,1,S,0.5-N1-b8,17342807213929688677,2.870000002985762e-05,320,5,313,2,0,5,0.00020628502547833695,4.125700509566739e-05,2.578562818479212e-05,0.012324400000011337
Mk01-11-1,Mk01,11,1,0.5,28,1,8,1,A,0.5-N1-b8,17342807213929688677,3.390000006220362e-05,320,5,312,2,1,5,0.0,0.0,0.0,0.011929099999974824
Mk01-11-1,Mk01,11,1,0.5,28,1,8,1,C,0.5-N1-b8,17342807213929688677,3.299999991668301e-05,320,6,312,2,0,6,0.0004791438546336464,7.985730910560773e-05,5.98929818292058e-05,0.012968200000045726
Mk01-11-1,Mk01,11,1,0.5,28,1,8,2,R0,0.5-N1-b8,13308393383497536520,3.46000000490676e-05,320,4,312,4,0,4,0.0,0.0,0.0,0.011490399999956935
Mk01-11-1,Mk01,11,1,0.5,28,1,8,2,R1,0.5-N1-b8,13308393383497536520,5.699999996977567e-05,320,5,310,4,1,5,0.004835717266720189,0.0009671434533440378,0.0006044646583400236,0.012456999999926666
Mk01-11-1,Mk01,11,1,0.5,28,1,8,2,S,0.5-N1-b8,13308393383497536520,4.279999996015249e-05,320,4,312,4,0,4,0.0,0.0,0.0,0.011117399999989175
Mk01-11-1,Mk01,11,1,0.5,28,1,8,2,A,0.5-N1-b8,13308393383497536520,3.2899999951041536e-05,320,5,310,4,1,5,0.014684468272699818,0.0029368936545399638,0.0018355585340874773,0.01322620000007646
Mk01-11-1,Mk01,11,1,0.5,28,1,8,2,C,0.5-N1-b8,13308393383497536520,3.5099999990961805e-05,294,8,280,4,2,8,0.004835717266720189,0.0006044646583400236,0.0006044646583400236,0.014482599999951162
Mk01-11-1,Mk01,11,1,0.5,28,1,8,3,R0,0.5-N1-b8,11930928988382020535,5.809999993289239e-05,320,5,311,4,0,5,0.008608132405856702,0.0017216264811713404,0.0010760165507320877,0.013722300000040377
Mk01-11-1,Mk01,11,1,0.5,28,1,8,3,R1,0.5-N1-b8,11930928988382020535,6.250000001273293e-05,246,8,234,4,0,8,0.0,0.0,0.0,0.014232100000072023
Mk01-11-1,Mk01,11,1,0.5,28,1,8,3,S,0.5-N1-b8,11930928988382020535,4.0399999988949276e-05,320,6,310,4,0,6,0.005888147339250896,0.0009813578898751495,0.000736018417406362,0.013757399999917652
Mk01-11-1,Mk01,11,1,0.5,28,1,8,3,A,0.5-N1-b8,11930928988382020535,3.85000000733271e-05,320,4,312,4,0,4,0.004835717266720189,0.0012089293166800473,0.0006044646583400236,0.011881199999947967
Mk01-11-1,Mk01,11,1,0.5,28,1,8,3,C,0.5-N1-b8,11930928988382020535,3.990000004705507e-05,320,6,310,4,0,6,0.005888147339250896,0.0009813578898751495,0.000736018417406362,0.012721499999997832
Mk01-11-1,Mk01,11,1,0.5,28,2,4,0,R0,0.5-N2-b4,14070644815047859200,3.4300000038456346e-05,160,0,160,0,0,0,0.0,,0.0,0.005723600000010265
Mk01-11-1,Mk01,11,1,0.5,28,2,4,0,R1,0.5-N2-b4,14070644815047859200,8.109999998850981e-05,160,0,160,0,0,0,0.0,,0.0,0.005141900000012356
Mk01-11-1,Mk01,11,1,0.5,28,2,4,0,S,0.5-N2-b4,14070644815047859200,2.8600000064216147e-05,160,0,160,0,0,0,0.0,,0.0,0.005194000000074084
Mk01-11-1,Mk01,11,1,0.5,28,2,4,0,A,0.5-N2-b4,14070644815047859200,2.8400000019246363e-05,160,0,160,0,0,0,0.0,,0.0,0.005647899999985384
Mk01-11-1,Mk01,11,1,0.5,28,2,4,0,C,0.5-N2-b4,14070644815047859200,4.100000001017179e-05,160,0,160,0,0,0,0.0,,0.0,0.0055677999999943495
Mk01-11-1,Mk01,11,1,0.5,28,2,4,1,R0,0.5-N2-b4,9862923388708660478,3.540000000157306e-05,160,0,160,0,0,0,0.0,,0.0,0.005821500000024571
Mk01-11-1,Mk01,11,1,0.5,28,2,4,1,R1,0.5-N2-b4,9862923388708660478,0.00011130000007142371,160,0,160,0,0,0,0.0,,0.0,0.0073144000000411324
Mk01-11-1,Mk01,11,1,0.5,28,2,4,1,S,0.5-N2-b4,9862923388708660478,4.6499999939442205e-05,160,0,160,0,0,0,0.0,,0.0,0.0054627999999183885
Mk01-11-1,Mk01,11,1,0.5,28,2,4,1,A,0.5-N2-b4,9862923388708660478,3.2400000009147334e-05,160,0,160,0,0,0,0.0,,0.0,0.005544699999973091
Mk01-11-1,Mk01,11,1,0.5,28,2,4,1,C,0.5-N2-b4,9862923388708660478,4.629999989447242e-05,160,0,160,0,0,0,0.0,,0.0,0.005870899999990797
Mk01-11-1,Mk01,11,1,0.5,28,2,4,2,R0,0.5-N2-b4,12335012077448306330,3.810000009707437e-05,160,0,160,0,0,0,0.0,,0.0,0.005335500000001048
Mk01-11-1,Mk01,11,1,0.5,28,2,4,2,R1,0.5-N2-b4,12335012077448306330,5.2699999969263445e-05,160,0,160,0,0,0,0.0,,0.0,0.006379600000059327
Mk01-11-1,Mk01,11,1,0.5,28,2,4,2,S,0.5-N2-b4,12335012077448306330,6.139999993592937e-05,160,0,160,0,0,0,0.0,,0.0,0.005590500000039356
Mk01-11-1,Mk01,11,1,0.5,28,2,4,2,A,0.5-N2-b4,12335012077448306330,3.570000001218432e-05,160,0,160,0,0,0,0.0,,0.0,0.005218900000045323
Mk01-11-1,Mk01,11,1,0.5,28,2,4,2,C,0.5-N2-b4,12335012077448306330,3.190000006725313e-05,160,0,160,0,0,0,0.0,,0.0,0.006771800000024086
Mk01-11-1,Mk01,11,1,0.5,28,2,4,3,R0,0.5-N2-b4,10894830021445697650,5.7700000070326496e-05,160,0,160,0,0,0,0.0,,0.0,0.005706599999939499
Mk01-11-1,Mk01,11,1,0.5,28,2,4,3,R1,0.5-N2-b4,10894830021445697650,5.9799999917231617e-05,160,0,160,0,0,0,0.0,,0.0,0.005508899999995265
Mk01-11-1,Mk01,11,1,0.5,28,2,4,3,S,0.5-N2-b4,10894830021445697650,4.2099999973288504e-05,160,1,159,0,0,1,0.0,0.0,0.0,0.00646900000003825
Mk01-11-1,Mk01,11,1,0.5,28,2,4,3,A,0.5-N2-b4,10894830021445697650,3.609999998843705e-05,160,0,160,0,0,0,0.0,,0.0,0.005211799999983668
Mk01-11-1,Mk01,11,1,0.5,28,2,4,3,C,0.5-N2-b4,10894830021445697650,2.9300000051080133e-05,160,0,160,0,0,0,0.0,,0.0,0.005173300000024028
Mk01-11-1,Mk01,11,1,0.5,28,2,8,0,R0,0.5-N2-b8,14070644815047859200,3.130000004603062e-05,320,1,319,0,0,1,0.0,0.0,0.0,0.01210460000004332
Mk01-11-1,Mk01,11,1,0.5,28,2,8,0,R1,0.5-N2-b8,14070644815047859200,6.040000005214097e-05,320,1,319,0,0,1,0.0,0.0,0.0,0.012349299999982577
Mk01-11-1,Mk01,11,1,0.5,28,2,8,0,S,0.5-N2-b8,14070644815047859200,3.7700000007134804e-05,320,1,319,0,0,1,0.0,0.0,0.0,0.011653100000103223
Mk01-11-1,Mk01,11,1,0.5,28,2,8,0,A,0.5-N2-b8,14070644815047859200,3.879999997025152e-05,320,1,319,0,0,1,0.0,0.0,0.0,0.011246000000028289
Mk01-11-1,Mk01,11,1,0.5,28,2,8,0,C,0.5-N2-b8,14070644815047859200,3.269999990607175e-05,320,1,319,0,0,1,0.0,0.0,0.0,0.011974600000030478
Mk01-11-1,Mk01,11,1,0.5,28,2,8,1,R0,0.5-N2-b8,9862923388708660478,3.579999997782579e-05,320,0,320,0,0,0,0.0,,0.0,0.011363599999981489
Mk01-11-1,Mk01,11,1,0.5,28,2,8,1,R1,0.5-N2-b8,9862923388708660478,6.78000000107204e-05,320,1,319,0,0,1,0.0,0.0,0.0,0.011597999999935382
Mk01-11-1,Mk01,11,1,0.5,28,2,8,1,S,0.5-N2-b8,9862923388708660478,5.160000000614673e-05,320,0,320,0,0,0,0.0,,0.0,0.011034199999926386
Mk01-11-1,Mk01,11,1,0.5,28,2,8,1,A,0.5-N2-b8,9862923388708660478,4.1300000020783045e-05,320,0,320,0,0,0,0.0,,0.0,0.010979700000007142
Mk01-11-1,Mk01,11,1,0.5,28,2,8,1,C,0.5-N2-b8,9862923388708660478,4.120000005514157e-05,320,0,320,0,0,0,0.0,,0.0,0.010828800000012961
Mk01-11-1,Mk01,11,1,0.5,28,2,8,2,R0,0.5-N2-b8,12335012077448306330,6.270000005770271e-05,320,0,320,0,0,0,0.0,,0.0,0.010895699999991848
Mk01-11-1,Mk01,11,1,0.5,28,2,8,2,R1,0.5-N2-b8,12335012077448306330,6.480000001829467e-05,320,0,320,0,0,0,0.0,,0.0,0.010865699999953904
Mk01-11-1,Mk01,11,1,0.5,28,2,8,2,S,0.5-N2-b8,12335012077448306330,4.11000000895001e-05,320,0,320,0,0,0,0.0,,0.0,0.01074390000007952
Mk01-11-1,Mk01,11,1,0.5,28,2,8,2,A,0.5-N2-b8,12335012077448306330,4.100000001017179e-05,320,0,320,0,0,0,0.0,,0.0,0.010955200000012155
Mk01-11-1,Mk01,11,1,0.5,28,2,8,2,C,0.5-N2-b8,12335012077448306330,4.1199999941454735e-05,320,0,320,0,0,0,0.0,,0.0,0.012268000000062784
Mk01-11-1,Mk01,11,1,0.5,28,2,8,3,R0,0.5-N2-b8,10894830021445697650,3.779999997277628e-05,320,0,319,1,0,0,0.0,,0.0,0.010931600000049002
Mk01-11-1,Mk01,11,1,0.5,28,2,8,3,R1,0.5-N2-b8,10894830021445697650,0.00012619999995422404,320,0,319,1,0,0,0.0,,0.0,0.011018100000001141
Mk01-11-1,Mk01,11,1,0.5,28,2,8,3,S,0.5-N2-b8,10894830021445697650,4.369999999198626e-05,320,1,318,1,0,1,0.0,0.0,0.0,0.012057200000072044
Mk01-11-1,Mk01,11,1,0.5,28,2,8,3,A,0.5-N2-b8,10894830021445697650,4.4300000013208773e-05,320,1,318,1,0,1,0.0,0.0,0.0,0.011632700000063778
Mk01-11-1,Mk01,11,1,0.5,28,2,8,3,C,0.5-N2-b8,10894830021445697650,3.609999998843705e-05,320,0,319,1,0,0,0.0,,0.0,0.010651199999983874
Mk01-11-1,Mk01,11,1,0.5,28,3,4,0,R0,0.5-N3-b4,15703135540954218405,5.189999990307115e-05,9,4,4,0,1,4,0.004878451119164046,0.0012196127797910114,0.0012196127797910114,0.0038408000000345055
Mk01-11-1,Mk01,11,1,0.5,28,3,4,0,R1,0.5-N3-b4,15703135540954218405,0.00010410000004412723,11,4,7,0,0,4,0.00040324874683498116,0.00010081218670874529,0.00010081218670874529,0.0038730999999643245
Mk01-11-1,Mk01,11,1,0.5,28,3,4,0,S,0.5-N3-b4,15703135540954218405,2.830000005360489e-05,6,4,2,0,0,4,0.0007447270434943129,0.00018618176087357823,0.00018618176087357823,0.00363229999993564
Mk01-11-1,Mk01,11,1,0.5,28,3,4,0,A,0.5-N3-b4,15703135540954218405,2.700000004551839e-05,6,4,1,0,1,4,0.004878451119164046,0.0012196127797910114,0.0012196127797910114,0.003652599999895756
Mk01-11-1,Mk01,11,1,0.5,28,3,4,0,C,0.5-N3-b4,15703135540954218405,3.050000009352516e-05,4,4,0,0,0,4,0.004878451119164046,0.0012196127797910114,0.0012196127797910114,0.0035603000000037355
Mk01-11-1,Mk01,11,1,0.5,28,3,4,1,R0,0.5-N3-b4,15714897128646993163,4.1699999997035775e-05,5,4,1,0,0,4,0.004878451119164046,0.0012196127797910114,0.0012196127797910114,0.0038182999999207823
Mk01-11-1,Mk01,11,1,0.5,28,3,4,1,R1,0.5-N3-b4,15714897128646993163,5.3800000046067e-05,14,4,10,0,0,4,0.000515608379339394,0.0001289020948348485,0.0001289020948348485,0.003632200000083685
Mk01-11-1,Mk01,11,1,0.5,28,3,4,1,S,0.5-N3-b4,15714897128646993163,2.920000008543866e-05,5,4,1,0,0,4,0.0005156083793393836,0.0001289020948348459,0.0001289020948348459,0.00395499999990534
Mk01-11-1,Mk01,11,1,0.5,28,3,4,1,A,0.5-N3-b4,15714897128646993163,3.4300000038456346e-05,5,4,1,0,0,4,0.004878451119164046,0.0012196127797910114,0.0012196127797910114,0.003570400000057816
Mk01-11-1,Mk01,11,1,0.5,28,3,4,1,C,0.5-N3-b4,15714897128646993163,3.0599999945479794e-05,4,4,0,0,0,4,0.004878451119164046,0.0012196127797910114,0.0012196127797910114,0.0038550000000441287
Mk01-11-1,Mk01,11,1,0.5,28,3,4,2,R0,0.5-N3-b4,17197496693126992205,3.790000005210459e-05,5,4,1,0,0,4,0.000515608379339394,0.0001289020948348485,0.0001289020948348485,0.0034173999999893567
Mk01-11-1,Mk01,11,1,0.5,28,3,4,2,R1,0.5-N3-b4,17197496693126992205,4.980000005616603e-05,8,4,4,0,0,4,0.000515608379339394,0.0001289020948348485,0.0001289020948348485,0.003573000000073989
Mk01-11-1,Mk01,11,1,0.5,28,3,4,2,S,0.5-N3-b4,17197496693126992205,2.9400000016721606e-05,6,4,2,0,0,4,0.00011720740083992487,2.9301850209981217e-05,2.9301850209981217e-05,0.0034194999999499487
Mk01-11-1,Mk01,11,1,0.5,28,3,4,2,A,0.5-N3-b4,17197496693126992205,2.729999994244281e-05,5,4,1,0,0,4,0.0062393464952106,0.00155983662380265,0.00155983662380265,0.0036335999999437263
Mk01-11-1,Mk01,11,1,0.5,28,3,4,2,C,0.5-N3-b4,17197496693126992205,3.8199999949029007e-05,4,4,0,0,0,4,0.0062393464952106,0.00155983662380265,0.00155983662380265,0.0035198000000491447
Mk01-11-1,Mk01,11,1,0.5,28,3,4,3,R0,0.5-N3-b4,14052721724293848090,3.519999995660328e-05,8,4,4,0,0,4,8.15429125694371e-05,2.0385728142359276e-05,2.0385728142359276e-05,0.003608800000051815
Mk01-11-1,Mk01,11,1,0.5,28,3,4,3,R1,0.5-N3-b4,14052721724293848090,7.130000005872716e-05,9,4,5,0,0,4,0.005843580102618552,0.001460895025654638,0.001460895025654638,0.0035966000000371423
Mk01-11-1,Mk01,11,1,0.5,28,3,4,3,S,0.5-N3-b4,14052721724293848090,2.8899999961140566e-05,4,4,0,0,0,4,0.005843580102618552,0.001460895025654638,0.001460895025654638,0.004100700000094548
Mk01-11-1,Mk01,11,1,0.5,28,3,4,3,A,0.5-N3-b4,14052721724293848090,3.830000002835732e-05,8,4,4,0,0,4,8.15429125694371e-05,2.0385728142359276e-05,2.0385728142359276e-05,0.0034613999999919542
Mk01-11-1,Mk01,11,1,0.5,28,3,4,3,C,0.5-N3-b4,14052721724293848090,2.7100000011159864e-05,6,4,2,0,0,4,0.0,0.0,0.0,0.0034202000000504995
Mk01-11-1,Mk01,11,1,0.5,28,3,8,0,R0,0.5-N3-b8,15703135540954218405,3.2799999985400063e-05,21,8,12,0,1,8,0.0056825620158997055,0.0007103202519874632,0.0007103202519874632,0.006993999999963307
Mk01-11-1,Mk01,11,1,0.5,28,3,8,0,R1,0.5-N3-b8,15703135540954218405,0.00014469999996435945,18,8,10,0,0,8,0.00040324874683498116,5.0406093354372645e-05,5.0406093354372645e-05,0.007231799999999566
Mk01-11-1,Mk01,11,1,0.5,28,3,8,0,S,0.5-N3-b8,15703135540954218405,3.5200000070290116e-05,12,8,4,0,0,8,0.0007447270434943129,9.309088043678911e-05,9.309088043678911e-05,0.006985200000031
Mk01-11-1,Mk01,11,1,0.5,28,3,8,0,A,0.5-N3-b8,15703135540954218405,7.199999993190431e-05,12,8,3,0,1,8,0.004878451119164046,0.0006098063898955057,0.0006098063898955057,0.0072189000001117165
Mk01-11-1,Mk01,11,1,0.5,28,3,8,0,C,0.5-N3-b8,15703135540954218405,3.630000003340683e-05,11,8,2,0,1,8,0.004878451119164046,0.0006098063898955057,0.0006098063898955057,0.006744200000071032
Mk01-11-1,Mk01,11,1,0.5,28,3,8,1,R0,0.5-N3-b8,15714897128646993163,3.670000000965956e-05,15,8,7,0,0,8,0.004878451119164046,0.0006098063898955057,0.0006098063898955057,0.007233100000007653
Mk01-11-1,Mk01,11,1,0.5,28,3,8,1,R1,0.5-N3-b8,15714897128646993163,5.800000008093775e-05,20,8,12,0,0,8,0.0015033930592683233,0.00018792413240854042,0.00018792413240854042,0.007051500000102351
Mk01-11-1,Mk01,11,1,0.5,28,3,8,1,S,0.5-N3-b8,15714897128646993163,3.5499999967214535e-05,15,8,6,0,1,8,0.005390043807907745,0.0006737554759884681,0.0006737554759884681,0.007242200000064258
Mk01-11-1,Mk01,11,1,0.5,28,3,8,1,A,0.5-N3-b8,15714897128646993163,3.5600000046542846e-05,11,8,3,0,0,8,0.0056825620158997055,0.0007103202519874632,0.0007103202519874632,0.006578499999932319
Mk01-11-1,Mk01,11,1,0.5,28,3,8,1,C,0.5-N3-b8,15714897128646993163,2.7599999953054066e-05,12,8,4,0,0,8,0.0056825620158997055,0.0007103202519874632,0.0007103202519874632,0.007847200000014709
Mk01-11-1,Mk01,11,1,0.5,28,3,8,2,R0,0.5-N3-b8,17197496693126992205,3.670000000965956e-05,14,8,4,0,2,8,0.0005707420278729426,7.134275348411783e-05,7.134275348411783e-05,0.006678800000031515
Mk01-11-1,Mk01,11,1,0.5,28,3,8,2,R1,0.5-N3-b8,17197496693126992205,5.020000003241876e-05,15,8,6,0,1,8,0.0006421634277064426,8.027042846330532e-05,8.027042846330532e-05,0.0073432000000366315
Mk01-11-1,Mk01,11,1,0.5,28,3,8,2,S,0.5-N3-b8,17197496693126992205,7.560000005923939e-05,13,8,4,0,1,8,0.0005707420278729322,7.134275348411653e-05,7.134275348411653e-05,0.006978299999900628
Mk01-11-1,Mk01,11,1,0.5,28,3,8,2,A,0.5-N3-b8,17197496693126992205,3.3799999982875306e-05,16,8,6,0,2,8,0.0062393464952106,0.000779918311901325,0.000779918311901325,0.006800999999995838
Mk01-11-1,Mk01,11,1,0.5,28,3,8,2,C,0.5-N3-b8,17197496693126992205,5.2800000048591755e-05,13,8,4,0,1,8,0.0062393464952106,0.000779918311901325,0.000779918311901325,0.007563000000004649
Mk01-11-1,Mk01,11,1,0.5,28,3,8,3,R0,0.5-N3-b8,14052721724293848090,3.680000008898787e-05,18,8,9,0,1,8,8.15429125694371e-05,1.0192864071179638e-05,1.0192864071179638e-05,0.007090099999913946
Mk01-11-1,Mk01,11,1,0.5,28,3,8,3,R1,0.5-N3-b8,14052721724293848090,5.459999999857246e-05,23,8,14,0,1,8,0.005857509541094369,0.0007321886926367962,0.0007321886926367962,0.007706600000005892
Mk01-11-1,Mk01,11,1,0.5,28,3,8,3,S,0.5-N3-b8,14052721724293848090,3.630000003340683e-05,12,8,3,0,1,8,0.005843580102618552,0.000730447512827319,0.000730447512827319,0.00678779999998369
Mk01-11-1,Mk01,11,1,0.5,28,3,8,3,A,0.5-N3-b8,14052721724293848090,2.9400000016721606e-05,17,8,8,0,1,8,0.0056825620158997055,0.0007103202519874632,0.0007103202519874632,0.007854199999997036
Mk01-11-1,Mk01,11,1,0.5,28,3,8,3,C,0.5-N3-b8,14052721724293848090,4.0399999988949276e-05,14,8,5,0,1,8,0.0056825620158997055,0.0007103202519874632,0.0007103202519874632,0.006862599999976737
Mk01-11-1,Mk01,11,1,0.5,28,4,4,0,R0,0.5-N4-b4,11032618424482109402,3.490000005967886e-05,2,1,1,0,0,3,0.0,0.0,0.0,0.0020878000000266184
Mk01-11-1,Mk01,11,1,0.5,28,4,4,0,R1,0.5-N4-b4,11032618424482109402,4.8800000058690784e-05,2,1,1,0,0,3,0.0,0.0,0.0,0.0023472999999967215
Mk01-11-1,Mk01,11,1,0.5,28,4,4,0,S,0.5-N4-b4,11032618424482109402,8.200000002034358e-05,2,1,1,0,0,3,0.0,0.0,0.0,0.0020617000000129337
Mk01-11-1,Mk01,11,1,0.5,28,4,4,0,A,0.5-N4-b4,11032618424482109402,3.0199999969227065e-05,3,0,3,0,0,3,0.0,0.0,0.0,0.001810999999975138
Mk01-11-1,Mk01,11,1,0.5,28,4,4,0,C,0.5-N4-b4,11032618424482109402,4.73000000056345e-05,2,1,1,0,0,3,0.0,0.0,0.0,0.002050700000040706
Mk01-11-1,Mk01,11,1,0.5,28,4,4,1,R0,0.5-N4-b4,141721236014757175,3.219999996417755e-05,3,0,3,0,0,3,0.0,0.0,0.0,0.0018000999999685519
Mk01-11-1,Mk01,11,1,0.5,28,4,4,1,R1,0.5-N4-b4,141721236014757175,4.579999995257822e-05,2,1,1,0,0,3,0.0,0.0,0.0,0.0020187000000078115
Mk01-11-1,Mk01,11,1,0.5,28,4,4,1,S,0.5-N4-b4,141721236014757175,2.570000003743189e-05,2,2,0,0,0,4,0.0,0.0,0.0,0.0028312999999116073
Mk01-11-1,Mk01,11,1,0.5,28,4,4,1,A,0.5-N4-b4,141721236014757175,2.6000000048043148e-05,2,1,1,0,0,3,0.0,0.0,0.0,0.002231600000072831
Mk01-11-1,Mk01,11,1,0.5,28,4,4,1,C,0.5-N4-b4,141721236014757175,3.649999996468978e-05,2,2,0,0,0,4,0.0,0.0,0.0,0.0030307000000675544
Mk01-11-1,Mk01,11,1,0.5,28,4,4,2,R0,0.5-N4-b4,8098674610871784077,3.500000002532033e-05,3,0,3,0,0,3,0.0,0.0,0.0,0.001785499999982676
Mk01-11-1,Mk01,11,1,0.5,28,4,4,2,R1,0.5-N4-b4,8098674610871784077,4.6099999963189475e-05,2,1,1,0,0,3,0.0,0.0,0.0,0.002208699999982855
Mk01-11-1,Mk01,11,1,0.5,28,4,4,2,S,0.5-N4-b4,8098674610871784077,3.1200000080389145e-05,2,2,0,0,0,4,0.0,0.0,0.0,0.0029188999999405496
Mk01-11-1,Mk01,11,1,0.5,28,4,4,2,A,0.5-N4-b4,8098674610871784077,2.649999998993735e-05,2,1,1,0,0,3,0.0,0.0,0.0,0.002026099999966391
Mk01-11-1,Mk01,11,1,0.5,28,4,4,2,C,0.5-N4-b4,8098674610871784077,2.429999995001708e-05,2,2,0,0,0,4,0.0,0.0,0.0,0.0029111000000057174
Mk01-11-1,Mk01,11,1,0.5,28,4,4,3,R0,0.5-N4-b4,16799225952071693320,3.9099999980862776e-05,2,2,0,0,0,4,0.0,0.0,0.0,0.0031833000000460743
Mk01-11-1,Mk01,11,1,0.5,28,4,4,3,R1,0.5-N4-b4,16799225952071693320,7.570000002488086e-05,2,1,1,0,0,3,0.0,0.0,0.0,0.00201270000002296
Mk01-11-1,Mk01,11,1,0.5,28,4,4,3,S,0.5-N4-b4,16799225952071693320,2.689999996619008e-05,3,1,2,0,0,4,8.15429125694371e-05,2.0385728142359276e-05,2.0385728142359276e-05,0.002617299999997158
Mk01-11-1,Mk01,11,1,0.5,28,4,4,3,A,0.5-N4-b4,16799225952071693320,2.7399999908084283e-05,2,1,1,0,0,3,0.0,0.0,0.0,0.0020430000000715154
Mk01-11-1,Mk01,11,1,0.5,28,4,4,3,C,0.5-N4-b4,16799225952071693320,2.519999998185085e-05,3,1,2,0,0,4,8.15429125694371e-05,2.0385728142359276e-05,2.0385728142359276e-05,0.0026086999999961336
Mk01-11-1,Mk01,11,1,0.5,28,4,8,0,R0,0.5-N4-b8,11032618424482109402,3.680000008898787e-05,5,2,3,0,0,7,0.0,0.0,0.0,0.005260800000087329
Mk01-11-1,Mk01,11,1,0.5,28,4,8,0,R1,0.5-N4-b8,11032618424482109402,0.00010040000006483751,5,3,1,0,1,8,0.0,0.0,0.0,0.005509799999913412
Mk01-11-1,Mk01,11,1,0.5,28,4,8,0,S,0.5-N4-b8,11032618424482109402,2.9199999971751822e-05,5,2,3,0,0,7,0.0,0.0,0.0,0.004562300000088726
Mk01-11-1,Mk01,11,1,0.5,28,4,8,0,A,0.5-N4-b8,11032618424482109402,2.9400000016721606e-05,6,1,5,0,0,7,0.0,0.0,0.0,0.005469400000038149
Mk01-11-1,Mk01,11,1,0.5,28,4,8,0,C,0.5-N4-b8,11032618424482109402,3.729999991719524e-05,5,2,3,0,0,7,0.0,0.0,0.0,0.004753800000003139
Mk01-11-1,Mk01,11,1,0.5,28,4,8,1,R0,0.5-N4-b8,141721236014757175,4.0799999965202005e-05,6,2,4,0,0,8,0.0,0.0,0.0,0.0053974999999582
Mk01-11-1,Mk01,11,1,0.5,28,4,8,1,R1,0.5-N4-b8,141721236014757175,4.719999992630619e-05,5,3,1,0,1,8,0.0,0.0,0.0,0.006066400000008798
Mk01-11-1,Mk01,11,1,0.5,28,4,8,1,S,0.5-N4-b8,141721236014757175,3.359999993790552e-05,4,3,0,0,1,7,0.0,0.0,0.0,0.0049600999999483975
Mk01-11-1,Mk01,11,1,0.5,28,4,8,1,A,0.5-N4-b8,141721236014757175,2.8399999905559525e-05,5,2,2,0,1,7,0.0,0.0,0.0,0.005056899999999587
Mk01-11-1,Mk01,11,1,0.5,28,4,8,1,C,0.5-N4-b8,141721236014757175,2.6800000000548607e-05,4,3,0,0,1,7,0.0,0.0,0.0,0.005424700000048688
Mk01-11-1,Mk01,11,1,0.5,28,4,8,2,R0,0.5-N4-b8,8098674610871784077,5.670000007285125e-05,5,2,3,0,0,7,0.0,0.0,0.0,0.004881699999941702
Mk01-11-1,Mk01,11,1,0.5,28,4,8,2,R1,0.5-N4-b8,8098674610871784077,5.4399999953602673e-05,6,1,5,0,0,7,0.0,0.0,0.0,0.004745900000102665
Mk01-11-1,Mk01,11,1,0.5,28,4,8,2,S,0.5-N4-b8,8098674610871784077,2.7999999929306796e-05,4,3,1,0,0,7,0.0,0.0,0.0,0.004950300000018615
Mk01-11-1,Mk01,11,1,0.5,28,4,8,2,A,0.5-N4-b8,8098674610871784077,5.9000000078412995e-05,6,1,5,0,0,7,0.0,0.0,0.0,0.004570599999965452
Mk01-11-1,Mk01,11,1,0.5,28,4,8,2,C,0.5-N4-b8,8098674610871784077,2.8699999916170782e-05,4,3,1,0,0,7,0.0,0.0,0.0,0.004702199999996992
Mk01-11-1,Mk01,11,1,0.5,28,4,8,3,R0,0.5-N4-b8,16799225952071693320,3.300000003036985e-05,5,2,1,0,2,7,0.0,0.0,0.0,0.004498800000078518
Mk01-11-1,Mk01,11,1,0.5,28,4,8,3,R1,0.5-N4-b8,16799225952071693320,4.549999994196696e-05,6,1,3,0,2,7,0.0,0.0,0.0,0.005022199999984878
Mk01-11-1,Mk01,11,1,0.5,28,4,8,3,S,0.5-N4-b8,16799225952071693320,3.309999999601132e-05,6,1,5,0,0,7,8.15429125694371e-05,1.1648987509919586e-05,1.0192864071179638e-05,0.004284100000063518
Mk01-11-1,Mk01,11,1,0.5,28,4,8,3,A,0.5-N4-b8,16799225952071693320,2.6599999955578824e-05,5,2,1,0,2,7,8.15429125694371e-05,1.1648987509919586e-05,1.0192864071179638e-05,0.004555699999968965
Mk01-11-1,Mk01,11,1,0.5,28,4,8,3,C,0.5-N4-b8,16799225952071693320,2.519999998185085e-05,6,1,5,0,0,7,8.15429125694371e-05,1.1648987509919586e-05,1.0192864071179638e-05,0.004486400000018875
Mk01-11-1,Mk01,11,1,0.5,28,5,4,0,R0,0.5-N5-b4,5688033153636906007,3.400000002784509e-05,7,4,3,0,0,4,0.00657221440918993,0.0016430536022974825,0.0016430536022974825,0.0035699999999678766
Mk01-11-1,Mk01,11,1,0.5,28,5,4,0,R1,0.5-N5-b4,5688033153636906007,4.9699999976837717e-05,7,4,3,0,0,4,0.006572214409189899,0.0016430536022974747,0.0016430536022974747,0.0032928000000538304
Mk01-11-1,Mk01,11,1,0.5,28,5,4,0,S,0.5-N5-b4,5688033153636906007,2.610000001368462e-05,6,4,2,0,0,4,0.00657221440918993,0.0016430536022974825,0.0016430536022974825,0.0032860000000027867
Mk01-11-1,Mk01,11,1,0.5,28,5,4,0,A,0.5-N5-b4,5688033153636906007,2.6000000048043148e-05,7,4,3,0,0,4,0.00657221440918993,0.0016430536022974825,0.0016430536022974825,0.003291499999932057
Mk01-11-1,Mk01,11,1,0.5,28,5,4,0,C,0.5-N5-b4,5688033153636906007,2.920000008543866e-05,7,4,3,0,0,4,0.00657221440918993,0.0016430536022974825,0.0016430536022974825,0.003691300000014053
Mk01-11-1,Mk01,11,1,0.5,28,5,4,1,R0,0.5-N5-b4,15939478915078562195,3.260000005411712e-05,8,4,4,0,0,4,0.0,0.0,0.0,0.003304899999989175
Mk01-11-1,Mk01,11,1,0.5,28,5,4,1,R1,0.5-N5-b4,15939478915078562195,4.590000003190653e-05,10,4,6,0,0,4,3.281807223515232e-05,8.20451805878808e-06,8.20451805878808e-06,0.00336579999998321
Mk01-11-1,Mk01,11,1,0.5,28,5,4,1,S,0.5-N5-b4,15939478915078562195,2.6199999979326094e-05,7,4,3,0,0,4,0.0,0.0,0.0,0.0033015000000204964
Mk01-11-1,Mk01,11,1,0.5,28,5,4,1,A,0.5-N5-b4,15939478915078562195,2.5800000003073364e-05,6,4,2,0,0,4,0.007124909904327967,0.0017812274760819918,0.0017812274760819918,0.003644900000040252
Mk01-11-1,Mk01,11,1,0.5,28,5,4,1,C,0.5-N5-b4,15939478915078562195,3.060000005916663e-05,6,4,2,0,0,4,0.007124909904327967,0.0017812274760819918,0.0017812274760819918,0.003429500000038388
Mk01-11-1,Mk01,11,1,0.5,28,5,4,2,R0,0.5-N5-b4,14937960335903929037,3.300000003036985e-05,5,4,1,0,0,4,0.001604708295258361,0.00040117707381459025,0.00040117707381459025,0.0038418999999976222
Mk01-11-1,Mk01,11,1,0.5,28,5,4,2,R1,0.5-N5-b4,14937960335903929037,5.1500000040505256e-05,5,4,1,0,0,4,0.001604708295258361,0.00040117707381459025,0.00040117707381459025,0.0034696999999823674
Mk01-11-1,Mk01,11,1,0.5,28,5,4,2,S,0.5-N5-b4,14937960335903929037,4.11000000895001e-05,8,4,4,0,0,4,0.001604708295258361,0.00040117707381459025,0.00040117707381459025,0.003913300000021991
Mk01-11-1,Mk01,11,1,0.5,28,5,4,2,A,0.5-N5-b4,14937960335903929037,3.000000003794412e-05,8,4,4,0,0,4,0.001604708295258361,0.00040117707381459025,0.00040117707381459025,0.0038008999999874504
Mk01-11-1,Mk01,11,1,0.5,28,5,4,2,C,0.5-N5-b4,14937960335903929037,3.190000006725313e-05,12,4,8,0,0,4,0.0,0.0,0.0,0.003849399999921843
Mk01-11-1,Mk01,11,1,0.5,28,5,4,3,R0,0.5-N5-b4,16029758983936139412,3.340000000662258e-05,14,4,10,0,0,4,0.008608132405856719,0.0021520331014641798,0.0021520331014641798,0.004065900000000511
Mk01-11-1,Mk01,11,1,0.5,28,5,4,3,R1,0.5-N5-b4,16029758983936139412,5.859999998847343e-05,9,4,4,0,1,4,0.0055546690871829795,0.0013886672717957449,0.0013886672717957449,0.004282200000034209
Mk01-11-1,Mk01,11,1,0.5,28,5,4,3,S,0.5-N5-b4,16029758983936139412,4.5800000066265056e-05,8,4,3,0,1,4,0.0055546690871829795,0.0013886672717957449,0.0013886672717957449,0.0037241999999650943
Mk01-11-1,Mk01,11,1,0.5,28,5,4,3,A,0.5-N5-b4,16029758983936139412,5.1900000016757986e-05,4,4,0,0,0,4,0.0,0.0,0.0,0.003942299999948773
Mk01-11-1,Mk01,11,1,0.5,28,5,4,3,C,0.5-N5-b4,16029758983936139412,3.689999994094251e-05,4,4,0,0,0,4,0.0,0.0,0.0,0.0035140999999612177
Mk01-11-1,Mk01,11,1,0.5,28,5,8,0,R0,0.5-N5-b8,5688033153636906007,3.9099999980862776e-05,16,8,8,0,0,8,0.00657221440918993,0.0008215268011487413,0.0008215268011487413,0.007358699999940654
Mk01-11-1,Mk01,11,1,0.5,28,5,8,0,R1,0.5-N5-b8,5688033153636906007,6.599999994705286e-05,17,8,8,0,1,8,0.006572214409189899,0.0008215268011487374,0.0008215268011487374,0.007105499999966014
Mk01-11-1,Mk01,11,1,0.5,28,5,8,0,S,0.5-N5-b8,5688033153636906007,2.779999999802385e-05,15,8,7,0,0,8,0.00657221440918993,0.0008215268011487413,0.0008215268011487413,0.007316800000012336
Mk01-11-1,Mk01,11,1,0.5,28,5,8,0,A,0.5-N5-b8,5688033153636906007,3.6799999975301034e-05,13,8,5,0,0,8,0.00657221440918993,0.0008215268011487413,0.0008215268011487413,0.006802999999990789
Mk01-11-1,Mk01,11,1,0.5,28,5,8,0,C,0.5-N5-b8,5688033153636906007,2.7599999953054066e-05,15,8,7,0,0,8,0.00657221440918993,0.0008215268011487413,0.0008215268011487413,0.007031799999936084
Mk01-11-1,Mk01,11,1,0.5,28,5,8,1,R0,0.5-N5-b8,15939478915078562195,6.230000008144998e-05,15,8,7,0,0,8,3.281807223515232e-05,4.10225902939404e-06,4.10225902939404e-06,0.006898500000033891
Mk01-11-1,Mk01,11,1,0.5,28,5,8,1,R1,0.5-N5-b8,15939478915078562195,6.12999999702879e-05,17,8,9,0,0,8,3.281807223515232e-05,4.10225902939404e-06,4.10225902939404e-06,0.0068348000000924
Mk01-11-1,Mk01,11,1,0.5,28,5,8,1,S,0.5-N5-b8,15939478915078562195,2.8600000064216147e-05,14,8,6,0,0,8,0.0,0.0,0.0,0.007403699999940727
Mk01-11-1,Mk01,11,1,0.5,28,5,8,1,A,0.5-N5-b8,15939478915078562195,3.540000000157306e-05,14,8,6,0,0,8,0.007124909904327967,0.0008906137380409959,0.0008906137380409959,0.007348900000010872
Mk01-11-1,Mk01,11,1,0.5,28,5,8,1,C,0.5-N5-b8,15939478915078562195,2.779999999802385e-05,11,8,3,0,0,8,0.007124909904327967,0.0008906137380409959,0.0008906137380409959,0.0072172000000136904
Mk01-11-1,Mk01,11,1,0.5,28,5,8,2,R0,0.5-N5-b8,14937960335903929037,3.729999991719524e-05,12,8,4,0,0,8,0.006134603546794891,0.0007668254433493614,0.0007668254433493614,0.0070837000000665284
Mk01-11-1,Mk01,11,1,0.5,28,5,8,2,R1,0.5-N5-b8,14937960335903929037,5.5900000006658956e-05,16,8,7,0,1,8,0.001604708295258361,0.00020058853690729512,0.00020058853690729512,0.007706299999995281
Mk01-11-1,Mk01,11,1,0.5,28,5,8,2,S,0.5-N5-b8,14937960335903929037,3.9099999980862776e-05,19,8,10,0,1,8,0.001604708295258361,0.00020058853690729512,0.00020058853690729512,0.007057099999997263
Mk01-11-1,Mk01,11,1,0.5,28,5,8,2,A,0.5-N5-b8,14937960335903929037,2.9300000051080133e-05,17,8,8,0,1,8,0.001604708295258361,0.00020058853690729512,0.00020058853690729512,0.0076212999999825115
Mk01-11-1,Mk01,11,1,0.5,28,5,8,2,C,0.5-N5-b8,14937960335903929037,3.7700000007134804e-05,20,8,10,0,2,8,0.0,0.0,0.0,0.0073057000000744665
Mk01-11-1,Mk01,11,1,0.5,28,5,8,3,R0,0.5-N5-b8,16029758983936139412,3.3799999982875306e-05,28,8,18,0,2,8,0.008608132405856719,0.0010760165507320899,0.0010760165507320899,0.007925000000000182
Mk01-11-1,Mk01,11,1,0.5,28,5,8,3,R1,0.5-N5-b8,16029758983936139412,5.989999999655993e-05,17,8,7,0,2,8,0.0055546690871829795,0.0006943336358978724,0.0006943336358978724,0.007319800000004761
Mk01-11-1,Mk01,11,1,0.5,28,5,8,3,S,0.5-N5-b8,16029758983936139412,3.349999997226405e-05,20,8,9,0,3,8,0.0055546690871829795,0.0006943336358978724,0.0006943336358978724,0.00740670000004684
Mk01-11-1,Mk01,11,1,0.5,28,5,8,3,A,0.5-N5-b8,16029758983936139412,3.680000008898787e-05,11,8,2,0,1,8,0.008608132405856719,0.0010760165507320899,0.0010760165507320899,0.006700000000023465
Mk01-11-1,Mk01,11,1,0.5,28,5,8,3,C,0.5-N5-b8,16029758983936139412,2.6599999955578824e-05,15,8,6,0,1,8,0.008608132405856719,0.0010760165507320899,0.0010760165507320899,0.007124699999963013
Mk01-11-1,Mk01,11,1,0.5,28,6,4,0,R0,0.5-N6-b4,15859861620578795685,3.90000000152213e-05,2,1,0,0,1,3,0.006030211985219089,0.0020100706617396965,0.0015075529963047723,0.002241299999923285
Mk01-11-1,Mk01,11,1,0.5,28,6,4,0,R1,0.5-N6-b4,15859861620578795685,4.749999993691745e-05,3,0,3,0,0,3,0.0,0.0,0.0,0.0018178999999918233
Mk01-11-1,Mk01,11,1,0.5,28,6,4,0,S,0.5-N6-b4,15859861620578795685,2.5299999947492324e-05,2,1,0,0,1,3,0.006030211985219089,0.0020100706617396965,0.0015075529963047723,0.0019793000000163374
Mk01-11-1,Mk01,11,1,0.5,28,6,4,0,A,0.5-N6-b4,15859861620578795685,2.5400000026820635e-05,2,1,0,0,1,3,0.006030211985219089,0.0020100706617396965,0.0015075529963047723,0.0019740999999839914
Mk01-11-1,Mk01,11,1,0.5,28,6,4,0,C,0.5-N6-b4,15859861620578795685,2.429999995001708e-05,2,1,0,0,1,3,0.006030211985219089,0.0020100706617396965,0.0015075529963047723,0.00197990000003756
Mk01-11-1,Mk01,11,1,0.5,28,6,4,1,R0,0.5-N6-b4,14170245127052608694,2.9599999948004552e-05,3,0,3,0,0,3,0.0,0.0,0.0,0.001785499999982676
Mk01-11-1,Mk01,11,1,0.5,28,6,4,1,R1,0.5-N6-b4,14170245127052608694,4.400000000259752e-05,2,1,0,0,1,3,0.006030211985219089,0.0020100706617396965,0.0015075529963047723,0.0020079999999325082
Mk01-11-1,Mk01,11,1,0.5,28,6,4,1,S,0.5-N6-b4,14170245127052608694,2.5499999992462108e-05,2,1,0,0,1,3,0.006030211985219089,0.0020100706617396965,0.0015075529963047723,0.0024187999999867316
Mk01-11-1,Mk01,11,1,0.5,28,6,4,1,A,0.5-N6-b4,14170245127052608694,5.3999999977349944e-05,2,1,0,0,1,3,0.006030211985219089,0.0020100706617396965,0.0015075529963047723,0.002119099999958962
Mk01-11-1,Mk01,11,1,0.5,28,6,4,1,C,0.5-N6-b4,14170245127052608694,2.509999990252254e-05,2,1,0,0,1,3,0.006030211985219089,0.0020100706617396965,0.0015075529963047723,0.0019717000000127882
Mk01-11-1,Mk01,11,1,0.5,28,6,4,2,R0,0.5-N6-b4,6265474573680614267,3.100000003541936e-05,3,0,3,0,0,3,0.0,0.0,0.0,0.0018160999999281557
Mk01-11-1,Mk01,11,1,0.5,28,6,4,2,R1,0.5-N6-b4,6265474573680614267,4.42000000475673e-05,2,1,0,0,1,3,0.006030211985219089,0.0020100706617396965,0.0015075529963047723,0.0019604999999955908
Mk01-11-1,Mk01,11,1,0.5,28,6,4,2,S,0.5-N6-b4,6265474573680614267,2.5400000026820635e-05,2,1,0,0,1,3,0.006030211985219089,0.0020100706617396965,0.0015075529963047723,0.0020091999999749532
Mk01-11-1,Mk01,11,1,0.5,28,6,4,2,A,0.5-N6-b4,6265474573680614267,2.6400000024295878e-05,2,1,0,0,1,3,0.006030211985219089,0.0020100706617396965,0.0015075529963047723,0.0023271999999678883
Mk01-11-1,Mk01,11,1,0.5,28,6,4,2,C,0.5-N6-b4,6265474573680614267,2.8600000064216147e-05,2,1,0,0,1,3,0.006030211985219089,0.0020100706617396965,0.0015075529963047723,0.00216160000002219
Mk01-11-1,Mk01,11,1,0.5,28,6,4,3,R0,0.5-N6-b4,16128485427888804336,5.650000002788147e-05,3,0,3,0,0,3,0.0,0.0,0.0,0.0021129000000428277
Mk01-11-1,Mk01,11,1,0.5,28,6,4,3,R1,0.5-N6-b4,16128485427888804336,4.939999996622646e-05,3,0,3,0,0,3,0.0,0.0,0.0,0.0018165999999837368
Mk01-11-1,Mk01,11,1,0.5,28,6,4,3,S,0.5-N6-b4,16128485427888804336,2.5400000026820635e-05,2,1,0,0,1,3,0.006030211985219089,0.0020100706617396965,0.0015075529963047723,0.0019735999999284104
Mk01-11-1,Mk01,11,1,0.5,28,6,4,3,A,0.5-N6-b4,16128485427888804336,2.5000000050567905e-05,2,1,0,0,1,3,0.006030211985219089,0.0020100706617396965,0.0015075529963047723,0.0019783999999845037
Mk01-11-1,Mk01,11,1,0.5,28,6,4,3,C,0.5-N6-b4,16128485427888804336,2.4599999960628338e-05,2,1,0,0,1,3,0.006030211985219089,0.0020100706617396965,0.0015075529963047723,0.001979399999981979
Mk01-11-1,Mk01,11,1,0.5,28,6,8,0,R0,0.5-N6-b8,15859861620578795685,2.949999998236308e-05,6,1,0,0,5,7,0.006030211985219089,0.0008614588550312984,0.0007537764981523862,0.004295700000056968
Mk01-11-1,Mk01,11,1,0.5,28,6,8,0,R1,0.5-N6-b8,15859861620578795685,4.46999999894615e-05,7,0,7,0,0,7,0.0,0.0,0.0,0.004661800000008043
Mk01-11-1,Mk01,11,1,0.5,28,6,8,0,S,0.5-N6-b8,15859861620578795685,3.190000006725313e-05,6,1,0,0,5,7,0.006030211985219089,0.0008614588550312984,0.0007537764981523862,0.004303300000060517
Mk01-11-1,Mk01,11,1,0.5,28,6,8,0,A,0.5-N6-b8,15859861620578795685,2.610000001368462e-05,6,1,0,0,5,7,0.006030211985219089,0.0008614588550312984,0.0007537764981523862,0.004290799999921546
Mk01-11-1,Mk01,11,1,0.5,28,6,8,0,C,0.5-N6-b8,15859861620578795685,2.4100000018734136e-05,6,1,0,0,5,7,0.006030211985219089,0.0008614588550312984,0.0007537764981523862,0.004375399999958063
Mk01-11-1,Mk01,11,1,0.5,28,6,8,1,R0,0.5-N6-b8,14170245127052608694,3.2400000009147334e-05,7,0,7,0,0,7,0.0,0.0,0.0,0.004605500000025131
Mk01-11-1,Mk01,11,1,0.5,28,6,8,1,R1,0.5-N6-b8,14170245127052608694,6.029999997281266e-05,6,1,0,0,5,7,0.006030211985219089,0.0008614588550312984,0.0007537764981523862,0.004353300000047966
Mk01-11-1,Mk01,11,1,0.5,28,6,8,1,S,0.5-N6-b8,14170245127052608694,2.8900000074827403e-05,6,1,0,0,5,7,0.006030211985219089,0.0008614588550312984,0.0007537764981523862,0.004571100000021033
Mk01-11-1,Mk01,11,1,0.5,28,6,8,1,A,0.5-N6-b8,14170245127052608694,2.8100000008635106e-05,6,1,0,0,5,7,0.006030211985219089,0.0008614588550312984,0.0007537764981523862,0.0052442000001065026
Mk01-11-1,Mk01,11,1,0.5,28,6,8,1,C,0.5-N6-b8,14170245127052608694,3.680000008898787e-05,6,1,0,0,5,7,0.006030211985219089,0.0008614588550312984,0.0007537764981523862,0.004729699999984405
Mk01-11-1,Mk01,11,1,0.5,28,6,8,2,R0,0.5-N6-b8,6265474573680614267,3.370000001723383e-05,7,0,7,0,0,7,0.0,0.0,0.0,0.004411600000025828
Mk01-11-1,Mk01,11,1,0.5,28,6,8,2,R1,0.5-N6-b8,6265474573680614267,6.65000000026339e-05,6,1,0,0,5,7,0.006030211985219089,0.0008614588550312984,0.0007537764981523862,0.004521900000099777
Mk01-11-1,Mk01,11,1,0.5,28,6,8,2,S,0.5-N6-b8,6265474573680614267,4.980000005616603e-05,6,1,0,0,5,7,0.006030211985219089,0.0008614588550312984,0.0007537764981523862,0.0050531000000546555
Mk01-11-1,Mk01,11,1,0.5,28,6,8,2,A,0.5-N6-b8,6265474573680614267,5.6299999982911686e-05,6,1,0,0,5,7,0.006030211985219089,0.0008614588550312984,0.0007537764981523862,0.004610500000012507
Mk01-11-1,Mk01,11,1,0.5,28,6,8,2,C,0.5-N6-b8,6265474573680614267,3.2399999895460496e-05,6,1,0,0,5,7,0.006030211985219089,0.0008614588550312984,0.0007537764981523862,0.004557999999974527
Mk01-11-1,Mk01,11,1,0.5,28,6,8,3,R0,0.5-N6-b8,16128485427888804336,0.00010180000003856549,7,0,7,0,0,7,0.0,0.0,0.0,0.005165900000065449
Mk01-11-1,Mk01,11,1,0.5,28,6,8,3,R1,0.5-N6-b8,16128485427888804336,6.220000000212167e-05,7,0,7,0,0,7,0.0,0.0,0.0,0.004312700000014047
Mk01-11-1,Mk01,11,1,0.5,28,6,8,3,S,0.5-N6-b8,16128485427888804336,5.459999999857246e-05,6,1,0,0,5,7,0.006030211985219089,0.0008614588550312984,0.0007537764981523862,0.005126700000005258
Mk01-11-1,Mk01,11,1,0.5,28,6,8,3,A,0.5-N6-b8,16128485427888804336,5.769999995663966e-05,6,1,0,0,5,7,0.006030211985219089,0.0008614588550312984,0.0007537764981523862,0.005684900000005655
Mk01-11-1,Mk01,11,1,0.5,28,6,8,3,C,0.5-N6-b8,16128485427888804336,3.8099999983387534e-05,6,1,0,0,5,7,0.006030211985219089,0.0008614588550312984,0.0007537764981523862,0.004693900000006579
Mk01-11-2,Mk01,11,2,0.25,14,1,4,0,R0,0.25-N1-b4,3819796535825069596,4.769999998188723e-05,160,0,158,2,0,0,0.0,,0.0,0.0039762000000109765
Mk01-11-2,Mk01,11,2,0.25,14,1,4,0,R1,0.25-N1-b4,3819796535825069596,5.549999991671939e-05,160,0,158,2,0,0,0.0,,0.0,0.004189100000075996
Mk01-11-2,Mk01,11,2,0.25,14,1,4,0,S,0.25-N1-b4,3819796535825069596,8.539999998902204e-05,160,0,158,2,0,0,0.0,,0.0,0.004427299999974821
Mk01-11-2,Mk01,11,2,0.25,14,1,4,0,A,0.25-N1-b4,3819796535825069596,4.409999996823899e-05,160,0,158,2,0,0,0.0,,0.0,0.0040281000000277345
Mk01-11-2,Mk01,11,2,0.25,14,1,4,0,C,0.25-N1-b4,3819796535825069596,3.609999998843705e-05,160,1,157,2,0,1,0.0,0.0,0.0,0.005447699999990618
Mk01-11-2,Mk01,11,2,0.25,14,1,4,1,R0,0.25-N1-b4,10744489682680827194,3.3699999903546995e-05,160,2,158,0,0,2,0.0,0.0,0.0,0.006034999999997126
Mk01-11-2,Mk01,11,2,0.25,14,1,4,1,R1,0.25-N1-b4,10744489682680827194,5.829999997786217e-05,160,1,159,0,0,1,0.0,0.0,0.0,0.004827900000009322
Mk01-11-2,Mk01,11,2,0.25,14,1,4,1,S,0.25-N1-b4,10744489682680827194,3.049999997983832e-05,160,2,157,0,1,2,0.0,0.0,0.0,0.005731399999945097
Mk01-11-2,Mk01,11,2,0.25,14,1,4,1,A,0.25-N1-b4,10744489682680827194,3.140000001167209e-05,160,0,160,0,0,0,0.0,,0.0,0.0050191000000268104
Mk01-11-2,Mk01,11,2,0.25,14,1,4,1,C,0.25-N1-b4,10744489682680827194,5.459999999857246e-05,160,2,157,0,1,2,0.0,0.0,0.0,0.005657799999994495
Mk01-11-2,Mk01,11,2,0.25,14,1,4,2,R0,0.25-N1-b4,11906327363232240981,4.250000006322807e-05,160,0,158,2,0,0,0.0,,0.0,0.004054800000062642
Mk01-11-2,Mk01,11,2,0.25,14,1,4,2,R1,0.25-N1-b4,11906327363232240981,6.169999994654063e-05,160,1,157,2,0,1,0.0,0.0,0.0,0.0066974999999729334
Mk01-11-2,Mk01,11,2,0.25,14,1,4,2,S,0.25-N1-b4,11906327363232240981,6.60000000607397e-05,160,0,158,2,0,0,0.0,,0.0,0.00737919999994574
Mk01-11-2,Mk01,11,2,0.25,14,1,4,2,A,0.25-N1-b4,11906327363232240981,6.190000010519725e-05,160,0,158,2,0,0,0.0,,0.0,0.006884900000045491
Mk01-11-2,Mk01,11,2,0.25,14,1,4,2,C,0.25-N1-b4,11906327363232240981,6.799999994200334e-05,160,1,157,2,0,1,0.005888147339250896,0.005888147339250896,0.001472036834812724,0.004933000000050924
Mk01-11-2,Mk01,11,2,0.25,14,1,4,3,R0,0.25-N1-b4,2615802188192086243,3.5600000046542846e-05,160,1,158,1,0,1,1.1460279193232364e-05,1.1460279193232364e-05,2.865069798308091e-06,0.0048752000000149565
Mk01-11-2,Mk01,11,2,0.25,14,1,4,3,R1,0.25-N1-b4,2615802188192086243,5.499999997482519e-05,160,1,158,1,0,1,0.0,0.0,0.0,0.005441000000018903
Mk01-11-2,Mk01,11,2,0.25,14,1,4,3,S,0.25-N1-b4,2615802188192086243,4.2899999925793963e-05,160,0,159,1,0,0,0.0,,0.0,0.004192200000034063
Mk01-11-2,Mk01,11,2,0.25,14,1,4,3,A,0.25-N1-b4,2615802188192086243,3.8099999983387534e-05,160,0,159,1,0,0,0.0,,0.0,0.004026500000009037
Mk01-11-2,Mk01,11,2,0.25,14,1,4,3,C,0.25-N1-b4,2615802188192086243,3.3799999982875306e-05,160,1,158,1,0,1,0.005888147339250896,0.005888147339250896,0.001472036834812724,0.004911200000037752
Mk01-11-2,Mk01,11,2,0.25,14,1,8,0,R0,0.25-N1-b8,3819796535825069596,3.579999997782579e-05,320,1,315,4,0,1,0.0,0.0,0.0,0.00945590000003449
Mk01-11-2,Mk01,11,2,0.25,14,1,8,0,R1,0.25-N1-b8,3819796535825069596,6.400000006578921e-05,320,0,316,4,0,0,0.0,,0.0,0.008070999999972628
Mk01-11-2,Mk01,11,2,0.25,14,1,8,0,S,0.25-N1-b8,3819796535825069596,4.100000001017179e-05,320,0,316,4,0,0,0.0,,0.0,0.008440699999937351
Mk01-11-2,Mk01,11,2,0.25,14,1,8,0,A,0.25-N1-b8,3819796535825069596,4.639999997380073e-05,320,0,316,4,0,0,0.0,,0.0,0.008563600000002225
Mk01-11-2,Mk01,11,2,0.25,14,1,8,0,C,0.25-N1-b8,3819796535825069596,3.959999992275698e-05,320,1,315,4,0,1,0.0,0.0,0.0,0.01315820000002077
Mk01-11-2,Mk01,11,2,0.25,14,1,8,1,R0,0.25-N1-b8,10744489682680827194,3.890000004957983e-05,320,2,315,3,0,2,0.0,0.0,0.0,0.01038210000001527
Mk01-11-2,Mk01,11,2,0.25,14,1,8,1,R1,0.25-N1-b8,10744489682680827194,6.459999997332488e-05,320,1,316,3,0,1,0.0,0.0,0.0,0.008772300000032374
Mk01-11-2,Mk01,11,2,0.25,14,1,8,1,S,0.25-N1-b8,10744489682680827194,3.760000004149333e-05,320,2,314,3,1,2,0.0,0.0,0.0,0.011266100000057122
Mk01-11-2,Mk01,11,2,0.25,14,1,8,1,A,0.25-N1-b8,10744489682680827194,4.4300000013208773e-05,320,0,317,3,0,0,0.0,,0.0,0.008937500000001819
Mk01-11-2,Mk01,11,2,0.25,14,1,8,1,C,0.25-N1-b8,10744489682680827194,4.320000005009206e-05,320,2,314,3,1,2,0.0,0.0,0.0,0.009667499999977736
Mk01-11-2,Mk01,11,2,0.25,14,1,8,2,R0,0.25-N1-b8,11906327363232240981,3.230000004350586e-05,320,0,316,4,0,0,0.0,,0.0,0.008196300000008705
Mk01-11-2,Mk01,11,2,0.25,14,1,8,2,R1,0.25-N1-b8,11906327363232240981,6.209999992279336e-05,320,2,314,4,0,2,0.0,0.0,0.0,0.009503800000061347
Mk01-11-2,Mk01,11,2,0.25,14,1,8,2,S,0.25-N1-b8,11906327363232240981,2.960000006169139e-05,320,1,315,4,0,1,0.0,0.0,0.0,0.009040899999945395
Mk01-11-2,Mk01,11,2,0.25,14,1,8,2,A,0.25-N1-b8,11906327363232240981,3.6799999975301034e-05,320,2,314,4,0,2,0.0,0.0,0.0,0.009734800000046562
Mk01-11-2,Mk01,11,2,0.25,14,1,8,2,C,0.25-N1-b8,11906327363232240981,2.7199999976801337e-05,320,3,313,4,0,3,0.005888147339250896,0.001962715779750299,0.000736018417406362,0.01078559999996287
Mk01-11-2,Mk01,11,2,0.25,14,1,8,3,R0,0.25-N1-b8,2615802188192086243,3.340000000662258e-05,320,2,317,1,0,2,0.008608132405856702,0.004304066202928351,0.0010760165507320877,0.010935999999901469
Mk01-11-2,Mk01,11,2,0.25,14,1,8,3,R1,0.25-N1-b8,2615802188192086243,6.120000000464643e-05,320,1,318,1,0,1,0.0,0.0,0.0,0.009373299999992923
Mk01-11-2,Mk01,11,2,0.25,14,1,8,3,S,0.25-N1-b8,2615802188192086243,3.2799999985400063e-05,320,0,319,1,0,0,0.0,,0.0,0.008470299999999042
Mk01-11-2,Mk01,11,2,0.25,14,1,8,3,A,0.25-N1-b8,2615802188192086243,4.400000000259752e-05,320,0,319,1,0,0,0.0,,0.0,0.008031799999912437
Mk01-11-2,Mk01,11,2,0.25,14,1,8,3,C,0.25-N1-b8,2615802188192086243,3.479999998035055e-05,320,1,317,1,1,1,0.005888147339250896,0.005888147339250896,0.000736018417406362,0.010423100000025443
Mk01-11-2,Mk01,11,2,0.25,14,2,4,0,R0,0.25-N2-b4,13740747862888239981,3.620000006776536e-05,160,0,160,0,0,0,0.0,,0.0,0.005384800000001633
Mk01-11-2,Mk01,11,2,0.25,14,2,4,0,R1,0.25-N2-b4,13740747862888239981,4.760000001624576e-05,160,0,160,0,0,0,0.0,,0.0,0.006447100000059436
Mk01-11-2,Mk01,11,2,0.25,14,2,4,0,S,0.25-N2-b4,13740747862888239981,4.3500000060703314e-05,160,0,160,0,0,0,0.0,,0.0,0.005547900000010486
Mk01-11-2,Mk01,11,2,0.25,14,2,4,0,A,0.25-N2-b4,13740747862888239981,3.389999994851678e-05,160,0,160,0,0,0,0.0,,0.0,0.005272999999988315
Mk01-11-2,Mk01,11,2,0.25,14,2,4,0,C,0.25-N2-b4,13740747862888239981,2.7100000011159864e-05,160,0,160,0,0,0,0.0,,0.0,0.006388000000015381
Mk01-11-2,Mk01,11,2,0.25,14,2,4,1,R0,0.25-N2-b4,8860612979681407540,3.59000000571541e-05,160,0,160,0,0,0,0.0,,0.0,0.005362300000001596
Mk01-11-2,Mk01,11,2,0.25,14,2,4,1,R1,0.25-N2-b4,8860612979681407540,4.930000000058499e-05,160,0,160,0,0,0,0.0,,0.0,0.005389299999933428
Mk01-11-2,Mk01,11,2,0.25,14,2,4,1,S,0.25-N2-b4,8860612979681407540,3.1100000001060835e-05,160,0,160,0,0,0,0.0,,0.0,0.005814500000042244
Mk01-11-2,Mk01,11,2,0.25,14,2,4,1,A,0.25-N2-b4,8860612979681407540,4.2499999949541234e-05,160,0,160,0,0,0,0.0,,0.0,0.005625800000075287
Mk01-11-2,Mk01,11,2,0.25,14,2,4,1,C,0.25-N2-b4,8860612979681407540,2.9799999992974335e-05,160,0,160,0,0,0,0.0,,0.0,0.005752199999960794
Mk01-11-2,Mk01,11,2,0.25,14,2,4,2,R0,0.25-N2-b4,12748658454703870482,3.959999992275698e-05,160,0,160,0,0,0,0.0,,0.0,0.005863599999997859
Mk01-11-2,Mk01,11,2,0.25,14,2,4,2,R1,0.25-N2-b4,12748658454703870482,5.7200000014745456e-05,160,0,160,0,0,0,0.0,,0.0,0.00545939999994971
Mk01-11-2,Mk01,11,2,0.25,14,2,4,2,S,0.25-N2-b4,12748658454703870482,2.8900000074827403e-05,160,0,160,0,0,0,0.0,,0.0,0.005917500000009568
Mk01-11-2,Mk01,11,2,0.25,14,2,4,2,A,0.25-N2-b4,12748658454703870482,4.16000000313943e-05,160,0,160,0,0,0,0.0,,0.0,0.005673699999988457
Mk01-11-2,Mk01,11,2,0.25,14,2,4,2,C,0.25-N2-b4,12748658454703870482,3.389999994851678e-05,160,0,160,0,0,0,0.0,,0.0,0.005270599999903425
Mk01-11-2,Mk01,11,2,0.25,14,2,4,3,R0,0.25-N2-b4,9691470282532225505,3.060000005916663e-05,160,0,160,0,0,0,0.0,,0.0,0.005914499999903455
Mk01-11-2,Mk01,11,2,0.25,14,2,4,3,R1,0.25-N2-b4,9691470282532225505,6.840000003194291e-05,160,0,160,0,0,0,0.0,,0.0,0.005290100000024722
Mk01-11-2,Mk01,11,2,0.25,14,2,4,3,S,0.25-N2-b4,9691470282532225505,3.370000001723383e-05,160,0,160,0,0,0,0.0,,0.0,0.00524360000008528
Mk01-11-2,Mk01,11,2,0.25,14,2,4,3,A,0.25-N2-b4,9691470282532225505,2.689999996619008e-05,160,0,160,0,0,0,0.0,,0.0,0.005618900000058602
Mk01-11-2,Mk01,11,2,0.25,14,2,4,3,C,0.25-N2-b4,9691470282532225505,4.069999999956053e-05,160,0,160,0,0,0,0.0,,0.0,0.005699999999933425
Mk01-11-2,Mk01,11,2,0.25,14,2,8,0,R0,0.25-N2-b8,13740747862888239981,3.400000002784509e-05,320,0,320,0,0,0,0.0,,0.0,0.013250999999968371
Mk01-11-2,Mk01,11,2,0.25,14,2,8,0,R1,0.25-N2-b8,13740747862888239981,6.740000003446767e-05,320,0,320,0,0,0,0.0,,0.0,0.011229500000013104
Mk01-11-2,Mk01,11,2,0.25,14,2,8,0,S,0.25-N2-b8,13740747862888239981,4.100000001017179e-05,320,0,320,0,0,0,0.0,,0.0,0.011827999999923122
Mk01-11-2,Mk01,11,2,0.25,14,2,8,0,A,0.25-N2-b8,13740747862888239981,4.410000008192583e-05,320,0,320,0,0,0,0.0,,0.0,0.012879300000008698
Mk01-11-2,Mk01,11,2,0.25,14,2,8,0,C,0.25-N2-b8,13740747862888239981,4.46999999894615e-05,320,0,320,0,0,0,0.0,,0.0,0.011103700000035133
Mk01-11-2,Mk01,11,2,0.25,14,2,8,1,R0,0.25-N2-b8,8860612979681407540,3.90000000152213e-05,320,0,320,0,0,0,0.0,,0.0,0.010688299999969786
Mk01-11-2,Mk01,11,2,0.25,14,2,8,1,R1,0.25-N2-b8,8860612979681407540,5.7599999990998185e-05,320,0,320,0,0,0,0.0,,0.0,0.011070700000004763
Mk01-11-2,Mk01,11,2,0.25,14,2,8,1,S,0.25-N2-b8,8860612979681407540,4.2200000052616815e-05,320,0,320,0,0,0,0.0,,0.0,0.011191999999937252
Mk01-11-2,Mk01,11,2,0.25,14,2,8,1,A,0.25-N2-b8,8860612979681407540,4.239999998389976e-05,320,0,320,0,0,0,0.0,,0.0,0.01067190000003393
Mk01-11-2,Mk01,11,2,0.25,14,2,8,1,C,0.25-N2-b8,8860612979681407540,3.4700000014709076e-05,320,0,320,0,0,0,0.0,,0.0,0.011077000000000226
Mk01-11-2,Mk01,11,2,0.25,14,2,8,2,R0,0.25-N2-b8,12748658454703870482,3.540000000157306e-05,320,0,320,0,0,0,0.0,,0.0,0.010838700000022072
Mk01-11-2,Mk01,11,2,0.25,14,2,8,2,R1,0.25-N2-b8,12748658454703870482,8.470000000215805e-05,320,0,320,0,0,0,0.0,,0.0,0.011531699999977718
Mk01-11-2,Mk01,11,2,0.25,14,2,8,2,S,0.25-N2-b8,12748658454703870482,4.5699999986936746e-05,320,0,320,0,0,0,0.0,,0.0,0.010775599999988117
Mk01-11-2,Mk01,11,2,0.25,14,2,8,2,A,0.25-N2-b8,12748658454703870482,4.149999995206599e-05,320,0,320,0,0,0,0.0,,0.0,0.010837100000003375
Mk01-11-2,Mk01,11,2,0.25,14,2,8,2,C,0.25-N2-b8,12748658454703870482,6.460000008701172e-05,320,0,320,0,0,0,0.0,,0.0,0.01021170000001348
Mk01-11-2,Mk01,11,2,0.25,14,2,8,3,R0,0.25-N2-b8,9691470282532225505,3.230000004350586e-05,320,0,320,0,0,0,0.0,,0.0,0.011552599999959057
Mk01-11-2,Mk01,11,2,0.25,14,2,8,3,R1,0.25-N2-b8,9691470282532225505,6.440000004204194e-05,320,0,320,0,0,0,0.0,,0.0,0.010920299999952476
Mk01-11-2,Mk01,11,2,0.25,14,2,8,3,S,0.25-N2-b8,9691470282532225505,4.9200000034943514e-05,320,0,320,0,0,0,0.0,,0.0,0.010471499999994194
Mk01-11-2,Mk01,11,2,0.25,14,2,8,3,A,0.25-N2-b8,9691470282532225505,3.300000003036985e-05,320,0,320,0,0,0,0.0,,0.0,0.011114099999986138
Mk01-11-2,Mk01,11,2,0.25,14,2,8,3,C,0.25-N2-b8,9691470282532225505,4.24000000975866e-05,320,0,320,0,0,0,0.0,,0.0,0.011036399999966306
Mk01-11-2,Mk01,11,2,0.25,14,3,4,0,R0,0.25-N3-b4,115407054144547792,3.4300000038456346e-05,21,4,17,0,0,4,0.005712707370701375,0.0014281768426753438,0.0014281768426753438,0.003891899999985071
Mk01-11-2,Mk01,11,2,0.25,14,3,4,0,R1,0.25-N3-b4,115407054144547792,4.949999993186793e-05,8,4,3,0,1,4,0.011887218934844195,0.0029718047337110487,0.0029718047337110487,0.003495600000064769
Mk01-11-2,Mk01,11,2,0.25,14,3,4,0,S,0.25-N3-b4,115407054144547792,2.830000005360489e-05,13,4,9,0,0,4,0.00031595771424929725,7.898942856232431e-05,7.898942856232431e-05,0.004111299999976836
Mk01-11-2,Mk01,11,2,0.25,14,3,4,0,A,0.25-N3-b4,115407054144547792,3.5499999967214535e-05,9,4,5,0,0,4,0.011887218934844195,0.0029718047337110487,0.0029718047337110487,0.004412699999988945
Mk01-11-2,Mk01,11,2,0.25,14,3,4,0,C,0.25-N3-b4,115407054144547792,4.0900000044530316e-05,13,4,8,0,1,4,0.005390043807907745,0.0013475109519769362,0.0013475109519769362,0.00394779999999173
Mk01-11-2,Mk01,11,2,0.25,14,3,4,1,R0,0.25-N3-b4,15316635977250338286,3.1600000056641875e-05,8,4,4,0,0,4,0.0,0.0,0.0,0.0036431000000902714
Mk01-11-2,Mk01,11,2,0.25,14,3,4,1,R1,0.25-N3-b4,15316635977250338286,5.080000005364127e-05,40,4,35,0,1,4,0.005684290528860195,0.0014210726322150488,0.0014210726322150488,0.004305100000010498
Mk01-11-2,Mk01,11,2,0.25,14,3,4,1,S,0.25-N3-b4,15316635977250338286,2.9899999958615808e-05,64,4,59,0,1,4,0.0,0.0,0.0,0.006538700000078279
Mk01-11-2,Mk01,11,2,0.25,14,3,4,1,A,0.25-N3-b4,15316635977250338286,3.9099999980862776e-05,31,4,26,0,1,4,0.011887218934844195,0.0029718047337110487,0.0029718047337110487,0.003997000000026674
Mk01-11-2,Mk01,11,2,0.25,14,3,4,1,C,0.25-N3-b4,15316635977250338286,3.0100000003585592e-05,41,4,37,0,0,4,0.00011720740083991446,2.9301850209978615e-05,2.9301850209978615e-05,0.004320500000062566
Mk01-11-2,Mk01,11,2,0.25,14,3,4,2,R0,0.25-N3-b4,2329317087572351117,3.119999996670231e-05,14,4,10,0,0,4,0.0,0.0,0.0,0.003834799999935967
Mk01-11-2,Mk01,11,2,0.25,14,3,4,2,R1,0.25-N3-b4,2329317087572351117,7.770000001983135e-05,10,4,5,0,1,4,0.005631164458131938,0.0014077911145329845,0.0014077911145329845,0.0035897999999860986
Mk01-11-2,Mk01,11,2,0.25,14,3,4,2,S,0.25-N3-b4,2329317087572351117,3.489999994599202e-05,16,4,12,0,0,4,0.00023441480167986188,5.860370041996547e-05,5.860370041996547e-05,0.003685900000050424
Mk01-11-2,Mk01,11,2,0.25,14,3,4,2,A,0.25-N3-b4,2329317087572351117,2.6800000000548607e-05,25,4,20,0,1,4,0.004878451119164046,0.0012196127797910114,0.0012196127797910114,0.003895199999988108
Mk01-11-2,Mk01,11,2,0.25,14,3,4,2,C,0.25-N3-b4,2329317087572351117,2.469999992626981e-05,23,4,18,0,1,4,0.00023441480167986188,5.860370041996547e-05,5.860370041996547e-05,0.004666300000053525
Mk01-11-2,Mk01,11,2,0.25,14,3,4,3,R0,0.25-N3-b4,7472306879715433807,3.5600000046542846e-05,15,4,11,0,0,4,0.0014869319309726032,0.0003717329827431508,0.0003717329827431508,0.004053900000030808
Mk01-11-2,Mk01,11,2,0.25,14,3,4,3,R1,0.25-N3-b4,7472306879715433807,4.4399999978850246e-05,21,4,17,0,0,4,0.00011720740083991446,2.9301850209978615e-05,2.9301850209978615e-05,0.003979400000048372
Mk01-11-2,Mk01,11,2,0.25,14,3,4,3,S,0.25-N3-b4,7472306879715433807,2.6199999979326094e-05,14,4,9,0,1,4,0.0014869319309726032,0.0003717329827431508,0.0003717329827431508,0.003634000000033666
Mk01-11-2,Mk01,11,2,0.25,14,3,4,3,A,0.25-N3-b4,7472306879715433807,2.6700000034907134e-05,19,4,14,0,1,4,0.011887218934844195,0.0029718047337110487,0.0029718047337110487,0.004313499999966552
Mk01-11-2,Mk01,11,2,0.25,14,3,4,3,C,0.25-N3-b4,7472306879715433807,3.489999994599202e-05,14,4,10,0,0,4,0.0014869319309726032,0.0003717329827431508,0.0003717329827431508,0.0037018000000443863
Mk01-11-2,Mk01,11,2,0.25,14,3,8,0,R0,0.25-N3-b8,115407054144547792,3.0599999945479794e-05,49,8,35,0,6,8,0.008210375715478902,0.0010262969644348628,0.0010262969644348628,0.008078500000010536
Mk01-11-2,Mk01,11,2,0.25,14,3,8,0,R1,0.25-N3-b8,115407054144547792,5.86999999541149e-05,23,8,13,0,2,8,0.011887218934844195,0.0014859023668555244,0.0014859023668555244,0.007963700000004792
Mk01-11-2,Mk01,11,2,0.25,14,3,8,0,S,0.25-N3-b8,115407054144547792,4.100000001017179e-05,50,8,37,0,5,8,0.00031595771424929725,3.9494714281162156e-05,3.9494714281162156e-05,0.0080600000000004
Mk01-11-2,Mk01,11,2,0.25,14,3,8,0,A,0.25-N3-b8,115407054144547792,3.6399999999048305e-05,47,8,31,0,8,8,0.011887218934844195,0.0014859023668555244,0.0014859023668555244,0.009002900000041336
Mk01-11-2,Mk01,11,2,0.25,14,3,8,0,C,0.25-N3-b8,115407054144547792,3.799999990405922e-05,47,8,33,0,6,8,0.005390043807907745,0.0006737554759884681,0.0006737554759884681,0.00794220000000223
Mk01-11-2,Mk01,11,2,0.25,14,3,8,1,R0,0.25-N3-b8,15316635977250338286,6.550000000515865e-05,37,8,27,0,2,8,0.008897484046725716,0.0011121855058407145,0.0011121855058407145,0.014119199999981902
Mk01-11-2,Mk01,11,2,0.25,14,3,8,1,R1,0.25-N3-b8,15316635977250338286,9.030000001075678e-05,66,8,54,0,4,8,0.008878411359635208,0.001109801419954401,0.001109801419954401,0.012033699999960845
Mk01-11-2,Mk01,11,2,0.25,14,3,8,1,S,0.25-N3-b8,15316635977250338286,3.930000002583256e-05,89,8,79,0,2,8,8.15429125694371e-05,1.0192864071179638e-05,1.0192864071179638e-05,0.01017910000007305
Mk01-11-2,Mk01,11,2,0.25,14,3,8,1,A,0.25-N3-b8,15316635977250338286,3.979999996772676e-05,87,8,71,0,8,8,0.011887218934844195,0.0014859023668555244,0.0014859023668555244,0.008869699999991099
Mk01-11-2,Mk01,11,2,0.25,14,3,8,1,C,0.25-N3-b8,15316635977250338286,3.260000005411712e-05,72,8,63,0,1,8,0.005390043807907745,0.0006737554759884681,0.0006737554759884681,0.009585300000026109
Mk01-11-2,Mk01,11,2,0.25,14,3,8,2,R0,0.25-N3-b8,2329317087572351117,3.570000001218432e-05,51,8,41,0,2,8,0.01462686876088404,0.001828358595110505,0.001828358595110505,0.00887790000001587
Mk01-11-2,Mk01,11,2,0.25,14,3,8,2,R1,0.25-N3-b8,2329317087572351117,0.00013010000009217038,35,8,18,0,9,8,0.016514185641173948,0.0020642732051467435,0.0020642732051467435,0.014818300000001727
Mk01-11-2,Mk01,11,2,0.25,14,3,8,2,S,0.25-N3-b8,2329317087572351117,4.1699999997035775e-05,54,8,41,0,5,8,0.00023441480167986188,2.9301850209982735e-05,2.9301850209982735e-05,0.01051540000003115
Mk01-11-2,Mk01,11,2,0.25,14,3,8,2,A,0.25-N3-b8,2329317087572351117,4.109999997581326e-05,42,8,30,0,4,8,0.015558815093883101,0.0019448518867353876,0.0019448518867353876,0.011654399999997622
Mk01-11-2,Mk01,11,2,0.25,14,3,8,2,C,0.25-N3-b8,2329317087572351117,8.100000002286833e-05,35,8,24,0,3,8,0.015558815093883101,0.0019448518867353876,0.0019448518867353876,0.01167329999998401
Mk01-11-2,Mk01,11,2,0.25,14,3,8,3,R0,0.25-N3-b8,7472306879715433807,4.020000005766633e-05,40,8,30,0,2,8,0.005390043807907745,0.0006737554759884681,0.0006737554759884681,0.008027900000001864
Mk01-11-2,Mk01,11,2,0.25,14,3,8,3,R1,0.25-N3-b8,7472306879715433807,5.870000006780174e-05,37,8,29,0,0,8,0.0056825620158997055,0.0007103202519874632,0.0007103202519874632,0.008836500000029446
Mk01-11-2,Mk01,11,2,0.25,14,3,8,3,S,0.25-N3-b8,7472306879715433807,4.2099999973288504e-05,24,8,15,0,1,8,0.0014869319309726032,0.0001858664913715754,0.0001858664913715754,0.007406800000012481
Mk01-11-2,Mk01,11,2,0.25,14,3,8,3,A,0.25-N3-b8,7472306879715433807,3.479999998035055e-05,37,8,27,0,2,8,0.011887218934844195,0.0014859023668555244,0.0014859023668555244,0.009742699999947035
Mk01-11-2,Mk01,11,2,0.25,14,3,8,3,C,0.25-N3-b8,7472306879715433807,6.270000005770271e-05,21,8,13,0,0,8,0.0014869319309726032,0.0001858664913715754,0.0001858664913715754,0.013045400000009977
Mk01-11-2,Mk01,11,2,0.25,14,4,4,0,R0,0.25-N4-b4,15902067902263721141,3.9099999980862776e-05,3,0,3,0,0,3,0.0,0.0,0.0,0.001888600000029328
Mk01-11-2,Mk01,11,2,0.25,14,4,4,0,R1,0.25-N4-b4,15902067902263721141,4.73000000056345e-05,3,1,2,0,0,4,0.0,0.0,0.0,0.002667299999984607
Mk01-11-2,Mk01,11,2,0.25,14,4,4,0,S,0.25-N4-b4,15902067902263721141,2.8799999995499093e-05,2,1,1,0,0,3,0.0,0.0,0.0,0.0021414000000277156
Mk01-11-2,Mk01,11,2,0.25,14,4,4,0,A,0.25-N4-b4,15902067902263721141,2.910000000611035e-05,3,0,3,0,0,3,0.0,0.0,0.0,0.002061499999967964
Mk01-11-2,Mk01,11,2,0.25,14,4,4,0,C,0.25-N4-b4,15902067902263721141,2.909999989242351e-05,2,1,1,0,0,3,0.0,0.0,0.0,0.0022510000000011132
Mk01-11-2,Mk01,11,2,0.25,14,4,4,1,R0,0.25-N4-b4,12428651990417313350,4.100000001017179e-05,3,0,3,0,0,3,0.0,0.0,0.0,0.0019250000000283762
Mk01-11-2,Mk01,11,2,0.25,14,4,4,1,R1,0.25-N4-b4,12428651990417313350,5.6300000096598524e-05,3,0,3,0,0,3,0.0,0.0,0.0,0.0021613999999772204
Mk01-11-2,Mk01,11,2,0.25,14,4,4,1,S,0.25-N4-b4,12428651990417313350,6.169999994654063e-05,2,1,1,0,0,3,0.0,0.0,0.0,0.002100500000096872
Mk01-11-2,Mk01,11,2,0.25,14,4,4,1,A,0.25-N4-b4,12428651990417313350,3.079999999044958e-05,3,0,3,0,0,3,0.0,0.0,0.0,0.001852999999982785
Mk01-11-2,Mk01,11,2,0.25,14,4,4,1,C,0.25-N4-b4,12428651990417313350,2.4800000005598122e-05,2,1,1,0,0,3,0.0,0.0,0.0,0.0020491000000220083
Mk01-11-2,Mk01,11,2,0.25,14,4,4,2,R0,0.25-N4-b4,9649142543829604261,2.9400000016721606e-05,2,1,1,0,0,3,8.15429125694371e-05,2.7180970856479036e-05,2.0385728142359276e-05,0.0020458000000189713
Mk01-11-2,Mk01,11,2,0.25,14,4,4,2,R1,0.25-N4-b4,9649142543829604261,4.3399999981375004e-05,3,0,3,0,0,3,0.0,0.0,0.0,0.0018483000000060201
Mk01-11-2,Mk01,11,2,0.25,14,4,4,2,S,0.25-N4-b4,9649142543829604261,2.729999994244281e-05,2,2,0,0,0,4,8.15429125694371e-05,2.0385728142359276e-05,2.0385728142359276e-05,0.002868499999976848
Mk01-11-2,Mk01,11,2,0.25,14,4,4,2,A,0.25-N4-b4,9649142543829604261,2.7499999987412593e-05,2,1,1,0,0,3,8.15429125694371e-05,2.7180970856479036e-05,2.0385728142359276e-05,0.002494899999987865
Mk01-11-2,Mk01,11,2,0.25,14,4,4,2,C,0.25-N4-b4,9649142543829604261,4.239999998389976e-05,2,2,0,0,0,4,8.15429125694371e-05,2.0385728142359276e-05,2.0385728142359276e-05,0.0030854000000317683
Mk01-11-2,Mk01,11,2,0.25,14,4,4,3,R0,0.25-N4-b4,1738319169942250913,3.3300000040981104e-05,3,0,3,0,0,3,0.0,0.0,0.0,0.0018574999999145803
Mk01-11-2,Mk01,11,2,0.25,14,4,4,3,R1,0.25-N4-b4,1738319169942250913,4.46999999894615e-05,2,1,1,0,0,3,0.0,0.0,0.0,0.002110799999968549
Mk01-11-2,Mk01,11,2,0.25,14,4,4,3,S,0.25-N4-b4,1738319169942250913,2.7100000011159864e-05,2,1,1,0,0,3,0.0,0.0,0.0,0.002098100000011982
Mk01-11-2,Mk01,11,2,0.25,14,4,4,3,A,0.25-N4-b4,1738319169942250913,2.6299999944967567e-05,3,0,3,0,0,3,0.0,0.0,0.0,0.0018541000000595886
Mk01-11-2,Mk01,11,2,0.25,14,4,4,3,C,0.25-N4-b4,1738319169942250913,2.469999992626981e-05,3,0,3,0,0,3,0.0,0.0,0.0,0.001849200000037854
Mk01-11-2,Mk01,11,2,0.25,14,4,8,0,R0,0.25-N4-b8,15902067902263721141,2.6800000000548607e-05,7,0,7,0,0,7,0.0,0.0,0.0,0.004717199999959121
Mk01-11-2,Mk01,11,2,0.25,14,4,8,0,R1,0.25-N4-b8,15902067902263721141,5.620000001727021e-05,5,2,3,0,0,7,0.0,0.0,0.0,0.004696200000012141
Mk01-11-2,Mk01,11,2,0.25,14,4,8,0,S,0.25-N4-b8,15902067902263721141,3.0300000048555376e-05,5,3,2,0,0,8,0.0,0.0,0.0,0.005511000000069544
Mk01-11-2,Mk01,11,2,0.25,14,4,8,0,A,0.25-N4-b8,15902067902263721141,2.9199999971751822e-05,7,0,7,0,0,7,0.0,0.0,0.0,0.004869900000016969
Mk01-11-2,Mk01,11,2,0.25,14,4,8,0,C,0.25-N4-b8,15902067902263721141,3.9899999933368235e-05,5,2,3,0,0,7,0.0,0.0,0.0,0.004769000000010237
Mk01-11-2,Mk01,11,2,0.25,14,4,8,1,R0,0.25-N4-b8,12428651990417313350,3.300000003036985e-05,7,0,7,0,0,7,0.0,0.0,0.0,0.0042654000000084125
Mk01-11-2,Mk01,11,2,0.25,14,4,8,1,R1,0.25-N4-b8,12428651990417313350,4.360000002634479e-05,7,0,7,0,0,7,0.0,0.0,0.0,0.004268400000000838
Mk01-11-2,Mk01,11,2,0.25,14,4,8,1,S,0.25-N4-b8,12428651990417313350,2.6599999955578824e-05,5,2,2,0,1,7,0.0,0.0,0.0,0.005979099999990467
Mk01-11-2,Mk01,11,2,0.25,14,4,8,1,A,0.25-N4-b8,12428651990417313350,4.120000005514157e-05,6,1,5,0,0,7,0.0,0.0,0.0,0.004470500000024913
Mk01-11-2,Mk01,11,2,0.25,14,4,8,1,C,0.25-N4-b8,12428651990417313350,2.8799999995499093e-05,5,2,2,0,1,7,0.0,0.0,0.0,0.004658100000028753
Mk01-11-2,Mk01,11,2,0.25,14,4,8,2,R0,0.25-N4-b8,9649142543829604261,3.079999999044958e-05,5,2,3,0,0,7,8.15429125694371e-05,1.1648987509919586e-05,1.0192864071179638e-05,0.0053725000000213186
Mk01-11-2,Mk01,11,2,0.25,14,4,8,2,R1,0.25-N4-b8,9649142543829604261,6.38999999864609e-05,6,1,5,0,0,7,0.0,0.0,0.0,0.004639600000018618
Mk01-11-2,Mk01,11,2,0.25,14,4,8,2,S,0.25-N4-b8,9649142543829604261,3.170000002228335e-05,4,3,1,0,0,7,8.15429125694371e-05,1.1648987509919586e-05,1.0192864071179638e-05,0.0049001999999518375
Mk01-11-2,Mk01,11,2,0.25,14,4,8,2,A,0.25-N4-b8,9649142543829604261,2.8600000064216147e-05,5,2,3,0,0,7,8.15429125694371e-05,1.1648987509919586e-05,1.0192864071179638e-05,0.005706299999928888
Mk01-11-2,Mk01,11,2,0.25,14,4,8,2,C,0.25-N4-b8,9649142543829604261,4.250000006322807e-05,4,3,1,0,0,7,8.15429125694371e-05,1.1648987509919586e-05,1.0192864071179638e-05,0.004974100000026738
Mk01-11-2,Mk01,11,2,0.25,14,4,8,3,R0,0.25-N4-b8,1738319169942250913,3.2900000064728374e-05,6,1,5,0,0,7,8.15429125694371e-05,1.1648987509919586e-05,1.0192864071179638e-05,0.004359599999929742
Mk01-11-2,Mk01,11,2,0.25,14,4,8,3,R1,0.25-N4-b8,1738319169942250913,4.709999996066472e-05,5,2,2,0,1,7,0.0,0.0,0.0,0.004598299999997835
Mk01-11-2,Mk01,11,2,0.25,14,4,8,3,S,0.25-N4-b8,1738319169942250913,3.749999996216502e-05,5,3,1,0,1,8,8.15429125694371e-05,1.0192864071179638e-05,1.0192864071179638e-05,0.007299400000079004
Mk01-11-2,Mk01,11,2,0.25,14,4,8,3,A,0.25-N4-b8,1738319169942250913,4.019999994397949e-05,6,1,5,0,0,7,8.15429125694371e-05,1.1648987509919586e-05,1.0192864071179638e-05,0.004448400000001129
Mk01-11-2,Mk01,11,2,0.25,14,4,8,3,C,0.25-N4-b8,1738319169942250913,3.270000001975859e-05,6,1,5,0,0,7,8.15429125694371e-05,1.1648987509919586e-05,1.0192864071179638e-05,0.005317300000001524
Mk01-11-2,Mk01,11,2,0.25,14,5,4,0,R0,0.25-N5-b4,8043012844629777471,7.379999999557185e-05,12,4,8,0,0,4,0.0008784024361201855,0.00021960060903004636,0.00021960060903004636,0.004121000000054664
Mk01-11-2,Mk01,11,2,0.25,14,5,4,0,R1,0.25-N5-b4,8043012844629777471,6.040000005214097e-05,17,4,13,0,0,4,0.00657221440918993,0.0016430536022974825,0.0016430536022974825,0.0036799000000655724
Mk01-11-2,Mk01,11,2,0.25,14,5,4,0,S,0.25-N5-b4,8043012844629777471,3.85000000733271e-05,8,4,4,0,0,4,0.0004193420341161991,0.00010483550852904977,0.00010483550852904977,0.0035546999999951367
Mk01-11-2,Mk01,11,2,0.25,14,5,4,0,A,0.25-N5-b4,8043012844629777471,3.1499999977313564e-05,18,4,14,0,0,4,0.00657221440918993,0.0016430536022974825,0.0016430536022974825,0.003958799999963958
Mk01-11-2,Mk01,11,2,0.25,14,5,4,0,C,0.25-N5-b4,8043012844629777471,4.500000000007276e-05,17,4,13,0,0,4,0.00657221440918993,0.0016430536022974825,0.0016430536022974825,0.003925700000081633
Mk01-11-2,Mk01,11,2,0.25,14,5,4,1,R0,0.25-N5-b4,12850590177220879527,3.5899999943467265e-05,14,4,10,0,0,4,0.00047914385463365683,0.00011978596365841421,0.00011978596365841421,0.0038336999999728505
Mk01-11-2,Mk01,11,2,0.25,14,5,4,1,R1,0.25-N5-b4,12850590177220879527,5.699999996977567e-05,14,4,10,0,0,4,0.0003853779339616954,9.634448349042386e-05,9.634448349042386e-05,0.0037370000000009895
Mk01-11-2,Mk01,11,2,0.25,14,5,4,1,S,0.25-N5-b4,12850590177220879527,4.630000000815926e-05,15,4,11,0,0,4,0.0009019957232371274,0.00022549893080928184,0.00022549893080928184,0.0039145999999163905
Mk01-11-2,Mk01,11,2,0.25,14,5,4,1,A,0.25-N5-b4,12850590177220879527,4.100000001017179e-05,19,4,15,0,0,4,0.01043673781574019,0.0026091844539350476,0.0026091844539350476,0.0039815999999746055
Mk01-11-2,Mk01,11,2,0.25,14,5,4,1,C,0.25-N5-b4,12850590177220879527,3.570000001218432e-05,22,4,18,0,0,4,0.0009019957232371274,0.00022549893080928184,0.00022549893080928184,0.004046900000048481
Mk01-11-2,Mk01,11,2,0.25,14,5,4,2,R0,0.25-N5-b4,4261683726136842279,3.4700000014709076e-05,16,4,11,0,1,4,0.008608132405856719,0.0021520331014641798,0.0021520331014641798,0.003853899999967325
Mk01-11-2,Mk01,11,2,0.25,14,5,4,2,R1,0.25-N5-b4,4261683726136842279,5.4399999953602673e-05,10,4,6,0,0,4,0.008608132405856719,0.0021520331014641798,0.0021520331014641798,0.0038384000000633023
Mk01-11-2,Mk01,11,2,0.25,14,5,4,2,S,0.25-N5-b4,4261683726136842279,4.329999990204669e-05,9,4,5,0,0,4,0.0,0.0,0.0,0.003670099999908416
Mk01-11-2,Mk01,11,2,0.25,14,5,4,2,A,0.25-N5-b4,4261683726136842279,3.349999997226405e-05,9,4,5,0,0,4,0.0,0.0,0.0,0.0037120000000641085
Mk01-11-2,Mk01,11,2,0.25,14,5,4,2,C,0.25-N5-b4,4261683726136842279,2.9299999937393295e-05,10,4,6,0,0,4,0.008608132405856719,0.0021520331014641798,0.0021520331014641798,0.0036860000000160653
Mk01-11-2,Mk01,11,2,0.25,14,5,4,3,R0,0.25-N5-b4,16360500956146654245,3.130000004603062e-05,22,4,18,0,0,4,0.0,0.0,0.0,0.004157500000019354
Mk01-11-2,Mk01,11,2,0.25,14,5,4,3,R1,0.25-N5-b4,16360500956146654245,6.21000000364802e-05,10,4,6,0,0,4,0.007124909904327967,0.0017812274760819918,0.0017812274760819918,0.0037168999999721564
Mk01-11-2,Mk01,11,2,0.25,14,5,4,3,S,0.25-N5-b4,16360500956146654245,3.000000003794412e-05,10,4,6,0,0,4,0.00657221440918993,0.0016430536022974825,0.0016430536022974825,0.0036940999999615087
Mk01-11-2,Mk01,11,2,0.25,14,5,4,3,A,0.25-N5-b4,16360500956146654245,3.15000000910004e-05,10,4,6,0,0,4,0.007124909904327967,0.0017812274760819918,0.0017812274760819918,0.003720599999951446
Mk01-11-2,Mk01,11,2,0.25,14,5,4,3,C,0.25-N5-b4,16360500956146654245,2.7199999976801337e-05,22,4,18,0,0,4,0.00657221440918993,0.0016430536022974825,0.0016430536022974825,0.004161899999985508
Mk01-11-2,Mk01,11,2,0.25,14,5,8,0,R0,0.25-N5-b8,8043012844629777471,3.6000000022795575e-05,44,8,35,0,1,8,0.009286088079971248,0.001160761009996406,0.001160761009996406,0.008472699999970246
Mk01-11-2,Mk01,11,2,0.25,14,5,8,0,R1,0.25-N5-b8,8043012844629777471,6.459999997332488e-05,30,8,22,0,0,8,0.00657221440918993,0.0008215268011487413,0.0008215268011487413,0.008171399999923779
Mk01-11-2,Mk01,11,2,0.25,14,5,8,0,S,0.25-N5-b8,8043012844629777471,3.789999993841775e-05,19,8,11,0,0,8,0.00657221440918993,0.0008215268011487413,0.0008215268011487413,0.006968000000028951
Mk01-11-2,Mk01,11,2,0.25,14,5,8,0,A,0.25-N5-b8,8043012844629777471,3.409999999348656e-05,42,8,34,0,0,8,0.00657221440918993,0.0008215268011487413,0.0008215268011487413,0.008547799999973904
Mk01-11-2,Mk01,11,2,0.25,14,5,8,0,C,0.25-N5-b8,8043012844629777471,3.930000002583256e-05,31,8,23,0,0,8,0.00657221440918993,0.0008215268011487413,0.0008215268011487413,0.007801699999959055
Mk01-11-2,Mk01,11,2,0.25,14,5,8,1,R0,0.25-N5-b8,12850590177220879527,3.540000000157306e-05,24,8,15,0,1,8,0.00047914385463365683,5.9892981829207104e-05,5.9892981829207104e-05,0.008015500000055908
Mk01-11-2,Mk01,11,2,0.25,14,5,8,1,R1,0.25-N5-b8,12850590177220879527,6.60000000607397e-05,30,8,22,0,0,8,0.009286088079971248,0.001160761009996406,0.001160761009996406,0.00818370000001778
Mk01-11-2,Mk01,11,2,0.25,14,5,8,1,S,0.25-N5-b8,12850590177220879527,3.840000010768563e-05,30,8,22,0,0,8,0.009286088079971248,0.001160761009996406,0.001160761009996406,0.009210699999925964
Mk01-11-2,Mk01,11,2,0.25,14,5,8,1,A,0.25-N5-b8,12850590177220879527,4.139999998642452e-05,31,8,23,0,0,8,0.01043673781574019,0.0013045922269675238,0.0013045922269675238,0.007991800000013427
Mk01-11-2,Mk01,11,2,0.25,14,5,8,1,C,0.25-N5-b8,12850590177220879527,3.759999992780649e-05,30,8,22,0,0,8,0.009286088079971248,0.001160761009996406,0.001160761009996406,0.0077127999999220265
Mk01-11-2,Mk01,11,2,0.25,14,5,8,2,R0,0.25-N5-b8,4261683726136842279,3.580000009151263e-05,24,8,15,0,1,8,0.009557721520160862,0.0011947151900201078,0.0011947151900201078,0.0073716999999078325
Mk01-11-2,Mk01,11,2,0.25,14,5,8,2,R1,0.25-N5-b8,4261683726136842279,5.42999999879612e-05,42,8,33,0,1,8,0.008608132405856719,0.0010760165507320899,0.0010760165507320899,0.008236499999952684
Mk01-11-2,Mk01,11,2,0.25,14,5,8,2,S,0.25-N5-b8,4261683726136842279,3.919999994650425e-05,37,8,29,0,0,8,0.009286088079971248,0.001160761009996406,0.001160761009996406,0.007488099999932274
Mk01-11-2,Mk01,11,2,0.25,14,5,8,2,A,0.25-N5-b8,4261683726136842279,3.209999999853608e-05,22,8,13,0,1,8,0.008608132405856719,0.0010760165507320899,0.0010760165507320899,0.008294599999999264
Mk01-11-2,Mk01,11,2,0.25,14,5,8,2,C,0.25-N5-b8,4261683726136842279,4.059999992023222e-05,25,8,16,0,1,8,0.009557721520160862,0.0011947151900201078,0.0011947151900201078,0.007325999999920896
Mk01-11-2,Mk01,11,2,0.25,14,5,8,3,R0,0.25-N5-b8,16360500956146654245,3.400000002784509e-05,45,8,37,0,0,8,2.2551405187698492e-17,2.8189256484623115e-18,2.8189256484623115e-18,0.00806590000001961
Mk01-11-2,Mk01,11,2,0.25,14,5,8,3,R1,0.25-N5-b8,16360500956146654245,6.109999992531812e-05,29,8,21,0,0,8,0.007124909904327967,0.0008906137380409959,0.0008906137380409959,0.007520899999917674
Mk01-11-2,Mk01,11,2,0.25,14,5,8,3,S,0.25-N5-b8,16360500956146654245,3.249999997478881e-05,40,8,32,0,0,8,0.00657221440918993,0.0008215268011487413,0.0008215268011487413,0.008018099999958395
Mk01-11-2,Mk01,11,2,0.25,14,5,8,3,A,0.25-N5-b8,16360500956146654245,3.870000000461005e-05,40,8,32,0,0,8,0.007124909904327967,0.0008906137380409959,0.0008906137380409959,0.007730199999969045
Mk01-11-2,Mk01,11,2,0.25,14,5,8,3,C,0.25-N5-b8,16360500956146654245,3.230000004350586e-05,41,8,33,0,0,8,0.00657221440918993,0.0008215268011487413,0.0008215268011487413,0.00791289999995115
Mk01-11-2,Mk01,11,2,0.25,14,6,4,0,R0,0.25-N6-b4,10444302967463434476,3.5899999943467265e-05,3,0,3,0,0,3,0.0,0.0,0.0,0.0019262000000708213
Mk01-11-2,Mk01,11,2,0.25,14,6,4,0,R1,0.25-N6-b4,10444302967463434476,4.4400000092537084e-05,2,1,0,0,1,3,0.006030211985219089,0.0020100706617396965,0.0015075529963047723,0.002112500000066575
Mk01-11-2,Mk01,11,2,0.25,14,6,4,0,S,0.25-N6-b4,10444302967463434476,2.7499999987412593e-05,2,1,0,0,1,3,0.006030211985219089,0.0020100706617396965,0.0015075529963047723,0.0021125999999185296
Mk01-11-2,Mk01,11,2,0.25,14,6,4,0,A,0.25-N6-b4,10444302967463434476,2.6800000000548607e-05,2,1,0,0,1,3,0.006030211985219089,0.0020100706617396965,0.0015075529963047723,0.002288000000021384
Mk01-11-2,Mk01,11,2,0.25,14,6,4,0,C,0.25-N6-b4,10444302967463434476,3.2400000009147334e-05,2,1,0,0,1,3,0.006030211985219089,0.0020100706617396965,0.0015075529963047723,0.002147600000057537
Mk01-11-2,Mk01,11,2,0.25,14,6,4,1,R0,0.25-N6-b4,4220052388987026748,3.6000000022795575e-05,2,1,0,0,1,3,0.006030211985219089,0.0020100706617396965,0.0015075529963047723,0.0022147000000813932
Mk01-11-2,Mk01,11,2,0.25,14,6,4,1,R1,0.25-N6-b4,4220052388987026748,7.279999999809661e-05,2,1,0,0,1,3,0.006030211985219089,0.0020100706617396965,0.0015075529963047723,0.0021523000000343018
Mk01-11-2,Mk01,11,2,0.25,14,6,4,1,S,0.25-N6-b4,4220052388987026748,3.040000001419685e-05,2,1,0,0,1,3,0.006030211985219089,0.0020100706617396965,0.0015075529963047723,0.0021762999999737076
Mk01-11-2,Mk01,11,2,0.25,14,6,4,1,A,0.25-N6-b4,4220052388987026748,2.700000004551839e-05,2,1,0,0,1,3,0.006030211985219089,0.0020100706617396965,0.0015075529963047723,0.0021097999999710737
Mk01-11-2,Mk01,11,2,0.25,14,6,4,1,C,0.25-N6-b4,4220052388987026748,2.649999998993735e-05,2,1,0,0,1,3,0.006030211985219089,0.0020100706617396965,0.0015075529963047723,0.002164600000014616
Mk01-11-2,Mk01,11,2,0.25,14,6,4,2,R0,0.25-N6-b4,4585227554882057635,2.9300000051080133e-05,3,0,3,0,0,3,0.0,0.0,0.0,0.002035799999930532
Mk01-11-2,Mk01,11,2,0.25,14,6,4,2,R1,0.25-N6-b4,4585227554882057635,4.720000003999303e-05,3,0,3,0,0,3,0.0,0.0,0.0,0.0019295999999258129
Mk01-11-2,Mk01,11,2,0.25,14,6,4,2,S,0.25-N6-b4,4585227554882057635,2.7199999976801337e-05,2,1,0,0,1,3,0.006030211985219089,0.0020100706617396965,0.0015075529963047723,0.0022123999999621446
Mk01-11-2,Mk01,11,2,0.25,14,6,4,2,A,0.25-N6-b4,4585227554882057635,3.9099999980862776e-05,2,1,0,0,1,3,0.006030211985219089,0.0020100706617396965,0.0015075529963047723,0.0021473000000469256
Mk01-11-2,Mk01,11,2,0.25,14,6,4,2,C,0.25-N6-b4,4585227554882057635,2.8100000008635106e-05,2,1,0,0,1,3,0.006030211985219089,0.0020100706617396965,0.0015075529963047723,0.002110399999992296
Mk01-11-2,Mk01,11,2,0.25,14,6,4,3,R0,0.25-N6-b4,1793617006591666019,4.460000002382003e-05,2,1,0,0,1,3,0.006030211985219089,0.0020100706617396965,0.0015075529963047723,0.0021660999999539854
Mk01-11-2,Mk01,11,2,0.25,14,6,4,3,R1,0.25-N6-b4,1793617006591666019,4.369999999198626e-05,3,0,3,0,0,3,0.0,0.0,0.0,0.0019049999999651845
Mk01-11-2,Mk01,11,2,0.25,14,6,4,3,S,0.25-N6-b4,1793617006591666019,2.729999994244281e-05,2,1,0,0,1,3,0.006030211985219089,0.0020100706617396965,0.0015075529963047723,0.002161099999966609
Mk01-11-2,Mk01,11,2,0.25,14,6,4,3,A,0.25-N6-b4,1793617006591666019,2.9899999958615808e-05,2,1,0,0,1,3,0.006030211985219089,0.0020100706617396965,0.0015075529963047723,0.0021083999999973457
Mk01-11-2,Mk01,11,2,0.25,14,6,4,3,C,0.25-N6-b4,1793617006591666019,2.700000004551839e-05,2,1,0,0,1,3,0.006030211985219089,0.0020100706617396965,0.0015075529963047723,0.002162999999995918
Mk01-11-2,Mk01,11,2,0.25,14,6,8,0,R0,0.25-N6-b8,10444302967463434476,4.42000000475673e-05,7,0,7,0,0,7,0.0,0.0,0.0,0.004478800000015326
Mk01-11-2,Mk01,11,2,0.25,14,6,8,0,R1,0.25-N6-b8,10444302967463434476,5.8899999999084685e-05,6,1,0,0,5,7,0.006030211985219089,0.0008614588550312984,0.0007537764981523862,0.004969099999925675
Mk01-11-2,Mk01,11,2,0.25,14,6,8,0,S,0.25-N6-b8,10444302967463434476,3.870000000461005e-05,6,1,0,0,5,7,0.006030211985219089,0.0008614588550312984,0.0007537764981523862,0.004793199999994613
Mk01-11-2,Mk01,11,2,0.25,14,6,8,0,A,0.25-N6-b8,10444302967463434476,3.4199999959128036e-05,6,1,0,0,5,7,0.006030211985219089,0.0008614588550312984,0.0007537764981523862,0.004830900000001748
Mk01-11-2,Mk01,11,2,0.25,14,6,8,0,C,0.25-N6-b8,10444302967463434476,3.750000007585186e-05,6,1,0,0,5,7,0.006030211985219089,0.0008614588550312984,0.0007537764981523862,0.0046276999999008694
Mk01-11-2,Mk01,11,2,0.25,14,6,8,1,R0,0.25-N6-b8,4220052388987026748,3.370000001723383e-05,6,1,0,0,5,7,0.006030211985219089,0.0008614588550312984,0.0007537764981523862,0.004762099999993552
Mk01-11-2,Mk01,11,2,0.25,14,6,8,1,R1,0.25-N6-b8,4220052388987026748,5.290000001423323e-05,6,1,0,0,5,7,0.006030211985219089,0.0008614588550312984,0.0007537764981523862,0.004901499999959924
Mk01-11-2,Mk01,11,2,0.25,14,6,8,1,S,0.25-N6-b8,4220052388987026748,4.069999999956053e-05,6,1,0,0,5,7,0.006030211985219089,0.0008614588550312984,0.0007537764981523862,0.004735000000096079
Mk01-11-2,Mk01,11,2,0.25,14,6,8,1,A,0.25-N6-b8,4220052388987026748,3.079999999044958e-05,6,1,0,0,5,7,0.006030211985219089,0.0008614588550312984,0.0007537764981523862,0.00464169999997921
Mk01-11-2,Mk01,11,2,0.25,14,6,8,1,C,0.25-N6-b8,4220052388987026748,2.8100000008635106e-05,6,1,0,0,5,7,0.006030211985219089,0.0008614588550312984,0.0007537764981523862,0.004630300000030729
Mk01-11-2,Mk01,11,2,0.25,14,6,8,2,R0,0.25-N6-b8,4585227554882057635,3.199999991920777e-05,7,0,7,0,0,7,0.0,0.0,0.0,0.0071199999999862484
Mk01-11-2,Mk01,11,2,0.25,14,6,8,2,R1,0.25-N6-b8,4585227554882057635,6.310000003395544e-05,7,0,7,0,0,7,0.0,0.0,0.0,0.004416300000002593
Mk01-11-2,Mk01,11,2,0.25,14,6,8,2,S,0.25-N6-b8,4585227554882057635,3.179999998792482e-05,6,1,0,0,5,7,0.006030211985219089,0.0008614588550312984,0.0007537764981523862,0.004638300000010531
Mk01-11-2,Mk01,11,2,0.25,14,6,8,2,A,0.25-N6-b8,4585227554882057635,2.8900000074827403e-05,6,1,0,0,5,7,0.006030211985219089,0.0008614588550312984,0.0007537764981523862,0.004875399999946239
Mk01-11-2,Mk01,11,2,0.25,14,6,8,2,C,0.25-N6-b8,4585227554882057635,3.739999999652355e-05,6,1,0,0,5,7,0.006030211985219089,0.0008614588550312984,0.0007537764981523862,0.004657999999949425
Mk01-11-2,Mk01,11,2,0.25,14,6,8,3,R0,0.25-N6-b8,1793617006591666019,3.270000001975859e-05,6,1,0,0,5,7,0.006030211985219089,0.0008614588550312984,0.0007537764981523862,0.0047050999999100895
Mk01-11-2,Mk01,11,2,0.25,14,6,8,3,R1,0.25-N6-b8,1793617006591666019,4.839999996875122e-05,7,0,7,0,0,7,0.0,0.0,0.0,0.004544099999975515
Mk01-11-2,Mk01,11,2,0.25,14,6,8,3,S,0.25-N6-b8,1793617006591666019,4.0000000012696546e-05,6,1,0,0,5,7,0.006030211985219089,0.0008614588550312984,0.0007537764981523862,0.004865199999926517
Mk01-11-2,Mk01,11,2,0.25,14,6,8,3,A,0.25-N6-b8,1793617006591666019,3.8200000062715844e-05,6,1,0,0,5,7,0.006030211985219089,0.0008614588550312984,0.0007537764981523862,0.004660700000044926
Mk01-11-2,Mk01,11,2,0.25,14,6,8,3,C,0.25-N6-b8,1793617006591666019,2.949999998236308e-05,6,1,0,0,5,7,0.006030211985219089,0.0008614588550312984,0.0007537764981523862,0.0055777000000034604
Mk01-11-2,Mk01,11,2,0.5,28,1,4,0,R0,0.5-N1-b4,3289335066078184603,4.3900000036956044e-05,160,2,155,3,0,2,0.0,0.0,0.0,0.007790300000010575
Mk01-11-2,Mk01,11,2,0.5,28,1,4,0,R1,0.5-N1-b4,3289335066078184603,6.689999997888663e-05,160,3,154,3,0,3,0.0,0.0,0.0,0.006614199999944503
Mk01-11-2,Mk01,11,2,0.5,28,1,4,0,S,0.5-N1-b4,3289335066078184603,3.349999997226405e-05,52,4,48,0,0,4,0.0,0.0,0.0,0.005096800000046642
Mk01-11-2,Mk01,11,2,0.5,28,1,4,0,A,0.5-N1-b4,3289335066078184603,4.4799999955102976e-05,160,3,153,3,1,3,0.014684468272699818,0.004894822757566606,0.0036711170681749546,0.0067485000000715445
Mk01-11-2,Mk01,11,2,0.5,28,1,4,0,C,0.5-N1-b4,3289335066078184603,3.599999990910874e-05,52,4,48,0,0,4,0.0,0.0,0.0,0.004717700000014702
Mk01-11-2,Mk01,11,2,0.5,28,1,4,1,R0,0.5-N1-b4,17747935250248716366,3.930000002583256e-05,125,4,121,0,0,4,0.0,0.0,0.0,0.006795300000021598
Mk01-11-2,Mk01,11,2,0.5,28,1,4,1,R1,0.5-N1-b4,17747935250248716366,6.400000006578921e-05,120,4,115,0,1,4,0.0004193420341161991,0.00010483550852904977,0.00010483550852904977,0.006534299999998439
Mk01-11-2,Mk01,11,2,0.5,28,1,4,1,S,0.5-N1-b4,17747935250248716366,3.079999999044958e-05,160,3,155,1,1,3,0.0004193420341161991,0.00013978067803873304,0.00010483550852904977,0.0068168999999898006
Mk01-11-2,Mk01,11,2,0.5,28,1,4,1,A,0.5-N1-b4,17747935250248716366,4.0500000068277586e-05,143,4,139,0,0,4,0.014684468272699818,0.0036711170681749546,0.0036711170681749546,0.007114300000012008
Mk01-11-2,Mk01,11,2,0.5,28,1,4,1,C,0.5-N1-b4,17747935250248716366,3.6900000054629345e-05,160,1,158,1,0,1,0.0,0.0,0.0,0.00498410000000149
Mk01-11-2,Mk01,11,2,0.5,28,1,4,2,R0,0.5-N1-b4,7820605248301016373,4.409999996823899e-05,160,2,158,0,0,2,0.008608132405856702,0.004304066202928351,0.0021520331014641754,0.005931000000032327
Mk01-11-2,Mk01,11,2,0.5,28,1,4,2,R1,0.5-N1-b4,7820605248301016373,6.240000004709145e-05,160,1,159,0,0,1,1.1460279193232364e-05,1.1460279193232364e-05,2.865069798308091e-06,0.004952499999944848
Mk01-11-2,Mk01,11,2,0.5,28,1,4,2,S,0.5-N1-b4,7820605248301016373,3.209999999853608e-05,160,0,160,0,0,0,0.0,,0.0,0.004106600000000071
Mk01-11-2,Mk01,11,2,0.5,28,1,4,2,A,0.5-N1-b4,7820605248301016373,2.8000000042993634e-05,160,2,157,0,1,2,0.014684468272699818,0.007342234136349909,0.0036711170681749546,0.006007299999964744
Mk01-11-2,Mk01,11,2,0.5,28,1,4,2,C,0.5-N1-b4,7820605248301016373,3.999999989900971e-05,160,3,157,0,0,3,0.014684468272699818,0.004894822757566606,0.0036711170681749546,0.006711399999971945
Mk01-11-2,Mk01,11,2,0.5,28,1,4,3,R0,0.5-N1-b4,5432768368163828480,3.7700000007134804e-05,160,3,157,0,0,3,0.0,0.0,0.0,0.008685700000000907
Mk01-11-2,Mk01,11,2,0.5,28,1,4,3,R1,0.5-N1-b4,5432768368163828480,6.729999995513936e-05,160,2,158,0,0,2,0.0,0.0,0.0,0.005879599999957463
Mk01-11-2,Mk01,11,2,0.5,28,1,4,3,S,0.5-N1-b4,5432768368163828480,3.3299999927294266e-05,160,2,158,0,0,2,0.0,0.0,0.0,0.00593750000007276
Mk01-11-2,Mk01,11,2,0.5,28,1,4,3,A,0.5-N1-b4,5432768368163828480,3.319999996165279e-05,160,0,160,0,0,0,0.0,,0.0,0.0042685000000801665
Mk01-11-2,Mk01,11,2,0.5,28,1,4,3,C,0.5-N1-b4,5432768368163828480,4.189999992831872e-05,160,0,160,0,0,0,0.0,,0.0,0.004134000000021842
Mk01-11-2,Mk01,11,2,0.5,28,1,8,0,R0,0.5-N1-b8,3289335066078184603,3.8099999983387534e-05,320,4,311,5,0,4,0.008608132405856702,0.0021520331014641754,0.0010760165507320877,0.01182040000003326
Mk01-11-2,Mk01,11,2,0.5,28,1,8,0,R1,0.5-N1-b8,3289335066078184603,6.580000001576991e-05,320,5,309,5,1,5,0.0,0.0,0.0,0.012444699999946351
Mk01-11-2,Mk01,11,2,0.5,28,1,8,0,S,0.5-N1-b8,3289335066078184603,5.60999999379419e-05,147,8,136,2,1,8,0.005888147339250896,0.000736018417406362,0.000736018417406362,0.010456099999942126
Mk01-11-2,Mk01,11,2,0.5,28,1,8,0,A,0.5-N1-b8,3289335066078184603,3.6500000078376615e-05,320,4,310,5,1,4,0.014684468272699818,0.0036711170681749546,0.0018355585340874773,0.013880099999937556
Mk01-11-2,Mk01,11,2,0.5,28,1,8,0,C,0.5-N1-b8,3289335066078184603,4.219999993892998e-05,137,8,127,1,1,8,0.005888147339250896,0.000736018417406362,0.000736018417406362,0.010287099999914062
Mk01-11-2,Mk01,11,2,0.5,28,1,8,1,R0,0.5-N1-b8,17747935250248716366,4.100000001017179e-05,320,5,313,1,1,5,0.0,0.0,0.0,0.012041900000099304
Mk01-11-2,Mk01,11,2,0.5,28,1,8,1,R1,0.5-N1-b8,17747935250248716366,5.639999994855316e-05,270,8,260,1,1,8,0.0004193420341161991,5.2417754264524885e-05,5.2417754264524885e-05,0.013964200000032179
Mk01-11-2,Mk01,11,2,0.5,28,1,8,1,S,0.5-N1-b8,17747935250248716366,6.099999995967664e-05,320,5,313,1,1,5,0.005888147339250896,0.0011776294678501793,0.000736018417406362,0.013093799999978728
Mk01-11-2,Mk01,11,2,0.5,28,1,8,1,A,0.5-N1-b8,17747935250248716366,3.98000000814136e-05,320,7,312,1,0,7,0.014684468272699818,0.0020977811818142598,0.0018355585340874773,0.014263199999959397
Mk01-11-2,Mk01,11,2,0.5,28,1,8,1,C,0.5-N1-b8,17747935250248716366,3.930000002583256e-05,320,4,315,1,0,4,0.005888147339250896,0.001472036834812724,0.000736018417406362,0.011652899999944566
Mk01-11-2,Mk01,11,2,0.5,28,1,8,2,R0,0.5-N1-b8,7820605248301016373,3.749999996216502e-05,320,3,316,1,0,3,0.008608132405856702,0.0028693774686189004,0.0010760165507320877,0.010370300000090538
Mk01-11-2,Mk01,11,2,0.5,28,1,8,2,R1,0.5-N1-b8,7820605248301016373,5.160000000614673e-05,320,5,314,1,0,5,0.0028526014042132147,0.0005705202808426429,0.00035657517552665184,0.012532500000020264
Mk01-11-2,Mk01,11,2,0.5,28,1,8,2,S,0.5-N1-b8,7820605248301016373,5.4399999953602673e-05,320,4,313,1,2,4,0.005888147339250896,0.001472036834812724,0.000736018417406362,0.011907700000051591
Mk01-11-2,Mk01,11,2,0.5,28,1,8,2,A,0.5-N1-b8,7820605248301016373,3.930000002583256e-05,320,6,312,1,1,6,0.014684468272699818,0.002447411378783303,0.0018355585340874773,0.013015499999937674
Mk01-11-2,Mk01,11,2,0.5,28,1,8,2,C,0.5-N1-b8,7820605248301016373,4.099999989648495e-05,252,8,243,0,1,8,0.014684468272699818,0.0018355585340874773,0.0018355585340874773,0.012483399999950962
Mk01-11-2,Mk01,11,2,0.5,28,1,8,3,R0,0.5-N1-b8,5432768368163828480,6.109999992531812e-05,320,4,315,1,0,4,0.0,0.0,0.0,0.012601499999959742
Mk01-11-2,Mk01,11,2,0.5,28,1,8,3,R1,0.5-N1-b8,5432768368163828480,6.680000001324515e-05,320,3,314,1,2,3,0.008608132405856702,0.0028693774686189004,0.0010760165507320877,0.011105799999995725
Mk01-11-2,Mk01,11,2,0.5,28,1,8,3,S,0.5-N1-b8,5432768368163828480,4.200000000764703e-05,320,6,313,1,0,6,0.005888147339250896,0.0009813578898751495,0.000736018417406362,0.014196800000036092
Mk01-11-2,Mk01,11,2,0.5,28,1,8,3,A,0.5-N1-b8,5432768368163828480,4.369999999198626e-05,320,5,313,1,1,5,0.0,0.0,0.0,0.012548100000003615
Mk01-11-2,Mk01,11,2,0.5,28,1,8,3,C,0.5-N1-b8,5432768368163828480,4.4800000068789814e-05,320,5,314,1,0,5,0.005888147339250896,0.0011776294678501793,0.000736018417406362,0.012306299999977455
Mk01-11-2,Mk01,11,2,0.5,28,2,4,0,R0,0.5-N2-b4,9725139128542858485,3.880000008393836e-05,160,0,160,0,0,0,0.0,,0.0,0.006351399999971363
Mk01-11-2,Mk01,11,2,0.5,28,2,4,0,R1,0.5-N2-b4,9725139128542858485,7.100000004811591e-05,160,0,160,0,0,0,0.0,,0.0,0.005373100000042541
Mk01-11-2,Mk01,11,2,0.5,28,2,4,0,S,0.5-N2-b4,9725139128542858485,3.7300000030882074e-05,160,0,160,0,0,0,0.0,,0.0,0.005315900000027796
Mk01-11-2,Mk01,11,2,0.5,28,2,4,0,A,0.5-N2-b4,9725139128542858485,3.649999996468978e-05,160,0,160,0,0,0,0.0,,0.0,0.006270699999959106
Mk01-11-2,Mk01,11,2,0.5,28,2,4,0,C,0.5-N2-b4,9725139128542858485,4.3000000005122274e-05,160,0,160,0,0,0,0.0,,0.0,0.005282299999976203
Mk01-11-2,Mk01,11,2,0.5,28,2,4,1,R0,0.5-N2-b4,14599163621808023136,3.59000000571541e-05,160,0,160,0,0,0,0.0,,0.0,0.005429700000036064
Mk01-11-2,Mk01,11,2,0.5,28,2,4,1,R1,0.5-N2-b4,14599163621808023136,6.87999998945088e-05,160,0,160,0,0,0,0.0,,0.0,0.0058786999999256295
Mk01-11-2,Mk01,11,2,0.5,28,2,4,1,S,0.5-N2-b4,14599163621808023136,4.4300000013208773e-05,160,0,160,0,0,0,0.0,,0.0,0.005102899999997135
Mk01-11-2,Mk01,11,2,0.5,28,2,4,1,A,0.5-N2-b4,14599163621808023136,3.340000000662258e-05,160,0,160,0,0,0,0.0,,0.0,0.005285100000037346
Mk01-11-2,Mk01,11,2,0.5,28,2,4,1,C,0.5-N2-b4,14599163621808023136,3.039999990051001e-05,160,0,160,0,0,0,0.0,,0.0,0.0055164000000331725
Mk01-11-2,Mk01,11,2,0.5,28,2,4,2,R0,0.5-N2-b4,3856379772422652960,3.939999999147403e-05,160,0,160,0,0,0,0.0,,0.0,0.005472800000006828
Mk01-11-2,Mk01,11,2,0.5,28,2,4,2,R1,0.5-N2-b4,3856379772422652960,5.9800000030918454e-05,160,0,160,0,0,0,0.0,,0.0,0.005524599999944257
Mk01-11-2,Mk01,11,2,0.5,28,2,4,2,S,0.5-N2-b4,3856379772422652960,3.489999994599202e-05,160,0,160,0,0,0,0.0,,0.0,0.005729100000053222
Mk01-11-2,Mk01,11,2,0.5,28,2,4,2,A,0.5-N2-b4,3856379772422652960,4.549999994196696e-05,160,1,159,0,0,1,0.0,0.0,0.0,0.006531900000027235
Mk01-11-2,Mk01,11,2,0.5,28,2,4,2,C,0.5-N2-b4,3856379772422652960,3.72000000652406e-05,160,0,160,0,0,0,0.0,,0.0,0.005707800000095631
Mk01-11-2,Mk01,11,2,0.5,28,2,4,3,R0,0.5-N2-b4,6690181592534209268,4.269999999451102e-05,160,0,159,1,0,0,0.0,,0.0,0.005617199999960576
Mk01-11-2,Mk01,11,2,0.5,28,2,4,3,R1,0.5-N2-b4,6690181592534209268,6.489999998393614e-05,160,1,158,1,0,1,0.0,0.0,0.0,0.006559600000059618
Mk01-11-2,Mk01,11,2,0.5,28,2,4,3,S,0.5-N2-b4,6690181592534209268,3.700000002027082e-05,160,1,158,1,0,1,0.0,0.0,0.0,0.006688300000064373
Mk01-11-2,Mk01,11,2,0.5,28,2,4,3,A,0.5-N2-b4,6690181592534209268,4.3900000036956044e-05,160,0,159,1,0,0,0.0,,0.0,0.005632399999967674
Mk01-11-2,Mk01,11,2,0.5,28,2,4,3,C,0.5-N2-b4,6690181592534209268,3.4700000014709076e-05,160,1,158,1,0,1,0.0,0.0,0.0,0.006449299999985669
Mk01-11-2,Mk01,11,2,0.5,28,2,8,0,R0,0.5-N2-b8,9725139128542858485,3.6799999975301034e-05,320,0,319,1,0,0,0.0,,0.0,0.011525300000016614
Mk01-11-2,Mk01,11,2,0.5,28,2,8,0,R1,0.5-N2-b8,9725139128542858485,0.00011779999999816937,320,0,319,1,0,0,0.0,,0.0,0.011780499999986205
Mk01-11-2,Mk01,11,2,0.5,28,2,8,0,S,0.5-N2-b8,9725139128542858485,5.129999999553547e-05,320,0,319,1,0,0,0.0,,0.0,0.011413500000003296
Mk01-11-2,Mk01,11,2,0.5,28,2,8,0,A,0.5-N2-b8,9725139128542858485,7.400000004054164e-05,320,1,318,1,0,1,0.0,0.0,0.0,0.012458700000024692
Mk01-11-2,Mk01,11,2,0.5,28,2,8,0,C,0.5-N2-b8,9725139128542858485,4.629999989447242e-05,320,1,318,1,0,1,0.0,0.0,0.0,0.012203499999941414
Mk01-11-2,Mk01,11,2,0.5,28,2,8,1,R0,0.5-N2-b8,14599163621808023136,5.29999999798747e-05,320,0,320,0,0,0,0.0,,0.0,0.011279600000079881
Mk01-11-2,Mk01,11,2,0.5,28,2,8,1,R1,0.5-N2-b8,14599163621808023136,7.17000000349799e-05,320,0,320,0,0,0,0.0,,0.0,0.011015700000029938
Mk01-11-2,Mk01,11,2,0.5,28,2,8,1,S,0.5-N2-b8,14599163621808023136,3.309999999601132e-05,320,0,320,0,0,0,0.0,,0.0,0.011073000000010325
Mk01-11-2,Mk01,11,2,0.5,28,2,8,1,A,0.5-N2-b8,14599163621808023136,4.330000001573353e-05,320,0,320,0,0,0,0.0,,0.0,0.011127699999974539
Mk01-11-2,Mk01,11,2,0.5,28,2,8,1,C,0.5-N2-b8,14599163621808023136,4.529999989699718e-05,320,0,320,0,0,0,0.0,,0.0,0.010947699999974247
Mk01-11-2,Mk01,11,2,0.5,28,2,8,2,R0,0.5-N2-b8,3856379772422652960,3.450000008342613e-05,320,0,320,0,0,0,0.0,,0.0,0.011185399999931178
Mk01-11-2,Mk01,11,2,0.5,28,2,8,2,R1,0.5-N2-b8,3856379772422652960,7.08999999687876e-05,320,0,320,0,0,0,0.0,,0.0,0.010927799999990384
Mk01-11-2,Mk01,11,2,0.5,28,2,8,2,S,0.5-N2-b8,3856379772422652960,4.280000007383933e-05,320,0,320,0,0,0,0.0,,0.0,0.01058229999989635
Mk01-11-2,Mk01,11,2,0.5,28,2,8,2,A,0.5-N2-b8,3856379772422652960,2.960000006169139e-05,320,1,319,0,0,1,0.0,0.0,0.0,0.011966800000095645
Mk01-11-2,Mk01,11,2,0.5,28,2,8,2,C,0.5-N2-b8,3856379772422652960,3.85000000733271e-05,320,0,320,0,0,0,0.0,,0.0,0.011479899999926602
Mk01-11-2,Mk01,11,2,0.5,28,2,8,3,R0,0.5-N2-b8,6690181592534209268,3.7700000007134804e-05,320,0,319,1,0,0,0.0,,0.0,0.010383000000047105
Mk01-11-2,Mk01,11,2,0.5,28,2,8,3,R1,0.5-N2-b8,6690181592534209268,5.129999999553547e-05,320,1,318,1,0,1,0.0,0.0,0.0,0.011446699999964949
Mk01-11-2,Mk01,11,2,0.5,28,2,8,3,S,0.5-N2-b8,6690181592534209268,3.500000002532033e-05,320,1,318,1,0,1,0.0,0.0,0.0,0.011523000000011052
Mk01-11-2,Mk01,11,2,0.5,28,2,8,3,A,0.5-N2-b8,6690181592534209268,3.660000004401809e-05,320,0,319,1,0,0,0.0,,0.0,0.01056180000000495
Mk01-11-2,Mk01,11,2,0.5,28,2,8,3,C,0.5-N2-b8,6690181592534209268,3.140000001167209e-05,320,1,318,1,0,1,0.0,0.0,0.0,0.011728300000072522
Mk01-11-2,Mk01,11,2,0.5,28,3,4,0,R0,0.5-N3-b4,12492887440836887057,3.620000006776536e-05,6,4,2,0,0,4,0.00023441480167986188,5.860370041996547e-05,5.860370041996547e-05,0.0034531999999671825
Mk01-11-2,Mk01,11,2,0.5,28,3,4,0,R1,0.5-N3-b4,12492887440836887057,4.850000004807953e-05,4,4,0,0,0,4,0.00023441480167986188,5.860370041996547e-05,5.860370041996547e-05,0.003697699999975157
Mk01-11-2,Mk01,11,2,0.5,28,3,4,0,S,0.5-N3-b4,12492887440836887057,3.500000002532033e-05,6,4,2,0,0,4,0.00023441480167986188,5.860370041996547e-05,5.860370041996547e-05,0.0034418999999843436
Mk01-11-2,Mk01,11,2,0.5,28,3,4,0,A,0.5-N3-b4,12492887440836887057,2.999999992425728e-05,5,4,1,0,0,4,0.00023441480167986188,5.860370041996547e-05,5.860370041996547e-05,0.003486599999973805
Mk01-11-2,Mk01,11,2,0.5,28,3,4,0,C,0.5-N3-b4,12492887440836887057,2.819999997427658e-05,6,4,2,0,0,4,0.00023441480167986188,5.860370041996547e-05,5.860370041996547e-05,0.0034901999999874533
Mk01-11-2,Mk01,11,2,0.5,28,3,4,1,R0,0.5-N3-b4,14903743248634121572,3.229999992981902e-05,5,4,1,0,0,4,0.015558815093883101,0.0038897037734707753,0.0038897037734707753,0.0036751999999751206
Mk01-11-2,Mk01,11,2,0.5,28,3,4,1,R1,0.5-N3-b4,14903743248634121572,5.6699999959164415e-05,9,4,5,0,0,4,0.00017945055895366747,4.486263973841687e-05,4.486263973841687e-05,0.003571500000020933
Mk01-11-2,Mk01,11,2,0.5,28,3,4,1,S,0.5-N3-b4,14903743248634121572,3.049999997983832e-05,8,4,4,0,0,4,0.015558815093883101,0.0038897037734707753,0.0038897037734707753,0.0037656999999171603
Mk01-11-2,Mk01,11,2,0.5,28,3,4,1,A,0.5-N3-b4,14903743248634121572,2.949999998236308e-05,9,4,5,0,0,4,0.015558815093883101,0.0038897037734707753,0.0038897037734707753,0.003519600000004175
Mk01-11-2,Mk01,11,2,0.5,28,3,4,1,C,0.5-N3-b4,14903743248634121572,2.8499999984887836e-05,9,4,5,0,0,4,0.015558815093883101,0.0038897037734707753,0.0038897037734707753,0.00381989999993948
Mk01-11-2,Mk01,11,2,0.5,28,3,4,2,R0,0.5-N3-b4,9111619812348755989,3.759999992780649e-05,14,4,10,0,0,4,0.00038024746103774293,9.506186525943573e-05,9.506186525943573e-05,0.0037214000000176384
Mk01-11-2,Mk01,11,2,0.5,28,3,4,2,R1,0.5-N3-b4,9111619812348755989,5.03999999637017e-05,7,4,3,0,0,4,0.000515608379339394,0.0001289020948348485,0.0001289020948348485,0.0035502000000633416
Mk01-11-2,Mk01,11,2,0.5,28,3,4,2,S,0.5-N3-b4,9111619812348755989,2.6999999931831553e-05,9,4,5,0,0,4,0.0,0.0,0.0,0.0035854999999855863
Mk01-11-2,Mk01,11,2,0.5,28,3,4,2,A,0.5-N3-b4,9111619812348755989,2.7899999963665323e-05,15,4,11,0,0,4,0.005390043807907745,0.0013475109519769362,0.0013475109519769362,0.003958399999987705
Mk01-11-2,Mk01,11,2,0.5,28,3,4,2,C,0.5-N3-b4,9111619812348755989,5.3999999977349944e-05,10,4,6,0,0,4,0.0004257493720287841,0.00010643734300719602,0.00010643734300719602,0.003728599999931248
Mk01-11-2,Mk01,11,2,0.5,28,3,4,3,R0,0.5-N3-b4,10804770111336748039,3.729999991719524e-05,5,4,1,0,0,4,0.015558815093883101,0.0038897037734707753,0.0038897037734707753,0.0034877000000506087
Mk01-11-2,Mk01,11,2,0.5,28,3,4,3,R1,0.5-N3-b4,10804770111336748039,6.629999995766411e-05,12,4,8,0,0,4,0.01462686876088404,0.00365671719022101,0.00365671719022101,0.0036235000000033324
Mk01-11-2,Mk01,11,2,0.5,28,3,4,3,S,0.5-N3-b4,10804770111336748039,2.7099999897473026e-05,10,4,5,0,1,4,0.015558815093883101,0.0038897037734707753,0.0038897037734707753,0.00394430000005741
Mk01-11-2,Mk01,11,2,0.5,28,3,4,3,A,0.5-N3-b4,10804770111336748039,4.720000003999303e-05,7,4,2,0,1,4,0.015558815093883101,0.0038897037734707753,0.0038897037734707753,0.004013299999996889
Mk01-11-2,Mk01,11,2,0.5,28,3,4,3,C,0.5-N3-b4,10804770111336748039,3.59000000571541e-05,11,4,6,0,1,4,0.015558815093883101,0.0038897037734707753,0.0038897037734707753,0.003624900000090747
Mk01-11-2,Mk01,11,2,0.5,28,3,8,0,R0,0.5-N3-b8,12492887440836887057,3.529999992224475e-05,11,8,3,0,0,8,0.005843580102618552,0.000730447512827319,0.000730447512827319,0.0070245000000568325
Mk01-11-2,Mk01,11,2,0.5,28,3,8,0,R1,0.5-N3-b8,12492887440836887057,5.2699999969263445e-05,12,8,4,0,0,8,0.0004257493720287841,5.321867150359801e-05,5.321867150359801e-05,0.007055199999967954
Mk01-11-2,Mk01,11,2,0.5,28,3,8,0,S,0.5-N3-b8,12492887440836887057,3.5600000046542846e-05,14,8,6,0,0,8,0.005843580102618552,0.000730447512827319,0.000730447512827319,0.00663560000009511
Mk01-11-2,Mk01,11,2,0.5,28,3,8,0,A,0.5-N3-b8,12492887440836887057,5.3200000024844485e-05,12,8,4,0,0,8,0.0014869319309726032,0.0001858664913715754,0.0001858664913715754,0.007258699999965756
Mk01-11-2,Mk01,11,2,0.5,28,3,8,0,C,0.5-N3-b8,12492887440836887057,3.529999992224475e-05,13,8,5,0,0,8,0.0014869319309726032,0.0001858664913715754,0.0001858664913715754,0.006681300000082047
Mk01-11-2,Mk01,11,2,0.5,28,3,8,1,R0,0.5-N3-b8,14903743248634121572,3.519999995660328e-05,14,8,6,0,0,8,0.015558815093883101,0.0019448518867353876,0.0019448518867353876,0.007104400000002897
Mk01-11-2,Mk01,11,2,0.5,28,3,8,1,R1,0.5-N3-b8,14903743248634121572,6.180000002586894e-05,18,8,10,0,0,8,0.012897390453549934,0.0016121738066937417,0.0016121738066937417,0.006935199999929864
Mk01-11-2,Mk01,11,2,0.5,28,3,8,1,S,0.5-N3-b8,14903743248634121572,2.9700000027332862e-05,14,8,6,0,0,8,0.015558815093883101,0.0019448518867353876,0.0019448518867353876,0.0076765000000023065
Mk01-11-2,Mk01,11,2,0.5,28,3,8,1,A,0.5-N3-b8,14903743248634121572,5.2299999993010715e-05,16,8,8,0,0,8,0.01690246554722411,0.002112808193403014,0.002112808193403014,0.007177400000045964
Mk01-11-2,Mk01,11,2,0.5,28,3,8,1,C,0.5-N3-b8,14903743248634121572,3.90000000152213e-05,16,8,8,0,0,8,0.016514185641173948,0.0020642732051467435,0.0020642732051467435,0.007249000000001615
Mk01-11-2,Mk01,11,2,0.5,28,3,8,2,R0,0.5-N3-b8,9111619812348755989,4.55000000556538e-05,21,8,13,0,0,8,0.005390043807907745,0.0006737554759884681,0.0006737554759884681,0.007481799999936811
Mk01-11-2,Mk01,11,2,0.5,28,3,8,2,R1,0.5-N3-b8,9111619812348755989,6.229999996776314e-05,13,8,5,0,0,8,0.000515608379339394,6.445104741742425e-05,6.445104741742425e-05,0.010286500000006527
Mk01-11-2,Mk01,11,2,0.5,28,3,8,2,S,0.5-N3-b8,9111619812348755989,4.360000002634479e-05,14,8,6,0,0,8,0.00036824411659817924,4.6030514574772405e-05,4.6030514574772405e-05,0.007286399999998139
Mk01-11-2,Mk01,11,2,0.5,28,3,8,2,A,0.5-N3-b8,9111619812348755989,3.540000000157306e-05,21,8,12,0,1,8,0.005390043807907745,0.0006737554759884681,0.0006737554759884681,0.007473099999970145
Mk01-11-2,Mk01,11,2,0.5,28,3,8,2,C,0.5-N3-b8,9111619812348755989,4.149999995206599e-05,18,8,10,0,0,8,0.005390043807907745,0.0006737554759884681,0.0006737554759884681,0.007277900000076443
Mk01-11-2,Mk01,11,2,0.5,28,3,8,3,R0,0.5-N3-b8,10804770111336748039,4.1300000020783045e-05,13,8,4,0,1,8,0.015558815093883101,0.0019448518867353876,0.0019448518867353876,0.007178400000043439
Mk01-11-2,Mk01,11,2,0.5,28,3,8,3,R1,0.5-N3-b8,10804770111336748039,6.870000004255417e-05,30,8,20,0,2,8,0.01462686876088404,0.001828358595110505,0.001828358595110505,0.00786229999994248
Mk01-11-2,Mk01,11,2,0.5,28,3,8,3,S,0.5-N3-b8,10804770111336748039,3.6900000054629345e-05,17,8,7,0,2,8,0.015558815093883101,0.0019448518867353876,0.0019448518867353876,0.007346499999925982
Mk01-11-2,Mk01,11,2,0.5,28,3,8,3,A,0.5-N3-b8,10804770111336748039,5.469999996421393e-05,16,8,7,0,1,8,0.016617000410956234,0.0020771250513695293,0.0020771250513695293,0.007353199999897697
Mk01-11-2,Mk01,11,2,0.5,28,3,8,3,C,0.5-N3-b8,10804770111336748039,3.659999993033125e-05,22,8,12,0,2,8,0.016514185641173948,0.0020642732051467435,0.0020642732051467435,0.0073780999999826236
Mk01-11-2,Mk01,11,2,0.5,28,4,4,0,R0,0.5-N4-b4,1909171796402040684,3.90000000152213e-05,2,2,0,0,0,4,0.0,0.0,0.0,0.003587799999991148
Mk01-11-2,Mk01,11,2,0.5,28,4,4,0,R1,0.5-N4-b4,1909171796402040684,6.559999997080013e-05,2,1,1,0,0,3,0.0,0.0,0.0,0.0020665999999209816
Mk01-11-2,Mk01,11,2,0.5,28,4,4,0,S,0.5-N4-b4,1909171796402040684,2.9400000016721606e-05,2,1,1,0,0,3,0.0,0.0,0.0,0.0022230000000718064
Mk01-11-2,Mk01,11,2,0.5,28,4,4,0,A,0.5-N4-b4,1909171796402040684,3.0999999921732524e-05,2,1,1,0,0,3,0.0,0.0,0.0,0.002189799999996467
Mk01-11-2,Mk01,11,2,0.5,28,4,4,0,C,0.5-N4-b4,1909171796402040684,3.519999995660328e-05,2,1,1,0,0,3,0.0,0.0,0.0,0.0021949000000631713
Mk01-11-2,Mk01,11,2,0.5,28,4,4,1,R0,0.5-N4-b4,16485178637333941201,3.870000000461005e-05,2,1,1,0,0,3,0.0,0.0,0.0,0.0021338000000241664
Mk01-11-2,Mk01,11,2,0.5,28,4,4,1,R1,0.5-N4-b4,16485178637333941201,5.2299999993010715e-05,2,2,0,0,0,4,0.0,0.0,0.0,0.003012399999988702
Mk01-11-2,Mk01,11,2,0.5,28,4,4,1,S,0.5-N4-b4,16485178637333941201,5.0600000008671486e-05,2,2,0,0,0,4,0.0,0.0,0.0,0.0030289999999695283
Mk01-11-2,Mk01,11,2,0.5,28,4,4,1,A,0.5-N4-b4,16485178637333941201,3.779999997277628e-05,3,0,3,0,0,3,0.0,0.0,0.0,0.0018936999999823456
Mk01-11-2,Mk01,11,2,0.5,28,4,4,1,C,0.5-N4-b4,16485178637333941201,3.100000003541936e-05,2,2,0,0,0,4,0.0,0.0,0.0,0.002985999999964406
Mk01-11-2,Mk01,11,2,0.5,28,4,4,2,R0,0.5-N4-b4,9649528631405097669,3.440000000409782e-05,2,1,1,0,0,3,0.0,0.0,0.0,0.0020961000000170316
Mk01-11-2,Mk01,11,2,0.5,28,4,4,2,R1,0.5-N4-b4,9649528631405097669,4.720000003999303e-05,2,1,1,0,0,3,8.15429125694371e-05,2.7180970856479036e-05,2.0385728142359276e-05,0.002115799999955925
Mk01-11-2,Mk01,11,2,0.5,28,4,4,2,S,0.5-N4-b4,9649528631405097669,2.7999999929306796e-05,2,2,0,0,0,4,8.15429125694371e-05,2.0385728142359276e-05,2.0385728142359276e-05,0.002940500000022439
Mk01-11-2,Mk01,11,2,0.5,28,4,4,2,A,0.5-N4-b4,9649528631405097669,3.3300000040981104e-05,2,2,0,0,0,4,8.15429125694371e-05,2.0385728142359276e-05,2.0385728142359276e-05,0.002947100000028513
Mk01-11-2,Mk01,11,2,0.5,28,4,4,2,C,0.5-N4-b4,9649528631405097669,3.079999999044958e-05,2,2,0,0,0,4,8.15429125694371e-05,2.0385728142359276e-05,2.0385728142359276e-05,0.0029117999999925814
Mk01-11-2,Mk01,11,2,0.5,28,4,4,3,R0,0.5-N4-b4,10684965003007977825,4.010000009202486e-05,2,1,1,0,0,3,0.0,0.0,0.0,0.002120300000001407
Mk01-11-2,Mk01,11,2,0.5,28,4,4,3,R1,0.5-N4-b4,10684965003007977825,4.7100000074351556e-05,2,1,1,0,0,3,0.0,0.0,0.0,0.0020568999999568405
Mk01-11-2,Mk01,11,2,0.5,28,4,4,3,S,0.5-N4-b4,10684965003007977825,2.6599999955578824e-05,3,1,2,0,0,4,0.0,0.0,0.0,0.002724199999988741
Mk01-11-2,Mk01,11,2,0.5,28,4,4,3,A,0.5-N4-b4,10684965003007977825,2.7100000011159864e-05,2,1,1,0,0,3,0.0,0.0,0.0,0.002059599999938655
Mk01-11-2,Mk01,11,2,0.5,28,4,4,3,C,0.5-N4-b4,10684965003007977825,3.5499999967214535e-05,2,1,1,0,0,3,0.0,0.0,0.0,0.002126200000020617
Mk01-11-2,Mk01,11,2,0.5,28,4,8,0,R0,0.5-N4-b8,1909171796402040684,3.709999998591229e-05,4,3,1,0,0,7,0.0,0.0,0.0,0.0050579999999627034
Mk01-11-2,Mk01,11,2,0.5,28,4,8,0,R1,0.5-N4-b8,1909171796402040684,5.51000000541535e-05,4,3,1,0,0,7,0.0,0.0,0.0,0.005871399999932692
Mk01-11-2,Mk01,11,2,0.5,28,4,8,0,S,0.5-N4-b8,1909171796402040684,8.76000000289423e-05,5,3,2,0,0,8,0.0,0.0,0.0,0.007342200000039156
Mk01-11-2,Mk01,11,2,0.5,28,4,8,0,A,0.5-N4-b8,1909171796402040684,3.830000002835732e-05,4,3,1,0,0,7,0.0,0.0,0.0,0.004698599999983344
Mk01-11-2,Mk01,11,2,0.5,28,4,8,0,C,0.5-N4-b8,1909171796402040684,2.7100000011159864e-05,4,3,1,0,0,7,0.0,0.0,0.0,0.004663700000037352
Mk01-11-2,Mk01,11,2,0.5,28,4,8,1,R0,0.5-N4-b8,16485178637333941201,3.179999998792482e-05,5,2,1,0,2,7,0.0,0.0,0.0,0.005022499999995489
Mk01-11-2,Mk01,11,2,0.5,28,4,8,1,R1,0.5-N4-b8,16485178637333941201,5.830000009154901e-05,5,2,2,0,1,7,0.0,0.0,0.0,0.004484400000023925
Mk01-11-2,Mk01,11,2,0.5,28,4,8,1,S,0.5-N4-b8,16485178637333941201,2.910000000611035e-05,4,3,0,0,1,7,0.0,0.0,0.0,0.004714300000046023
Mk01-11-2,Mk01,11,2,0.5,28,4,8,1,A,0.5-N4-b8,16485178637333941201,2.6299999944967567e-05,6,1,5,0,0,7,0.0,0.0,0.0,0.004976800000008552
Mk01-11-2,Mk01,11,2,0.5,28,4,8,1,C,0.5-N4-b8,16485178637333941201,7.320000008803618e-05,4,3,0,0,1,7,0.0,0.0,0.0,0.005028000000038446
Mk01-11-2,Mk01,11,2,0.5,28,4,8,2,R0,0.5-N4-b8,9649528631405097669,3.46000000490676e-05,6,2,4,0,0,8,0.0,0.0,0.0,0.005192000000079133
Mk01-11-2,Mk01,11,2,0.5,28,4,8,2,R1,0.5-N4-b8,9649528631405097669,4.809999995813996e-05,4,3,1,0,0,7,8.15429125694371e-05,1.1648987509919586e-05,1.0192864071179638e-05,0.005139099999951213
Mk01-11-2,Mk01,11,2,0.5,28,4,8,2,S,0.5-N4-b8,9649528631405097669,3.660000004401809e-05,4,3,1,0,0,7,8.15429125694371e-05,1.1648987509919586e-05,1.0192864071179638e-05,0.004854000000023007
Mk01-11-2,Mk01,11,2,0.5,28,4,8,2,A,0.5-N4-b8,9649528631405097669,2.920000008543866e-05,4,3,1,0,0,7,8.15429125694371e-05,1.1648987509919586e-05,1.0192864071179638e-05,0.004884000000060951
Mk01-11-2,Mk01,11,2,0.5,28,4,8,2,C,0.5-N4-b8,9649528631405097669,2.610000001368462e-05,4,3,1,0,0,7,8.15429125694371e-05,1.1648987509919586e-05,1.0192864071179638e-05,0.00493949999997767
Mk01-11-2,Mk01,11,2,0.5,28,4,8,3,R0,0.5-N4-b8,10684965003007977825,0.00010930000007647322,5,3,2,0,0,8,0.0,0.0,0.0,0.006804299999998875
Mk01-11-2,Mk01,11,2,0.5,28,4,8,3,R1,0.5-N4-b8,10684965003007977825,6.339999993087986e-05,5,3,1,0,1,8,0.0,0.0,0.0,0.005288399999926696
Mk01-11-2,Mk01,11,2,0.5,28,4,8,3,S,0.5-N4-b8,10684965003007977825,2.8799999995499093e-05,5,2,3,0,0,7,0.0,0.0,0.0,0.004886699999929078
Mk01-11-2,Mk01,11,2,0.5,28,4,8,3,A,0.5-N4-b8,10684965003007977825,3.8199999949029007e-05,5,2,3,0,0,7,0.0,0.0,0.0,0.004645899999900394
Mk01-11-2,Mk01,11,2,0.5,28,4,8,3,C,0.5-N4-b8,10684965003007977825,2.6999999931831553e-05,5,3,2,0,0,8,0.0,0.0,0.0,0.005272200000035809
Mk01-11-2,Mk01,11,2,0.5,28,5,4,0,R0,0.5-N5-b4,5308941533164246530,3.269999990607175e-05,9,4,5,0,0,4,0.0,0.0,0.0,0.003342700000075638
Mk01-11-2,Mk01,11,2,0.5,28,5,4,0,R1,0.5-N5-b4,5308941533164246530,9.550000004310277e-05,6,4,2,0,0,4,0.0,0.0,0.0,0.0037641000000121494
Mk01-11-2,Mk01,11,2,0.5,28,5,4,0,S,0.5-N5-b4,5308941533164246530,3.5600000046542846e-05,6,4,2,0,0,4,0.0,0.0,0.0,0.003286499999944681
Mk01-11-2,Mk01,11,2,0.5,28,5,4,0,A,0.5-N5-b4,5308941533164246530,2.8699999916170782e-05,7,4,3,0,0,4,3.281807223515232e-05,8.20451805878808e-06,8.20451805878808e-06,0.00330830000007154
Mk01-11-2,Mk01,11,2,0.5,28,5,4,0,C,0.5-N5-b4,5308941533164246530,2.4599999960628338e-05,7,4,3,0,0,4,0.0,0.0,0.0,0.003303999999957341
Mk01-11-2,Mk01,11,2,0.5,28,5,4,1,R0,0.5-N5-b4,7304291342937030975,3.219999996417755e-05,7,4,3,0,0,4,0.0,0.0,0.0,0.0037886000000071363
Mk01-11-2,Mk01,11,2,0.5,28,5,4,1,R1,0.5-N5-b4,7304291342937030975,6.12999999702879e-05,8,4,4,0,0,4,3.281807223515232e-05,8.20451805878808e-06,8.20451805878808e-06,0.003656699999964985
Mk01-11-2,Mk01,11,2,0.5,28,5,4,1,S,0.5-N5-b4,7304291342937030975,3.0700000024808105e-05,8,4,4,0,0,4,3.281807223515232e-05,8.20451805878808e-06,8.20451805878808e-06,0.003307999999947242
Mk01-11-2,Mk01,11,2,0.5,28,5,4,1,A,0.5-N5-b4,7304291342937030975,2.7499999987412593e-05,12,4,8,0,0,4,0.0,0.0,0.0,0.0034167000000024927
Mk01-11-2,Mk01,11,2,0.5,28,5,4,1,C,0.5-N5-b4,7304291342937030975,2.510000001620938e-05,8,4,4,0,0,4,3.281807223515232e-05,8.20451805878808e-06,8.20451805878808e-06,0.0033180000000356813
Mk01-11-2,Mk01,11,2,0.5,28,5,4,2,R0,0.5-N5-b4,3888639006724633970,3.0700000024808105e-05,5,4,1,0,0,4,0.006625514752245444,0.001656378688061361,0.001656378688061361,0.0041662999999516614
Mk01-11-2,Mk01,11,2,0.5,28,5,4,2,R1,0.5-N5-b4,3888639006724633970,6.280000002334418e-05,17,4,13,0,0,4,0.00657221440918993,0.0016430536022974825,0.0016430536022974825,0.0035212000000228727
Mk01-11-2,Mk01,11,2,0.5,28,5,4,2,S,0.5-N5-b4,3888639006724633970,2.6299999944967567e-05,5,4,1,0,0,4,0.006625514752245444,0.001656378688061361,0.001656378688061361,0.003270300000053794
Mk01-11-2,Mk01,11,2,0.5,28,5,4,2,A,0.5-N5-b4,3888639006724633970,2.6400000024295878e-05,9,4,5,0,0,4,0.00657221440918993,0.0016430536022974825,0.0016430536022974825,0.0034570000000258005
Mk01-11-2,Mk01,11,2,0.5,28,5,4,2,C,0.5-N5-b4,3888639006724633970,2.4800000005598122e-05,9,4,5,0,0,4,0.00657221440918993,0.0016430536022974825,0.0016430536022974825,0.003788299999996525
Mk01-11-2,Mk01,11,2,0.5,28,5,4,3,R0,0.5-N5-b4,7473590128666060648,3.830000002835732e-05,8,4,4,0,0,4,0.007601144806239581,0.0019002862015598952,0.0019002862015598952,0.003574400000047717
Mk01-11-2,Mk01,11,2,0.5,28,5,4,3,R1,0.5-N5-b4,7473590128666060648,5.239999995865219e-05,9,4,5,0,0,4,0.0,0.0,0.0,0.003464200000053097
Mk01-11-2,Mk01,11,2,0.5,28,5,4,3,S,0.5-N5-b4,7473590128666060648,2.7300000056129647e-05,12,4,8,0,0,4,0.006030211985219089,0.0015075529963047723,0.0015075529963047723,0.0035670999999410924
Mk01-11-2,Mk01,11,2,0.5,28,5,4,3,A,0.5-N5-b4,7473590128666060648,2.649999998993735e-05,11,4,7,0,0,4,0.007124909904327967,0.0017812274760819918,0.0017812274760819918,0.0038761999999223917
Mk01-11-2,Mk01,11,2,0.5,28,5,4,3,C,0.5-N5-b4,7473590128666060648,3.2400000009147334e-05,9,4,5,0,0,4,0.007124909904327967,0.0017812274760819918,0.0017812274760819918,0.003556399999979476
Mk01-11-2,Mk01,11,2,0.5,28,5,8,0,R0,0.5-N5-b8,5308941533164246530,3.390000006220362e-05,18,8,10,0,0,8,0.0,0.0,0.0,0.006983999999988555
Mk01-11-2,Mk01,11,2,0.5,28,5,8,0,R1,0.5-N5-b8,5308941533164246530,4.720000003999303e-05,14,8,6,0,0,8,0.0,0.0,0.0,0.007873499999959677
Mk01-11-2,Mk01,11,2,0.5,28,5,8,0,S,0.5-N5-b8,5308941533164246530,3.920000006019109e-05,11,8,3,0,0,8,0.0,0.0,0.0,0.006866300000069714
Mk01-11-2,Mk01,11,2,0.5,28,5,8,0,A,0.5-N5-b8,5308941533164246530,3.050000009352516e-05,15,8,7,0,0,8,3.281807223515232e-05,4.10225902939404e-06,4.10225902939404e-06,0.007390399999962938
Mk01-11-2,Mk01,11,2,0.5,28,5,8,0,C,0.5-N5-b8,5308941533164246530,3.540000000157306e-05,13,8,5,0,0,8,0.0,0.0,0.0,0.006862599999976737
Mk01-11-2,Mk01,11,2,0.5,28,5,8,1,R0,0.5-N5-b8,7304291342937030975,3.649999996468978e-05,21,8,12,0,1,8,0.0,0.0,0.0,0.007379899999932604
Mk01-11-2,Mk01,11,2,0.5,28,5,8,1,R1,0.5-N5-b8,7304291342937030975,5.7999999967250915e-05,20,8,11,0,1,8,3.281807223515232e-05,4.10225902939404e-06,4.10225902939404e-06,0.0072874999999612555
Mk01-11-2,Mk01,11,2,0.5,28,5,8,1,S,0.5-N5-b8,7304291342937030975,3.689999994094251e-05,15,8,7,0,0,8,3.281807223515232e-05,4.10225902939404e-06,4.10225902939404e-06,0.006948800000031952
Mk01-11-2,Mk01,11,2,0.5,28,5,8,1,A,0.5-N5-b8,7304291342937030975,3.8200000062715844e-05,21,8,12,0,1,8,0.0,0.0,0.0,0.007258700000079443
Mk01-11-2,Mk01,11,2,0.5,28,5,8,1,C,0.5-N5-b8,7304291342937030975,3.5099999990961805e-05,14,8,6,0,0,8,3.281807223515232e-05,4.10225902939404e-06,4.10225902939404e-06,0.007003499999996166
Mk01-11-2,Mk01,11,2,0.5,28,5,8,2,R0,0.5-N5-b8,3888639006724633970,3.619999995407852e-05,11,8,1,0,2,8,0.006625514752245444,0.0008281893440306805,0.0008281893440306805,0.007088899999985188
Mk01-11-2,Mk01,11,2,0.5,28,5,8,2,R1,0.5-N5-b8,3888639006724633970,6.590000009509822e-05,28,8,20,0,0,8,0.00657221440918993,0.0008215268011487413,0.0008215268011487413,0.007166000000097483
Mk01-11-2,Mk01,11,2,0.5,28,5,8,2,S,0.5-N5-b8,3888639006724633970,2.8100000008635106e-05,12,8,2,0,2,8,0.006625514752245444,0.0008281893440306805,0.0008281893440306805,0.006931399999984933
Mk01-11-2,Mk01,11,2,0.5,28,5,8,2,A,0.5-N5-b8,3888639006724633970,3.479999998035055e-05,18,8,10,0,0,8,0.00657221440918993,0.0008215268011487413,0.0008215268011487413,0.007022500000061882
Mk01-11-2,Mk01,11,2,0.5,28,5,8,2,C,0.5-N5-b8,3888639006724633970,3.1100000001060835e-05,18,8,10,0,0,8,0.00657221440918993,0.0008215268011487413,0.0008215268011487413,0.007070799999951305
Mk01-11-2,Mk01,11,2,0.5,28,5,8,3,R0,0.5-N5-b8,7473590128666060648,3.870000000461005e-05,15,8,6,0,1,8,0.007601144806239581,0.0009501431007799476,0.0009501431007799476,0.007044500000006337
Mk01-11-2,Mk01,11,2,0.5,28,5,8,3,R1,0.5-N5-b8,7473590128666060648,5.119999991620716e-05,14,8,6,0,0,8,0.006030211985219089,0.0007537764981523862,0.0007537764981523862,0.00715509999997721
Mk01-11-2,Mk01,11,2,0.5,28,5,8,3,S,0.5-N5-b8,7473590128666060648,3.8199999949029007e-05,20,8,11,0,1,8,0.006030211985219089,0.0007537764981523862,0.0007537764981523862,0.006958599999961734
Mk01-11-2,Mk01,11,2,0.5,28,5,8,3,A,0.5-N5-b8,7473590128666060648,2.9700000027332862e-05,21,8,11,0,2,8,0.007124909904327967,0.0008906137380409959,0.0008906137380409959,0.007251600000017788
Mk01-11-2,Mk01,11,2,0.5,28,5,8,3,C,0.5-N5-b8,7473590128666060648,3.5499999967214535e-05,17,8,8,0,1,8,0.007124909904327967,0.0008906137380409959,0.0008906137380409959,0.007084399999939706
Mk01-11-2,Mk01,11,2,0.5,28,6,4,0,R0,0.5-N6-b4,1290907027727360302,3.700000002027082e-05,3,0,3,0,0,3,0.0,0.0,0.0,0.001845900000034817
Mk01-11-2,Mk01,11,2,0.5,28,6,4,0,R1,0.5-N6-b4,1290907027727360302,4.5999999997548e-05,3,0,3,0,0,3,0.0,0.0,0.0,0.0018737999999984822
Mk01-11-2,Mk01,11,2,0.5,28,6,4,0,S,0.5-N6-b4,1290907027727360302,2.6099999899997783e-05,2,1,0,0,1,3,0.006030211985219089,0.0020100706617396965,0.0015075529963047723,0.0022073999999747684
Mk01-11-2,Mk01,11,2,0.5,28,6,4,0,A,0.5-N6-b4,1290907027727360302,2.859999995052931e-05,2,1,0,0,1,3,0.006030211985219089,0.0020100706617396965,0.0015075529963047723,0.002304699999967852
Mk01-11-2,Mk01,11,2,0.5,28,6,4,0,C,0.5-N6-b4,1290907027727360302,3.1100000001060835e-05,2,1,0,0,1,3,0.006030211985219089,0.0020100706617396965,0.0015075529963047723,0.002261099999941507
Mk01-11-2,Mk01,11,2,0.5,28,6,4,1,R0,0.5-N6-b4,9196790331647036031,3.319999996165279e-05,2,1,0,0,1,3,0.006030211985219089,0.0020100706617396965,0.0015075529963047723,0.002022600000032071
Mk01-11-2,Mk01,11,2,0.5,28,6,4,1,R1,0.5-N6-b4,9196790331647036031,6.180000002586894e-05,3,0,3,0,0,3,0.0,0.0,0.0,0.0018192999999655513
Mk01-11-2,Mk01,11,2,0.5,28,6,4,1,S,0.5-N6-b4,9196790331647036031,2.6199999979326094e-05,2,1,0,0,1,3,0.006030211985219089,0.0020100706617396965,0.0015075529963047723,0.002070499999945241
Mk01-11-2,Mk01,11,2,0.5,28,6,4,1,A,0.5-N6-b4,9196790331647036031,2.6400000024295878e-05,2,1,0,0,1,3,0.006030211985219089,0.0020100706617396965,0.0015075529963047723,0.0020630999999866617
Mk01-11-2,Mk01,11,2,0.5,28,6,4,1,C,0.5-N6-b4,9196790331647036031,2.5499999992462108e-05,2,1,0,0,1,3,0.006030211985219089,0.0020100706617396965,0.0015075529963047723,0.00226610000004257
Mk01-11-2,Mk01,11,2,0.5,28,6,4,2,R0,0.5-N6-b4,10290392678083132537,3.2400000009147334e-05,3,0,3,0,0,3,0.0,0.0,0.0,0.0018227999998998712
Mk01-11-2,Mk01,11,2,0.5,28,6,4,2,R1,0.5-N6-b4,10290392678083132537,4.539999997632549e-05,3,0,3,0,0,3,0.0,0.0,0.0,0.0021141999999372274
Mk01-11-2,Mk01,11,2,0.5,28,6,4,2,S,0.5-N6-b4,10290392678083132537,3.079999999044958e-05,2,1,0,0,1,3,0.006030211985219089,0.0020100706617396965,0.0015075529963047723,0.0020266999999876134
Mk01-11-2,Mk01,11,2,0.5,28,6,4,2,A,0.5-N6-b4,10290392678083132537,2.7700000032382377e-05,2,1,0,0,1,3,0.006030211985219089,0.0020100706617396965,0.0015075529963047723,0.0020742000000382177
Mk01-11-2,Mk01,11,2,0.5,28,6,4,2,C,0.5-N6-b4,10290392678083132537,2.560000007179042e-05,2,1,0,0,1,3,0.006030211985219089,0.0020100706617396965,0.0015075529963047723,0.002112699999997858
Mk01-11-2,Mk01,11,2,0.5,28,6,4,3,R0,0.5-N6-b4,3085873471372343032,3.2400000009147334e-05,3,0,3,0,0,3,0.0,0.0,0.0,0.00189900000009402
Mk01-11-2,Mk01,11,2,0.5,28,6,4,3,R1,0.5-N6-b4,3085873471372343032,4.630000000815926e-05,3,0,3,0,0,3,0.0,0.0,0.0,0.0018671999999924083
Mk01-11-2,Mk01,11,2,0.5,28,6,4,3,S,0.5-N6-b4,3085873471372343032,2.6999999931831553e-05,2,1,0,0,1,3,0.006030211985219089,0.0020100706617396965,0.0015075529963047723,0.002089299999965988
Mk01-11-2,Mk01,11,2,0.5,28,6,4,3,A,0.5-N6-b4,3085873471372343032,2.610000001368462e-05,2,1,0,0,1,3,0.006030211985219089,0.0020100706617396965,0.0015075529963047723,0.002304999999978463
Mk01-11-2,Mk01,11,2,0.5,28,6,4,3,C,0.5-N6-b4,3085873471372343032,2.599999993435631e-05,2,1,0,0,1,3,0.006030211985219089,0.0020100706617396965,0.0015075529963047723,0.002342500000054315
Mk01-11-2,Mk01,11,2,0.5,28,6,8,0,R0,0.5-N6-b8,1290907027727360302,3.570000001218432e-05,7,0,7,0,0,7,0.0,0.0,0.0,0.004361599999924692
Mk01-11-2,Mk01,11,2,0.5,28,6,8,0,R1,0.5-N6-b8,1290907027727360302,5.620000001727021e-05,7,0,7,0,0,7,0.0,0.0,0.0,0.004341100000033293
Mk01-11-2,Mk01,11,2,0.5,28,6,8,0,S,0.5-N6-b8,1290907027727360302,2.729999994244281e-05,6,1,0,0,5,7,0.006030211985219089,0.0008614588550312984,0.0007537764981523862,0.004910300000005918
Mk01-11-2,Mk01,11,2,0.5,28,6,8,0,A,0.5-N6-b8,1290907027727360302,3.339999989293574e-05,6,1,0,0,5,7,0.006030211985219089,0.0008614588550312984,0.0007537764981523862,0.004869400000075075
Mk01-11-2,Mk01,11,2,0.5,28,6,8,0,C,0.5-N6-b8,1290907027727360302,3.570000001218432e-05,6,1,0,0,5,7,0.006030211985219089,0.0008614588550312984,0.0007537764981523862,0.004532999999923959
Mk01-11-2,Mk01,11,2,0.5,28,6,8,1,R0,0.5-N6-b8,9196790331647036031,3.4800000094037387e-05,6,1,0,0,5,7,0.006030211985219089,0.0008614588550312984,0.0007537764981523862,0.004570600000079139
Mk01-11-2,Mk01,11,2,0.5,28,6,8,1,R1,0.5-N6-b8,9196790331647036031,4.650000005312904e-05,7,0,7,0,0,7,0.0,0.0,0.0,0.004681399999981295
Mk01-11-2,Mk01,11,2,0.5,28,6,8,1,S,0.5-N6-b8,9196790331647036031,3.559999993285601e-05,6,1,0,0,5,7,0.006030211985219089,0.0008614588550312984,0.0007537764981523862,0.004530300000055831
Mk01-11-2,Mk01,11,2,0.5,28,6,8,1,A,0.5-N6-b8,9196790331647036031,2.6900000079876918e-05,6,1,0,0,5,7,0.006030211985219089,0.0008614588550312984,0.0007537764981523862,0.004506300000002739
Mk01-11-2,Mk01,11,2,0.5,28,6,8,1,C,0.5-N6-b8,9196790331647036031,2.6200000093012932e-05,6,1,0,0,5,7,0.006030211985219089,0.0008614588550312984,0.0007537764981523862,0.004558900000006361
Mk01-11-2,Mk01,11,2,0.5,28,6,8,2,R0,0.5-N6-b8,10290392678083132537,3.319999996165279e-05,7,0,7,0,0,7,0.0,0.0,0.0,0.004542000000014923
Mk01-11-2,Mk01,11,2,0.5,28,6,8,2,R1,0.5-N6-b8,10290392678083132537,5.5900000006658956e-05,7,0,7,0,0,7,0.0,0.0,0.0,0.004347400000028756
Mk01-11-2,Mk01,11,2,0.5,28,6,8,2,S,0.5-N6-b8,10290392678083132537,2.8299999939918052e-05,6,1,0,0,5,7,0.006030211985219089,0.0008614588550312984,0.0007537764981523862,0.004502600000023449
Mk01-11-2,Mk01,11,2,0.5,28,6,8,2,A,0.5-N6-b8,10290392678083132537,2.639999991060904e-05,6,1,0,0,5,7,0.006030211985219089,0.0008614588550312984,0.0007537764981523862,0.004975800000011077
Mk01-11-2,Mk01,11,2,0.5,28,6,8,2,C,0.5-N6-b8,10290392678083132537,3.6500000078376615e-05,6,1,0,0,5,7,0.006030211985219089,0.0008614588550312984,0.0007537764981523862,0.0044302999999672465
Mk01-11-2,Mk01,11,2,0.5,28,6,8,3,R0,0.5-N6-b8,3085873471372343032,3.5099999990961805e-05,7,0,7,0,0,7,0.0,0.0,0.0,0.004314099999987775
Mk01-11-2,Mk01,11,2,0.5,28,6,8,3,R1,0.5-N6-b8,3085873471372343032,4.68000000637403e-05,7,0,7,0,0,7,0.0,0.0,0.0,0.004325399999970614
Mk01-11-2,Mk01,11,2,0.5,28,6,8,3,S,0.5-N6-b8,3085873471372343032,4.1300000020783045e-05,6,1,0,0,5,7,0.006030211985219089,0.0008614588550312984,0.0007537764981523862,0.005236299999978655
Mk01-11-2,Mk01,11,2,0.5,28,6,8,3,A,0.5-N6-b8,3085873471372343032,3.939999999147403e-05,6,1,0,0,5,7,0.006030211985219089,0.0008614588550312984,0.0007537764981523862,0.004543899999930545
Mk01-11-2,Mk01,11,2,0.5,28,6,8,3,C,0.5-N6-b8,3085873471372343032,2.6699999921220297e-05,6,1,0,0,5,7,0.006030211985219089,0.0008614588550312984,0.0007537764981523862,0.004570100000023558
